Order ID,Date,Sender Name,Sender Email,Recipient Name,Recipient Phone,Recipient City,Restaurant,Total Items,Total Amount,Payment Method,Status,Item Details
SQNYxeSZtuNskVs07EnF,"Jan 13, 2026, 05:28 AM",Vikrant,vik_foodtoindia@yopmail.com,Kunal Kumar,,Muzaffarpur,La Pino'z Pizza,1,$7.25,,pending,Butter Chicken Pizza (Qty: 2)
J7DlOQriR7ONccB6r0dO,"Jan 12, 2026, 04:49 AM",Nancy Raj,raj.nancy@gmail.com,Louis Fernandes,,Hyderabad,CakeZone Patisserie,1,$7.87,,dispatched,Gulab Jamun Vanilla Cake - Chef's Special (Qty: 1)
iu8TFPib5bYRd1Ctj4EI,"Jan 11, 2026, 06:33 PM",raghav vadehra,raghavvadehra265@gmail.com,Rakesh vadehra,,Jalandhar,Yadav Chole Bhature,2,$4.19,,dispatched,"Chole Bhature [2 Bhature, 1 Plate] (Qty: 2); 2 Aloo Naan With Chana (Qty: 2)"
iBvC06KxQj27OVrJgkZL,"Jan 11, 2026, 06:06 PM",Raj H,raj.honnaya@gmail.com,Honnaya Valpadi,,Mangaluru,Sri Krishna Vilasa,6,$6.46,,dispatched,"Pineapple Sheera (Qty: 1); Sajigge Roti 1 (Qty: 2); Butter roti                           (Qty: 1); Aloo matar masala                                                                 (Qty: 1); Tea [ Flask 200 Ml, Serves 2] (Qty: 1); South Indian Meal (Qty: 1)"
GOS9RZ9asxdQ0cfgMapP,"Jan 11, 2026, 06:14 AM",Harsimarjit singh,harsimar6188jit@gmail.com,diksha ,,Ludhiana,Avvy's Pizza Point,2,$3.86,,dispatched,"8"" Double Cheese Margherita Pizza (Qty: 1); White sauce pasta (Qty: 1)"
XNR7QYroJb30ZCNmkm81,"Jan 11, 2026, 12:09 AM",Spoorthi Madan,spoorimad@gmail.com,Rishith ,,Bengaluru,The Dessert Zone,1,$9.05,,dispatched,Chocolate Truffle Heart Cake [Eggless] (Qty: 1)
Y4mqHJxdnsyLnhL60y3l,"Jan 10, 2026, 07:32 PM",raghav vadehra,raghavvadehra265@gmail.com,Rakesh vadehra,,Jalandhar,Lovely Sweets,3,$8.41,,dispatched,Mix Gachak 500 Gms (Qty: 1); Halwa Gajar Box (Qty: 1); Mungfali 800 Gms (Qty: 1)
MgunI4nePgYUPLSiaOya,"Jan 10, 2026, 07:20 PM",raghav vadehra,raghavvadehra265@gmail.com,Rakesh vadehra,,Jalandhar,Food Bazar,1,$2.86,,dispatched,Jalebi (Qty: 3)
ihyqoJYMlXmjH8sJgRMs,"Jan 10, 2026, 06:25 PM",raghav vadehra,raghavvadehra265@gmail.com,Rakesh vadehra,,Jalandhar,Sharma Snacks,1,$5.88,,dispatched,Samosa (Qty: 25)
K6Vt8VtrUJfENH3SnNZn,"Jan 10, 2026, 05:48 PM",Raj H,raj.honnaya@gmail.com,Honnaya Valpadi,,Mangaluru,Dinki dine - PADIL,6,$6.81,,dispatched,Onion Uttapam Dosa (Qty: 1); Goli Baje (Qty: 1); Tea (Qty: 1); Curd Rice (Qty: 1); Mini Thali [South Indian] (Qty: 1); Lemon Coriander Soup (Qty: 1)
mwdvsCVz2R3AR2hbAkPT,"Jan 10, 2026, 02:51 PM",raghav vadehra,raghavvadehra265@gmail.com,Rakesh vadehra,,Jalandhar,Empire Haveli Veg Dhaba,1,$9.42,,dispatched,Gobi Wala Naan (Qty: 8)
CPD3iuN7OXSw5Z4Inwqs,"Jan 10, 2026, 06:44 AM",avi,saphire.ratri@hotmail.com,avi,,Sahibzada Ajit Singh Nagar,Amrit Sweets Sector 79,1,$5.41,,dispatched,Gajrela Desi Ghee (Qty: 2)
8AJpqEN1Q0UR8fct6IRY,"Jan 10, 2026, 06:23 AM",avi,saphire.ratri@hotmail.com,avi,,Sahibzada Ajit Singh Nagar,Amrit Sweets Sector 79,3,$24.36,,dispatched,Gajrela Desi Ghee (Qty: 1); Alsi Pinni Desi Ghee (Qty: 1); Punjabi Panjiri (Qty: 1)
vSCwzkw1PjVfsaO7YVc6,"Jan 9, 2026, 10:28 PM",shiva k sudula,shivakumar.sudula@gmail.com,Mallesham Sudula,,Hanamkonda,Paradise Biryani,4,$27.53,,dispatched,Nizami Chicken Dum Biryani (Serves upto 2) (Qty: 1); Nizami Mutton Dum Biryani (Serves 1-2) (Qty: 1); Special Veg Dum Biryani (Serves 1-2) (Qty: 1); Non Veg Kebab Starter Pack (Qty: 1)
xKGHN4lrQ2npGYnp6qXf,"Jan 9, 2026, 09:44 PM",Anurag Khullar,kamikaur2007@gmail.com,radha rani,,Sahibzada Ajit Singh Nagar,Mohali De Parathe,1,$7.44,,dispatched,Aloo Prantha (Qty: 8)
BUzrIz2wjgYxIG4hh2fN,"Jan 9, 2026, 08:28 AM",Ilyas Mohammed,mohammedilyas121@gmail.com,Roman Ali,,Hyderabad,Paradise Biryani,1,$2.33,,dispatched,Irani Chai Kettle (Qty: 1)
goIgzA8dsAyJOoUeu9YJ,"Jan 9, 2026, 08:27 AM",Ilyas Mohammed,mohammedilyas121@gmail.com,Roman Ali,,Hyderabad,Paradise Biryani,2,$8.91,,dispatched,Mutton Haleem (Qty: 1); Mini chicken Dum Biryani (Serves - Small Hunger) (Qty: 2)
c5jygjAvCHHdVR0oqk7E,"Jan 8, 2026, 10:18 PM",Sandeep Kaur,sandhu.sandy10@gmail.com,Avtar Singh Parmar,,Phagwara,SAINI THALI POINT,1,$9.32,,dispatched,Matar paneer+3 Butter Roti (Qty: 4)
NfKzClBmqy0wuVHjglfN,"Jan 8, 2026, 09:24 PM",Madhuri Rapaka,madhuri.rap@gmail.com,Anurag Konda,,Hyderabad,Pista House,5,$57.63,,dispatched,Double Ka Meetha (Qty: 4); Gongura Mutton (Qty: 1); Zafrani Mutton Biryani Family Pack (Qty: 1); Chicken Platter (Qty: 1); Zafrani Chicken 65 Biryani Family Pack (Qty: 1)
3LqBaRTHnrWZGQ4guiAE,"Jan 8, 2026, 07:46 PM",Raj H,raj.honnaya@gmail.com,Honnaya Valpadi,,Mangaluru,The Narayan Cafe,2,$1.88,,dispatched,Tea (Qty: 1); Rava Idli - Mini Dosa Combo (Qty: 1)
6Yn9LMvIhsqGbaCBkoTf,"Jan 8, 2026, 07:49 AM",Poojitha Arangam,pooji369a@gmail.com,Naga Kiran Varanasi,,Bengaluru,McDonald's,2,$5.99,,dispatched,Chicken Maharaja Mac Burger (Qty: 1); Big Spicy Chicken Wrap (Qty: 1)
PJ1YVk45uE1fj4Z3ab9o,"Jan 7, 2026, 09:14 PM",Harsimarjit singh,harsimar6188jit@gmail.com,diksha ,,Ludhiana,B Seven Fine Dine By Basant,1,$1.71,,dispatched,Chef Special Soup (Qty: 1)
Aun9vVC7SiRn2KJ5l8T4,"Jan 7, 2026, 09:58 AM",Mashaal Sheik,mashaal.sheik@gmail.com,Rumana,,Kundapura,Mahalakshmi Cafe - M Cafe,3,$7.42,,dispatched,Gobi Manchurian Dry (Qty: 1); Aloo Tikki Cheese Burger (Qty: 1); Prawns Tawa (Qty: 1)
fC3sC0A0rAS5uEl0OuKN,"Jan 7, 2026, 05:53 AM",V Rajendran,vrajendran.gulfjobs82@gmail.com,Dhananjayan Govindharajulu,,Peelamedu,Nagerkovil Arya Bhavan,11,$36.00,,dispatched,Butter Roti (Qty: 3); Butter Naan (Qty: 3); Poori (Qty: 2); Mushroom Manchurian Gravy (Qty: 1); Sweetcorn And Golden Garlic Rice (Qty: 1); Chappathi 2 Nos (Qty: 2); Mushroom Kothu Parotta (Qty: 1); Parotta 2 Nos (Qty: 1); Chilli Basil Noodles (Qty: 1); Kadai Baby Corn Masala (Qty: 1); Idly(2pcs) (Qty: 3)
9pXPJEMVfXq9b59TQPfe,"Jan 6, 2026, 09:52 PM",Priya Krishnamurthy,priya.krishnamurthyps@gmail.com,krishnamurthy ,,Coimbatore,Covai ANGANAN Biriyani House- Since 1926,7,$31.39,,dispatched,Mutton Biriyani (Qty: 2); Parotta (1 Pc) (Qty: 4); Chicken Chettinadu Gravy (Qty: 1); Kaadai Pepper Roast (Qty: 1); Chicken Biriyani (Qty: 1); Chicken Lollipop (Qty: 1); Vanjaram Fish Fry (Qty: 1)
q3EMJ6SROUvxH665fr6m,"Jan 6, 2026, 07:22 PM",Raj H,raj.honnaya@gmail.com,Honnaya Valpadi,,Mangaluru,Dinki Dine,6,$6.31,,dispatched,Mixed Veg Pulao (Qty: 1); Pineapple Sheera (Qty: 1); Poori Bhaji (Qty: 1); Masala Tea (Qty: 1); Chapati (2) with Koorma (Qty: 1); Paneer Pulimunchi (Qty: 1)
Jul4qYYvZFfADiNW2VM4,"Jan 5, 2026, 11:43 PM",Jennifer Naraja,jennifernaraja727@gmail.com,Vishal Jain,,Ajmer,Sol House Cafe,2,$5.41,,dispatched,Chocolate Brownie Frappe (Qty: 1); Aglio Olio Pasta (Qty: 1)
NEl8s4sszMz2gytGrjTT,"Jan 5, 2026, 09:59 PM",Ilyas Mohammed,mohammedilyas121@gmail.com,Roman Ali,,Hyderabad,Zaheer Juice Center,4,$5.94,,dispatched,Strawberry (Qty: 1); Annar (Qty: 1); Watermelon (Qty: 1); Dry Fruit  Zalzala (Qty: 1)
KYYOQdleUf57Ptj3lWpw,"Jan 5, 2026, 09:45 PM",raghav vadehra,raghavvadehra265@gmail.com,Rakesh vadehra,,Jalandhar,New Parkash Ice Cream,2,$2.24,,dispatched,Khoya Malai Kulfi (Qty: 3); Khoya Malai Sugar Free Kulfi (Qty: 1)
YDvGE7tyaDEM1wyTLH7N,"Jan 5, 2026, 09:41 PM",raghav vadehra,raghavvadehra265@gmail.com,Rakesh vadehra,,Jalandhar,Lovely Sweets,1,$2.58,,dispatched,Ladoo Double Tasty Motichoor  Box (Qty: 1)
RIthv3aCNGzIk8I8giL7,"Jan 5, 2026, 08:41 PM",Arvind Naidu,arvind.raj.naidu@gmail.com,Anjiah Naidu,,Chennai,Madras Paya House,4,$13.97,,dispatched,Parotta(2) (Qty: 2); Mutton Pepper Chukka - Boneless (Qty: 1); Kozhi Milagu Varuval - Boneless (Qty: 1); Mutton Paya (Qty: 1)
0bwt5ootQW28CJE8L6zm,"Jan 5, 2026, 06:25 PM",Raj H,raj.honnaya@gmail.com,Honnaya Valpadi,,Mangaluru,Dinki Dine,6,$8.66,,dispatched, Veg Noodles (Qty: 1); Gobi 65 (Qty: 1); Rava Dosa (Qty: 2); Tea (Qty: 1); Chapati (2) with Mushroom Masala (Qty: 1); Fried Rice with Manchurian Gravy (Qty: 1)
V95cZnxgjPoxIdzrPnuX,"Jan 4, 2026, 07:22 PM",Raj H,raj.honnaya@gmail.com,Honnaya Valpadi,,Mangaluru,Sri Krishna Vilasa,6,$7.99,,dispatched,"Semige Plate(2) (Qty: 1); Veg Pulav (Qty: 1); Roti                          (Qty: 2); Tea [ Flask 200 Ml, Serves 2] (Qty: 1); Bhindi Fry (Qty: 1); South Indian Meal (Qty: 1)"
2Ujo5vPwQyuiaOSg070p,"Jan 4, 2026, 07:16 PM",Amruthavarshini Jayapragasam,amruthavarshutj21@gmail.com,Subramani,,Bengaluru,CakeZone Patisserie,1,$7.29,,dispatched,Chocolate Heart Truffle Cake (Qty: 1)
XJOoE4YsAaT6wJ8CK5qR,"Jan 3, 2026, 10:39 PM",Poojitha Arangam,pooji369a@gmail.com,Naga Kiran Varanasi,,Bengaluru,Magnolia Bakery,2,$7.89,,dispatched,Chocolate Cake with Chocolate Buttercream Cake Slice (Qty: 1); CLASSIC TRES LECHES (Qty: 1)
RDvsSEMArHWEt2MqFhUx,"Jan 3, 2026, 10:39 PM",Amruthavarshini Jayapragasam,amruthavarshutj21@gmail.com,Subramani,,Bengaluru,Thalairaj Biryani,1,$3.52,,dispatched,Kebab Biryani (650 gms) (Qty: 1)
kFqsXKvRdRCiJBeGKWWv,"Jan 3, 2026, 10:51 AM",Diya Prajapati,diyap445599@gmail.com,Deep ,,Vadodara,Domino's Pizza,2,$7.85,,pending,Choco Lava Cake (Qty: 1); Peppy Paneer Cheese Burst (Qty: 1)
4DWg9qbHEg0E6VHBtNmY,"Jan 3, 2026, 09:09 AM",Eren Jaeger,erenjaeger2k4@gmail.com,Harjeet Kaur,,Jalandhar,VPR Chennai Special,1,$3.06,,dispatched,Paneer Uttapam (Qty: 1)
OhPwmoVZoz1n8Sj6doos,"Jan 2, 2026, 06:33 PM",Raj H,raj.honnaya@gmail.com,Honnaya Valpadi,,Mangaluru,Hotel Narayana,3,$9.89,,dispatched,King Fish Tawa Fry (Anjal) (Qty: 2); Fish Curry Meals (Boiled Rice) (Qty: 1); Veg Meals(White Rice) (Qty: 1)
GT767m5mEaZ9vKP1g1N2,"Jan 2, 2026, 06:24 PM",Raj H,raj.honnaya@gmail.com,Honnaya Valpadi,,Mangaluru,Sri Krishna Vilasa,3,$1.87,,dispatched,Arepu Pundi (Qty: 1); Avalakki (Qty: 1); Cutlet 1 (Qty: 1)
fvHn8YpB0DBmMzzkQeky,"Jan 2, 2026, 06:44 AM",Sylwia Mateja,sylwia.mateja1992@gmail.com,Abhi,,Panchkula,Curry's,5,$10.55,,dispatched,Veg Lemon Coriander Soup (Qty: 1); Plain Naan (Qty: 2); Garlic Naan (Qty: 2); Mix Veg Biryani (Serves In Handi) (Qty: 1); Minty Lemon (Qty: 1)
TIIUeKkxeGJ4PUtftugM,"Jan 2, 2026, 12:32 AM",Poojitha Arangam,pooji369a@gmail.com,Naga Kiran Varanasi,,Bengaluru,McDonald's,2,$5.99,,dispatched,Chicken Maharaja Mac Burger (Qty: 1); Big Spicy Chicken Wrap (Qty: 1)
fitEDYqS8Lxcgu9Aebuv,"Jan 1, 2026, 07:41 PM",Wat a Life,chandnirattan@gmail.com,Rakesh vadehra,,Jalandhar,Aar Kay Vaishno Dhaba - Nakodar Road,2,$3.65,,pending,Dal Makhani (Qty: 1); Mix Vegetable (Qty: 1)
64UvQVYy9RnHrknAwtMG,"Jan 1, 2026, 01:30 AM",Ilyas Mohammed,mohammedilyas121@gmail.com,Roman Ali,,Hyderabad,Pista House Tea,4,$2.66,,dispatched,Osmania Biscuit (4 Pcs) (Qty: 1); Zafrani Malai Bun (Qty: 1); Dum Tea (serves 1). (Qty: 1); Zafrani Tea (serves 1) (Qty: 1)
gDJcKE9AvFn60Jp0M9dR,"Jan 1, 2026, 01:27 AM",Ilyas Mohammed,mohammedilyas121@gmail.com,Roman Ali,,Hyderabad,Pista House Bakery,2,$4.47,,dispatched,Chicken Zinger Burger (Qty: 1); Pista House Spl Pizza [6 Inch] (Qty: 1)
HGT3F8Shybmyab0cuupz,"Dec 31, 2025, 10:38 PM",raghav vadehra,raghavvadehra265@gmail.com,Rakesh vadehra,,Jalandhar,Bittu Pardesi,3,$5.41,,dispatched,Dahi Bhalla (Qty: 8); Crispy Veg Burger (Qty: 2); Gogappe ( 5 Pc) (Qty: 2)
Ap8uhunNWwPuFSCS42Zl,"Dec 31, 2025, 10:29 PM",raghav vadehra,raghavvadehra265@gmail.com,Rakesh vadehra,,Jalandhar,Lovely Bake Studio,1,$4.10,,dispatched,Cake Strawberry Special 500 Gms (Qty: 1)
3NPOJN2Y54fVj6urTTeS,"Dec 31, 2025, 03:17 AM",V Rajendran,vrajendran.gulfjobs82@gmail.com,Indira Rajendran,,Tiruchirappalli,Dum Safar Biryani,3,$12.55,,dispatched,Mutton Rogan Josh (Qty: 1); Whole Wheat Paratha ( 1 No) (Qty: 2); Chicken Dum Biryani (Boneless) (Serves 1-2) (Qty: 1)
IlkwRS3YLPOnK2Pmnddz,"Dec 31, 2025, 12:00 AM",Poojitha Arangam,pooji369a@gmail.com,Naga Kiran Varanasi,,Bengaluru,Mani's Dum Biryani,1,$3.75,,dispatched,Chicken Biryani Full (Serves 1-2) (Qty: 1)
huAYLiNv441OaNQ5RHPg,"Dec 30, 2025, 10:29 PM",Harsimarjit singh,harsimar6188jit@gmail.com,diksha ,,Ludhiana,Kumaran Dosa 2,1,$2.59,,dispatched,Rava Masala Dosa (Qty: 1)
8DBv2uUsz5C2slDzZ2Vw,"Dec 30, 2025, 09:29 PM",Madhuri Rapaka,madhuri.rap@gmail.com,Arun Rapaka,,Hyderabad,Karachi Bakery and Cafe,2,$21.42,,dispatched,Orange Chocolate Cake (900 Gms) (Qty: 1); Strawberry Cake (900 Gms) (Qty: 1)
clXIzvfUVQD2oYeZOJWB,"Dec 29, 2025, 10:03 PM",Sandeep Rath,sandeepkumarx100@gmail.com,Ramanath rath,,Rourkela,Madhuban Restaurant,7,$19.19,,dispatched,Cream of Tomato Soup (Qty: 1); Paneer Kaju Curry (Qty: 1); Veg Pulao (Qty: 1); Paneer Tikka (Qty: 1); Dal Butter Cream (Qty: 1); Veg Hot and Sour Soup (Qty: 1); Mushroom Kadai (Qty: 1)
ujxiSdKMktOxwmKl0ygu,"Dec 29, 2025, 06:24 PM",Ilyas Mohammed,mohammedilyas121@gmail.com,Roman Ali,,Hyderabad,Cafe Niloufer Classic,3,$5.73,,dispatched,Sugar Free Tea Kettle (Qty: 1); Maska Bun (Qty: 1); Osmania Biscuits [6 Pieces] (Qty: 1)
u84fSfYSDA5Wsh4aLrHR,"Dec 29, 2025, 06:19 PM",Ilyas Mohammed,mohammedilyas121@gmail.com,Roman Ali,,Hyderabad,Hotel Nayaab - Since 1986,3,$12.64,,dispatched,Rumali Roti (Qty: 4); Special Chicken Biryani [3 Pieces] [Serves 2 3] (Qty: 1); Malai Paya (Qty: 1)
gJHb3Z7gMzfaOkOHM2up,"Dec 29, 2025, 02:28 PM",raghav vadehra,raghavvadehra265@gmail.com,Rakesh vadehra,,Jalandhar,Dhan Guru Ramdass Sweet Shop,1,$1.82,,dispatched,Roasted Barfi [250G] (Qty: 1)
QfqSNBUOaDmg6bqozYvm,"Dec 29, 2025, 04:19 AM",V Rajendran,vrajendran.gulfjobs82@gmail.com,Kamini Rajendran,,Padur,Nandhana Palace,3,$10.24,,dispatched,Chicken Sholay Kabab (Qty: 1); Mutton Bone Soup (Qty: 1); Andhra Chicken Kabab (Qty: 1)
hH2tEfFPronPGv0XLQN8,"Dec 28, 2025, 09:57 AM",raghav vadehra,raghavvadehra265@gmail.com,Rakesh vadehra,,Jalandhar,Model Town ke Famous Channa Kulche,1,$3.30,,dispatched,Channa kulcha [3 pieces] (Qty: 4)
suWt4GYRxpB7MWTZjOFZ,"Dec 28, 2025, 09:49 AM",raghav vadehra,raghavvadehra265@gmail.com,Rakesh vadehra,,Jalandhar,Ravi Ice Cream and Juice,3,$6.09,,dispatched,Mix Fruit Juice (Qty: 4); Ravi's Special Milk Badam (300Ml) (Qty: 3); Ravi's spl pineapple Fruit Drink (Qty: 1)
eT65OtsCXqcQyvXWqj8v,"Dec 28, 2025, 09:44 AM",raghav vadehra,raghavvadehra265@gmail.com,Rakesh vadehra,,Jalandhar,Lovely Sweets,1,$2.58,,dispatched,Ladoo Banarsi Motichoor  Box (Qty: 1)
kJVfnFCs2s44S10kBfgd,"Dec 27, 2025, 10:27 PM",Jacintha Vimal,vimhcl@gmail.com,G K Varghese,,Chennai,Savoury Sea Shell,2,$25.71,,dispatched,Mutton Bone Soup (Qty: 1); Grilled King Fish (fish) (Qty: 1)
Rol7qFvslRFPEWBBYz4I,"Dec 27, 2025, 07:04 PM",Raj H,raj.honnaya@gmail.com,Honnaya Valpadi,,Mangaluru,Sai Palace Udipi Cafe Veg,6,$11.77,,dispatched,Paratha (Qty: 2); Veg Pulao (Qty: 1); Lasooni Palak (Qty: 1); Dal Tadka (Qty: 1); Mysore Masala Dosa (Qty: 2); Soya Pulimunchi (Qty: 1)
e0YO3JPXe1iFSRHQu7Eo,"Dec 27, 2025, 09:05 AM",Johndeep Singh,nijjarjohn@gmail.com,Nishtha ,,Mohri,Pizza Wings,1,$7.05,,dispatched,4 In 1 Pizza - Veg (Qty: 1)
r5tIlBGHcrgZEOoCLj36,"Dec 26, 2025, 09:09 PM",Poojitha Arangam,pooji369a@gmail.com,Naga Kiran Varanasi,,Bengaluru,Sufyan Dates & Nuts,1,$8.80,,dispatched,Mehak Ghee (Qty: 1)
DO8CgsIBXiULrbGPekdN,"Dec 26, 2025, 04:54 PM",Ilyas Mohammed,mohammedilyas121@gmail.com,Roman Ali,,Hyderabad,Iqbal Cafe,5,$3.06,,dispatched,Lukhmi (Qty: 2); Pauna Tea (Qty: 2); Saag Puri (Qty: 1); Boiled Egg (Qty: 3); Osmania Biscuits [4 Pieces] (Qty: 1)
NTD28O4UNe7LP40i4EVf,"Dec 25, 2025, 06:48 PM",Sony Honnaya,lhonnaya@gmail.com,Honnaya Poojari,,Mangaluru,Sri Krishna Vilasa,4,$4.18,,dispatched,"Sajigge Roti 1 (Qty: 1); Avalakki (Qty: 1); Mushroom biryani                      (Qty: 1); Tea [ Flask 200 Ml, Serves 2] (Qty: 1)"
Ju54i3wAotYXqw4Fn74o,"Dec 25, 2025, 09:05 AM",Poojitha Arangam,pooji369a@gmail.com,Naga Kiran Varanasi,,Bengaluru,McDonald's,2,$7.53,,dispatched,Chicken Maharaja Mac Burger Combo (Qty: 1); Big Spicy Chicken Wrap (Qty: 1)
aN1MMhuXXYTXN0AvdUHd,"Dec 25, 2025, 04:24 AM",V Rajendran,vrajendran.gulfjobs82@gmail.com,Kamini Rajendran,,Padur,A2B - Adyar Ananda Bhavan,3,$4.30,,dispatched,Onion Rava Dosai (Qty: 1); Sambar Idly (Qty: 1); Bhel Puri (Qty: 1)
PoNl4fd1LTG4pKtcdmEQ,"Dec 24, 2025, 11:15 PM",Eren Jaeger,erenjaeger2k4@gmail.com,Harjeet Kaur,,Jalandhar,Aggarwal Vaishno Dhaba,4,$7.53,,dispatched,Yellow Dal (Qty: 1); Shahi Paneer (Qty: 1); Missi Roti (Qty: 2); Stuffed Missi Roti (Qty: 2)
bhy0Fm9giTtfkekvdblP,"Dec 24, 2025, 06:39 PM",Sony Honnaya,lhonnaya@gmail.com,Honnaya Poojari,,Mangaluru,Pabbas Ideal Cafe,5,$4.93,,dispatched,Makhmali Roti 2 Nos With Channa Masala (Qty: 1); Veg Biriyani (Qty: 1); Buns Sambar & Chatney [1 No] (Qty: 1); Bisi Bele Bath (Qty: 1); Neer Dosa 3 Nos With Sambar (Qty: 1)
Dv7OcxFYGpxEdMr460fA,"Dec 24, 2025, 04:07 AM",V Rajendran,vrajendran.gulfjobs82@gmail.com,Kamini Rajendran,,Padur,Chinese Wok,2,$8.30,,dispatched,Chicken Burnt Garlic Noodles - Half (500 ml) (Qty: 1); Chicken Wheat Momo With Momo Chutney (Qty: 1)
V9JHxJFROwCFLrMTvhJb,"Dec 23, 2025, 08:09 PM",Raj H,raj.honnaya@gmail.com,Honnaya Valpadi,,Mangaluru,Pabbas Ideal Cafe,3,$4.15,,dispatched,Ghee Parota 2 Nos With Channa Masala (Qty: 1); Gobi Manchurian (Qty: 1); Fried Rice (Qty: 1)
OZIFUp9Sil3OAmFs1i14,"Dec 23, 2025, 09:52 AM",jagjit singh,jagjitsingh058@gmail.com,Aman,,Haridwar,Sky High Restaurant,4,$11.83,,dispatched,Veg Grill Sandwich With Fries (Qty: 1); White Sauce Pasta veg (Qty: 1); Choco Frappe (Qty: 2); Schezwan Spicy Noodles (Qty: 1)
IlR5jIvCAXgsjsRmcv38,"Dec 23, 2025, 03:23 AM",Ilyas Mohammed,mohammedilyas121@gmail.com,Ruman,,Hyderabad,Pista House Tea,2,$1.27,,dispatched,Zafrani Malai Bun (Qty: 1); Dum Tea (serves 1) (Qty: 1)
ei25GtU7swV7LgDoKJC9,"Dec 23, 2025, 03:22 AM",Ilyas Mohammed,mohammedilyas121@gmail.com,Ruman,,Hyderabad,Pista House Mandi,1,$4.81,,dispatched,Mutton Juicy Mandi (Qty: 1)
jaYUUFXcBEyUvWZ9qlyj,"Dec 22, 2025, 10:08 PM",Amanpreet Singh,gotoaman21@gmail.com,jassi,,Nawanshahr,Ramson's Sweets,5,$12.01,,dispatched,Dal Makhani (Qty: 1); Milk Cake (Qty: 1); Paneer Butter Masala (Qty: 1); Plain Raita (Qty: 1); Tandoori Roti (Qty: 4)
nN0QLYQnPeZKKWh85iTc,"Dec 21, 2025, 08:58 PM",avi,saphire.ratri@hotmail.com,avi,,Sahibzada Ajit Singh Nagar,Murga Mantri,3,$24.53,,dispatched,Kadai Wala Paneer(1000 ml) (Qty: 1); Butter Naan(1 pc) (Qty: 4); Dal Makhani Dilruba(1000 ml) (Qty: 1)
DOYc8KUAXa7BPf7p8NEJ,"Dec 21, 2025, 04:46 AM",V Rajendran,vrajendran.gulfjobs82@gmail.com,Kamini Rajendran,,Padur,The Arab Station,2,$7.18,,dispatched,Al Faham Chicken (Qty: 1); Regular Peri Peri Chicken Shawarma (Qty: 2)
FUgH51MohbH5EUVhwu0A,"Dec 20, 2025, 10:00 PM",Amu,ammusubri@yahoo.com,Mouna ,,Bengaluru,Madurai Pandyan Mess,3,$17.18,,dispatched,Prawns Biryani (Qty: 2); Kongunadu Kozhi Kolikolambu (kongu (ckn)) (Qty: 2); Mutton Biryani (Qty: 1)
uBz9P2TiAj1t29uknV2p,"Dec 20, 2025, 11:47 AM",Poojitha Arangam,pooji369a@gmail.com,Naga Kiran Varanasi,,Bengaluru,LunchBox - Meals and Thalis,2,$6.10,,dispatched,Chicken Mughlai Gravy with Chapati (Qty: 1); Chicken Kheema & Rumali Roti Lunchbox (Qty: 1)
zpueivbjYwH6TaUuLp9v,"Dec 20, 2025, 04:35 AM",Ilyas Mohammed,mohammedilyas121@gmail.com,Ruman,,Hyderabad,Cafe Niloufer,7,$10.38,,dispatched,Sugar Free Tea Kettle (Qty: 1); Osmania Biscuits [6 Pieces] (Qty: 2); Maska Bun (Qty: 1); Butter Croissant (Qty: 1); Mini Paneer Puff (Qty: 1); Mini Veg Puff (Qty: 1); Long Toast (Qty: 1)
aEo9jRD3QzNT9ZDsFTuS,"Dec 19, 2025, 01:24 PM",Siva Arun,sivaarun2012@gmail.com,Sakku Bai,,Chennai,Geetham Veg restaurant,2,$3.88,,dispatched,Ghee Pongal (Qty: 2); Vada (1 Pc) (Qty: 2)
i1g3OZuV8dMmIKed6YCY,"Dec 19, 2025, 08:26 AM",Nick Truxal,nick.truxal@gmail.com,Hari,,Chennai,Padmam Veg Restaurant,3,$3.31,,dispatched,Tea (Qty: 1); Mini Tiffin (Qty: 1); Curd Vada 1 Nos (Qty: 1)
uCDvttrrbOifg0rNSDo1,"Dec 19, 2025, 08:11 AM",Nick Truxal,nick.truxal@gmail.com,Hari,,Chennai,Padmam Veg Restaurant,3,$3.31,,dispatched,Tea (Qty: 1); Mini Tiffin (Qty: 1); Curd Vada 1 Nos (Qty: 1)
3PFEbSq8NEh6eiGLBOtB,"Dec 19, 2025, 04:48 AM",jagjit singh,jagjitsingh058@gmail.com,Aman,,Haridwar,Sky High Restaurant,6,$20.29,,dispatched,Butter Naan (Qty: 2); Garlic Naan (Qty: 2); Butter Scotch (Qty: 2); Butter Paneer Masala (Qty: 1); Caramel Frappe (Qty: 2); Butter chiken Bonless (Qty: 1)
2e8C4tmBNHP1MFSEjTqx,"Dec 19, 2025, 04:20 AM",V Rajendran,vrajendran.gulfjobs82@gmail.com,Kamini Rajendran,,Padur,Subway,1,$3.52,,dispatched,Paneer Tikka Signature Wrap (Qty: 1)
NLj2uU7OQMG7EJuFr4pa,"Dec 18, 2025, 09:22 AM",Poojitha Arangam,pooji369a@gmail.com,Naga Kiran Varanasi,,Bengaluru,Domino's Pizza,3,$9.23,,dispatched,Cheese n Corn Cheese Burst (Qty: 1); Margherita Cheese Burst (Qty: 1); Double Cheese Margherita Cheese Burst (Qty: 1)
nXIGZjgsXI6sQHP87kYQ,"Dec 18, 2025, 03:39 AM",V Rajendran,vrajendran.gulfjobs82@gmail.com,Kamini Rajendran,,Padur,Hot chaat and sweet,2,$1.71,,dispatched,Daihi papidi chaat (Qty: 1); Veg momos (Qty: 1)
3AEPdN3tjViz6eDZsqnJ,"Dec 17, 2025, 11:47 PM",Santhosh Viswanathan,thepilotsv@gmail.com,Dhanalakshmi ,,Vellore,Darling Namma Veedu,7,$35.72,,dispatched,Tandoori Platter (Half) (Qty: 1); Nalli Ellumbu Soup (Qty: 1); Butter Naan (1 Pc) (Qty: 2); Orange Juice (Qty: 2); Fruit Salad With Ice Cream Combo (Qty: 1); Eral Pepper Masala (Qty: 1); Mutton Biryani  (Qty: 2)
SJV0OUUQqBPHLurixY7Y,"Dec 17, 2025, 11:27 PM",Poojitha Arangam,pooji369a@gmail.com,Naga Kiran Varanasi,,Bengaluru,Rajdhani,2,$5.41,,dispatched,Masaledaar Puri Bhaji (Qty: 1); Bhindi Sambhariya (Qty: 1)
nERz12ZbsFWVcNTqiyxQ,"Dec 17, 2025, 07:44 PM",Ilyas Mohammed,mohammedilyas121@gmail.com,Ruman,,Hyderabad,Iqbal Cafe,4,$3.12,,dispatched,Pauna Tea (Qty: 1); Saag Puri (Qty: 1); Khichdi Kheema Khatta (Qty: 1); 2 Paratha With 1 Shikampur (Qty: 1)
XYqaUZJcICNIDPfhQT7c,"Dec 17, 2025, 05:51 AM",Nick Truxal,nick.truxal@gmail.com,Hari,,Chennai,Id - Chennai's Everyday Soulful,3,$4.59,,dispatched,Keera Vada (2 Pcs) (Qty: 1); ID Special Combo (2 Idli + 1 Vada + Ghee Pongal + Sweet) (Qty: 1); Tea 200ml (Qty: 1)
rVuvqeT8cS3GyCoITIhF,"Dec 16, 2025, 11:50 AM",raghav vadehra,raghavvadehra265@gmail.com,Rakesh vadehra,,Jalandhar,Sharma Snacks,1,$1.88,,pending,Samosa (Qty: 8)
R51sLROdPtabBNnjH9t2,"Dec 16, 2025, 11:21 AM",avi,saphire.ratri@hotmail.com,Avi,,Sahibzada Ajit Singh Nagar,Amrit Sweets Sector 79,2,$21.66,,dispatched,Alsi Pinni Desi Ghee (Qty: 1); Punjabi Panjiri (Qty: 1)
9ChbH697tgkWVhR7ITvF,"Dec 16, 2025, 05:25 AM",V Rajendran,vrajendran.gulfjobs82@gmail.com,Kamini Rajendran,,Padur,"Faasos - Wraps, Rolls & Shawarma",1,$2.70,,dispatched,High Protein Masala Paneer Tikka Wrap (Qty: 1)
vjezvooRZTpUOwQ4gDZM,"Dec 16, 2025, 12:57 AM",jagjit singh,jagjitsingh058@gmail.com,Aman,,Haridwar,Fresh O Fit,3,$9.50,,dispatched,Chickpea And Pomegranate Salad (Qty: 1); Blueberry Coconut Smoothie (Qty: 1); Paneer Sub (Qty: 1)
dZgN2JTJf3XR2ZS7edKm,"Dec 15, 2025, 08:56 PM",raghav vadehra,raghavvadehra265@gmail.com,Rakesh vadehra,,Jalandhar,Super Cremica Sweets,1,$4.66,,dispatched,Super Cremica Special Family Pack (Qty: 1)
TQ86rIQ5jlESOueXqmSS,"Dec 15, 2025, 09:31 AM",jagjit singh,jagjitsingh058@gmail.com,Aman,,Haridwar,Shree Ji Malai Chaap Wale,2,$6.79,,dispatched,Malai Chaap Roll (Qty: 2); Afghani Chaap (Qty: 1)
XzfPy5Ac4rEFzqy7sMtf,"Dec 15, 2025, 07:35 AM",Nick Truxal,nick.truxal@gmail.com,Silky Gulati,,New Delhi,Domino's Pizza,3,$12.82,,dispatched,Classic Stuffed Garlic Bread (Qty: 2); Cheesy Dip (Qty: 2); Farmhouse Cheese Burst (Qty: 2)
4Q4W5Js5uR1dNlwgbIMd,"Dec 15, 2025, 07:11 AM",Nick Truxal,nick.truxal@gmail.com,Hinduja Srilakshmi,,Bengaluru,Meghana Foods,1,$7.77,,dispatched,Spl Veg Biryani (Qty: 2)
ipx9ahkzMpzNNofJfQiD,"Dec 15, 2025, 05:54 AM",V Rajendran,vrajendran.gulfjobs82@gmail.com,Dhananjayan Govindharajulu,,Peelamedu,Haribhavanam,11,$44.24,,dispatched,Monika Chicken (Qty: 1); Mushroom Masala (Qty: 1); Veg Fried Rice (Qty: 1); Pepper Chicken Dry (Qty: 1); Parotta Set (Qty: 2); Butter Naan (Qty: 4); Nattu Kozhi Rasam (Qty: 1); Kadaai Paneer (Qty: 1); Kaaraikudi Chicken Gravy (Qty: 1); Schezwan Chicken Fried Rice (Qty: 1); Mutton Masala Bone (Qty: 1)
9jlDDJbtGq9DhC6FcjoH,"Dec 14, 2025, 03:46 AM",V Rajendran,vrajendran.gulfjobs82@gmail.com,Kamini Rajendran,,Padur,Zaitoon,2,$7.06,,dispatched,Mutton Nalli Soup (Qty: 1); Afghani Barbeque Chicken ( Half ) (Qty: 1)
JHHXMRr3J0Zw1y456EqF,"Dec 14, 2025, 02:36 AM",Ilyas Mohammed,mohammedilyas121@gmail.com,Ruman,,Hyderabad,Shahran Hotel,4,$9.42,,dispatched,Warqi Parata (Qty: 3); Mutton Sheek [4 Pieces] (Qty: 1); Chicken Curry  (Qty: 1); Tandoori Roti  (Qty: 2)
sjQnLJ2aLAAOLYYgYLVZ,"Dec 13, 2025, 10:19 PM",Sukhjot Singh,sukhjotbedi@gmail.com,Jasleen Arora,,Ludhiana,Burger King,4,$6.14,,dispatched,King Peri Peri Fries (Qty: 1); Veg Whopper Deluxe. (Qty: 1); Choco-Lava Cup. (Qty: 1); Coke. (Qty: 1)
FVHa6a6jByCsp2kPcAEb,"Dec 13, 2025, 04:45 PM",Neetu sobti,neetusobti@yahoo.com,b p mishra,,Indore,Maa Annapurna Rasoi Junction,2,$2.98,,dispatched,Special South Indian Upma (1 Plate) (Qty: 2); Gujrati Methi Thepla (4 Pcs) (Qty: 1)
vWJRH02Hy989tDovKG61,"Dec 13, 2025, 01:59 AM",Tausif Khan,funckewerner@proton.me,Hassan Raza,,New Delhi,Hong's Kitchen - Hearty! Tasty! Chinese!,4,$5.34,,dispatched,Coca cola 475ml (Qty: 1); Classic Fried Rice (Qty: 1); Veg Manchurian (Qty: 1); Choco Brownie (Qty: 1)
fcmLMKTTRokg8OdeOFon,"Dec 13, 2025, 01:41 AM",Tausif Khan,funckewerner@proton.me,Hassan Raza,,New Delhi,Biryani Blues,1,$8.92,,dispatched,Hyderabadi Chicken Dum Biryani Boneless (Qty: 2)
pco47bH2gNVXbS3Q8z5O,"Dec 12, 2025, 09:46 PM",calvin6hobbes,calvin6hobbes@gmail.com,Sahil,,Hyderabad,Paradise Biryani,1,$5.12,,dispatched,Nizami Chicken Dum Biryani (Serves upto 2) (Qty: 1)
yoFsZVSPYyTHK8rjzxEF,"Dec 12, 2025, 07:45 PM",Aslum,maslum0108@gmail.com,mohamed elyas,,Erode,New Gowrishankar Hotel,5,$4.40,,dispatched,Podi Idli (Qty: 1); Pongal (Qty: 1); Podi Roast Dosa (Qty: 1); Rava Roast Dosa (Qty: 1); Kesari (Qty: 1)
oEIwrAhmrDFd0YN3WL4B,"Dec 12, 2025, 07:20 PM",Amu,ammusubri@yahoo.com,Malathi ,,Bengaluru,Paragon Restaurant Since 1939,4,$23.89,,dispatched,Nool paratha (Qty: 5); Chefs signature shrimp (Qty: 1); Mutton Biryani Full (Qty: 1); Kanthari Chicken Curry (Qty: 1)
QfPVrwzmYdgMTl2cMWqD,"Dec 12, 2025, 04:51 AM",Wat a Life,chandnirattan@gmail.com,Rakesh vadehra ,,Jalandhar,Kwality Sweets,8,$12.54,,dispatched,Crunchy Jeera Biscuit [[500 Grams]] (Qty: 1); Crunchy Dry Fruit Kaju Biscuit [[500 Grams]] (Qty: 1); Atta Biscuit [400 Grams] (Qty: 1); Pista Biscuits [400 Grams] (Qty: 1); Til Bugga (Desi Ghee) (Qty: 1); Kaju Namkeen (Qty: 1); Gur Pare With Saunf [250 Grams] (Qty: 1); Methi Mathri (Qty: 1)
1hly7clk7sMWRUTrhR06,"Dec 12, 2025, 01:18 AM",jagjit singh,jagjitsingh058@gmail.com,Aman,,Haridwar,McDonald's,4,$13.16,,dispatched,Large Fries (Qty: 2); McFlurry® Oreo (Qty: 2); Ketchup (Qty: 10); McSpicy® Paneer (Qty: 3)
CUWou2Nmc7cMO6lLeYkB,"Dec 11, 2025, 06:06 PM",Arvind Naidu,arvind.raj.naidu@gmail.com,Surekha Sabbani,,Hyderabad,Madhur Sweets,2,$8.18,,dispatched,Chakodi (rings) (Qty: 1); Kaju Katli (250g) + Mixture (250g) (Qty: 1)
yU5XWD1mIia3Q5r59fWY,"Dec 11, 2025, 07:45 AM",Poojitha Arangam,pooji369a@gmail.com,Naga Kiran Varanasi,,Bengaluru,Sufyan Dates & Nuts,2,$12.64,,dispatched,Dates medjool (Qty: 1); Pure forest honey (Qty: 1)
4tdmc7ej4v4DWuKV9B8A,"Dec 10, 2025, 09:29 PM",Ilyas Mohammed,mohammedilyas121@gmail.com,Ruman,,Hyderabad,Agrawala Sweets,1,$5.65,,pending,Rabdi    (Qty: 1)
cOo0zymXrbbQ3TYIs8mC,"Dec 10, 2025, 09:25 PM",Ilyas Mohammed,mohammedilyas121@gmail.com,Ruman,,Hyderabad,Agrawala Sweets,4,$9.97,,pending,Dahi Papdi (Qty: 1); Pani Puri (12 Pcs) (Qty: 1); Rasmalaii (Qty: 2); French Fries (Qty: 1)
ii4OBP1u9FsPa4RKqEae,"Dec 10, 2025, 05:10 PM",raghav vadehra,raghavvadehra265@gmail.com,Rakesh vadehra ,,Jalandhar,Sharma Snacks,1,$2.35,,pending,Samosa (Qty: 10)
2upjwXWIIrOwWiiSQ9c5,"Dec 10, 2025, 01:49 PM",raghav vadehra,raghavvadehra265@gmail.com,Rakesh vadehra ,,Jalandhar,Aar Kay Vaishno Dhaba - Nakodar Road,4,$7.12,,pending,Palak Paneer (Qty: 1); Missi Roti (Qty: 2); Butter Naan (Qty: 1); Mix Vegetable (Qty: 1)
J9QLl49Mbw264dH6ygF5,"Dec 10, 2025, 01:40 PM",raghav vadehra,raghavvadehra265@gmail.com,Rakesh vadehra ,,Jalandhar,Parkash Bakery,7,$9.68,,pending,Veg Cold Sandwich (Qty: 2); Veg Puff Pattie (Qty: 4); Pineapple Pastry (Qty: 3); Cream Roll (Qty: 2); Sweet Heart Puff [400 Grams] (Qty: 1); Cake Rusk Eggless Plain (Qty: 2); Biscuit Butter Badam (Qty: 1)
k3L0OHOcCjqtiHw00T6N,"Dec 10, 2025, 08:39 AM",Poojitha Arangam,pooji369a@gmail.com,Naga Kiran Varanasi,,Bengaluru,Chowman,3,$8.34,,pending,Chilli Shrimps (Qty: 1); Chilli Fish (10 Pcs) (Qty: 1); Egg Fried Rice [Serves 1- 2] (Qty: 1)
oKwEkNiAiLm8iERpFfmF,"Dec 10, 2025, 07:00 AM",Ravi Kaju,ravi1337kaji@gmail.com,Rhythm,,Patna,Sweet Truth,1,$7.05,,pending,Red Velvet Cake (500 gm) (Eggless) (Qty: 1)
Q57v8GlEcSXYjWwywJrG,"Dec 10, 2025, 03:23 AM",V Rajendran,vrajendran.gulfjobs82@gmail.com,Kamini Rajendran,,Padur,Chacma - Dieting Monkey,2,$6.57,,pending,Banana Chia Seed Smoothie (Qty: 1); Chipotle Paneer Wrap With Creamy Hummus (Qty: 1)
Bn8CTl88UpnpUIuG4Y9g,"Dec 10, 2025, 02:04 AM",jagjit singh,jagjitsingh058@gmail.com,Aman,,Haridwar,Hungry Dosa Bhawan,2,$7.01,,pending,Masala Dosa (Qty: 2); Choco Frappe  (Qty: 2)
TBoZZ3c75mHBugTolqdD,"Dec 10, 2025, 12:25 AM",Ilyas Mohammed,mohammedilyas121@gmail.com,Ruman,,Hyderabad,Hotel Shadab,5,$15.70,,pending,"Chicken Tandoori Kebab (Qty: 1); Paneer Butter Masala (Qty: 1); Rumali Roti (Qty: 3); Mutton Biryani Special Double-gosht (served With Lemons, Raita & Mirchi Ka Salan (Qty: 1); Shadab Tea Kettle (Qty: 1)"
Wlr5Hevd8yosEe1wAuZk,"Dec 9, 2025, 07:47 PM",Satya Koneru,konerusatya@gmail.com,Padmaja,,Hyderabad,Bahar Biryani Cafe,4,$17.23,,pending,Veg Biryani (Qty: 1); Chilly Chicken (Qty: 1); Mutton Biryani (Qty: 1); Panner 65 (Qty: 1)
IYYVL21s3w7gddECmMaG,"Dec 9, 2025, 09:09 AM",George Hopkins,georgehopkins19787@gmail.com,Abhishek,,Patna,Thalaiva Biryani,1,$3.87,,pending,Mutton Haleem & Kulcha Thali (Qty: 1)
29Iv5VdCCxs9f6222cB6,"Dec 9, 2025, 04:05 AM",George Hopkins,georgehopkins19787@gmail.com,Shubham,,Patna,Subway,1,$8.69,,pending,Cheesy Chicken Tikka (Qty: 2)
kSnk9145a3X8Q0TgLGtM,"Dec 9, 2025, 03:24 AM",V Rajendran,vrajendran.gulfjobs82@gmail.com,Kamini Rajendran,,Padur,Southern Spice,3,$7.42,,pending,Mutton Bone Soup (Qty: 1); Andra Chicken Curry (Qty: 1); Chappthi (Qty: 3)
PvRFfxYEs6XGySiYtASg,"Dec 9, 2025, 12:39 AM",George Hopkins,georgehopkins19787@gmail.com,Abhishek,,Patna,Thalaiva Biryani,1,$2.93,,pending,Chicken Haleem & Paratha Thali (Qty: 1)
PUmTabJehIJYsaPUIAhN,"Dec 8, 2025, 05:51 PM",raghav vadehra,raghavvadehra265@gmail.com,Rakesh vadehra ,,Jalandhar,Lovely Sweets,1,$2.47,,pending,Ladoo Banarsi Motichoor  Box (Qty: 1)
vxJKWhe2Bt5GomH4M3Ax,"Dec 8, 2025, 08:04 AM",avi,saphire.ratri@hotmail.com,avi,,Sahibzada Ajit Singh Nagar,Amrit Sweets Phase 5,2,$12.83,,pending,Gajrela Desi Ghee (Qty: 1); Gur Dryfruit Gachak (Qty: 1)
8z2AqAMDHSYHgT7Khm1E,"Dec 8, 2025, 07:38 AM",George Hopkins,georgehopkins19787@gmail.com,Abhishek,,Patna,Champaran Meat House,1,$1.62,,pending,Jeera Rice (Qty: 1)
GiZ083iHVaZklv82Jlwv,"Dec 8, 2025, 07:37 AM",George Hopkins,georgehopkins19787@gmail.com,Abhishek,,Patna,Champaran Meat House,2,$11.63,,pending,Litti (2 Pc) (Qty: 1); Mutton Ahuna (Qty: 2)
vHhAYJcLMaT3oEUoUM6T,"Dec 8, 2025, 06:22 AM",Domnic Fernandez,domnic8899@gmail.com,Maria Fernandes,,Hyderabad,Paradise Biryani,2,$11.39,,pending,Biryani Executive Meal - Non Veg (Qty: 2); Kheema Masala (Breakfast) (Qty: 2)
VlXcPjTx626I37tVYA1f,"Dec 8, 2025, 12:59 AM",Rachna Mathur,mathurachna@gmail.com,Renuka Lal,,Hyderabad,Nove -The Italian Kitchen,8,$48.85,,pending,Roasted Pumpkin Soup With Cream (Qty: 1); Seafood Bisque With Tortellini (Qty: 1); Fish Skewers (Qty: 1); Tuscan Garlic Prawns (nove Signature) (Qty: 1); Minced Chicken Lasagna (Qty: 1); Orzo Pasta With Crab Meat (Qty: 1); Blueberry Cheesecake (Qty: 1); Chocolate Decadence (Qty: 2)
f7dnXMLuFdJHLL6xozb8,"Dec 8, 2025, 12:44 AM",jagjit singh,jagjitsingh058@gmail.com,TISHA,,Virar,Pizza Hut,3,$20.89,,pending,Veggie Supreme (Qty: 2); Chicken Supreme (Qty: 2); Spicy Schezwan Pasta Chicken (Qty: 1)
zuOX0WIIsMrHEoNBCE5X,"Dec 7, 2025, 05:52 AM",George Hopkins,georgehopkins19787@gmail.com,Abhishek new,,Patna,Havmor Ice Cream,1,$3.65,,pending,Chocolate Ice Cream Cake 500 Ml (Qty: 1)
uZXnaslO4Aer7TD69Puw,"Dec 7, 2025, 04:15 AM",V Rajendran,vrajendran.gulfjobs82@gmail.com,Kamini Rajendran,,Padur,Zaitoon,1,$6.94,,pending,Afghani Barbeque Chicken ( Full ) (Qty: 1)
pWBZaeohKUdt7rXSwDaZ,"Dec 7, 2025, 01:33 AM",Tausif Khan,funckewerner@proton.me,Hassan Raza,,New Delhi,Domino's Pizza,5,$12.69,,pending,Choco Lava Cake (Qty: 2); Red Velvet Lava Cake (Qty: 2); Coca Cola 475ml (Qty: 1); Fanta 475ml (Qty: 1); Tandoori Chicken Burst Pizza (Reg) (Qty: 1)
LUdHTVhRFIcCjhZKoLVQ,"Dec 7, 2025, 01:30 AM",Tausif Khan,funckewerner@proton.me,Hassan Raza,,New Delhi,Domino's Pizza,1,$8.33,,pending,Non Veg Supreme Pizza (Qty: 1)
tJcBxaSy1zrUGKtptDks,"Dec 7, 2025, 12:29 AM",Deep Param,deepparam1414@gmail.com,Sukhvinder,,Mehatpur,Dominick Pizza,3,$10.51,,pending,Veg. supreme  (Qty: 1); Strawberry Shake                     (Qty: 2); Peri Peri Fries (Qty: 1)
3N7Hvx1vaqcHOcgVDr88,"Dec 6, 2025, 07:57 PM",Tausif Khan,funckewerner@proton.me,Hassan Raza,,New Delhi,Bakingo,2,$13.16,,pending,Pineapple Cake (Qty: 1); Red Velvet Cake (Qty: 1)
RXQX4CqtxyzBioqM9V2z,"Dec 6, 2025, 04:27 PM",Tausif Khan,funckewerner@proton.me,Hassan Raza,,New Delhi,KFC,1,$18.81,,pending,Hot & Crispy Chicken - 8 pcs (Qty: 2)
X0rAytkz112IvSHpk42A,"Dec 6, 2025, 02:52 PM",Tausif Khan,funckewerner@proton.me,Hassan Raza,,New Delhi,Biryani Blues,1,$13.38,,pending,Hyderabadi Chicken Dum Biryani Boneless (Qty: 3)
JsFNF89jYEClP0IEPYdo,"Dec 6, 2025, 09:17 AM",George Hopkins,georgehopkins19787@gmail.com,Abhishek,,Patna,Barkaas Indo Arabic Restaurant,2,$6.57,,pending,Butter Chicken (Qty: 1); Garlic Naan (Qty: 2)
7u9gxobeDbjuNRYI5TCa,"Dec 5, 2025, 11:43 PM",Tausif Khan,funckewerner@proton.me,Hassan Raza,,New Delhi,Biryani Blues,1,$13.38,,pending,Hyderabadi Chicken Dum Biryani Boneless (Qty: 3)
iLT4MfALd9chIF9YZ3V4,"Dec 5, 2025, 11:18 PM",Poojitha Arangam,pooji369a@gmail.com,Naga Kiran Varanasi,,Bengaluru,KFC,1,$7.05,,pending,Ultimate Savings Chicken Bucket (Qty: 1)
YqIV1LHig512EsiUpHO9,"Dec 5, 2025, 10:47 PM",George Hopkins,georgehopkins19787@gmail.com,Abhishek,,Patna,Subway,1,$3.87,,pending,Tuna Signature Wrap (Qty: 1)
QQYJ1CpzhmEGtpwMAkRv,"Dec 5, 2025, 10:11 PM",George Hopkins,georgehopkins19787@gmail.com,Abhishek,,Patna,Govinda Dhaba,3,$3.61,,pending,Egg Curry           (Qty: 1); Katarni Rice (Qty: 1); Omelette Curry   (Qty: 1)
sMPB69B8Q9kE5CTbskz6,"Dec 5, 2025, 07:47 AM",Ravi Kaju,ravi1337kaji@gmail.com,Rhythm,,Patna,Biryani Mahal,1,$1.18,,pending,Bailey Mineral Water 1 Bites (Qty: 5)
AnmpZUAYUWqJUkM5fLBB,"Dec 5, 2025, 07:22 AM",Ravi Kaju,ravi1337kaji@gmail.com,Rhythm,,Patna,Crusto's - Cheese Burst Pizza By Olio,2,$6.36,,pending,Coke (Qty: 5); Diet Coke (Qty: 4)
kZ9QOpU9iZeGLUIfjmkd,"Dec 5, 2025, 04:19 AM",George Hopkins,georgehopkins19787@gmail.com,Abhishek new,,Patna,Batido The Shake Paradise,2,$4.77,,pending,Choco Caramel Oreo Shake (Qty: 1); Hot Wings 4 Pcs (Qty: 1)
p3iu0AXs5NmUSTiuy747,"Dec 5, 2025, 03:16 AM",George Hopkins,georgehopkins19787@gmail.com,Abhishek,,Patna,Champaran Meat House,2,$7.14,,pending,Jeera Rice (Qty: 1); Mutton Ahuna (Qty: 1)
rkHEdv1UyUuc0xFJDeAr,"Dec 4, 2025, 08:00 PM",Raj H,raj.honnaya@gmail.com,Valpadi Honnaya,,Mangaluru,Pabbas Ideal Cafe,3,$1.63,,pending,Neer Dosa 3 Nos With Kurma (Qty: 1); Buns Sambar & Chatney [1 No] (Qty: 1); Idli 2 Nos (Qty: 1)
fzfgiGtHYpOmxmW0dHKF,"Dec 4, 2025, 06:40 PM",George Hopkins,georgehopkins19787@gmail.com,Abhishek,,Patna,Govinda Dhaba,1,$3.97,,pending,Non-veg Deluxe Thali (Qty: 1)
1pDZBRJTM5JludFzJ1tY,"Dec 4, 2025, 07:17 AM",Poojitha Arangam,pooji369a@gmail.com,Naga Kiran Varanasi,,Bengaluru,McDonald's,2,$5.65,,pending,Chicken Maharaja Mac Burger Combo (Qty: 1); Big Spicy Chicken Wrap (Qty: 1)
41B8tNvmfE5qyf1c7G39,"Dec 4, 2025, 06:43 AM",George Hopkins,georgehopkins19787@gmail.com,Abhishek,,Patna,Govinda Dhaba,1,$3.97,,pending,Non-veg Deluxe Thali (Qty: 1)
jdSWq0XQeGRbmBTURgbq,"Dec 4, 2025, 06:08 AM",George Hopkins,georgehopkins19787@gmail.com,Abhishek new,,Patna,Starbucks Coffee,2,$5.71,,pending,Signature Hot Chocolate (Qty: 1); Bhuna Chicken Puff (Qty: 1)
f6QQbxzfcvqKMAOU4oxQ,"Dec 4, 2025, 05:50 AM",Spoorthi Madan,spoorimad@gmail.com,Rishith,,Bengaluru,Truffles,2,$4.76,,pending,Pinky Pasta Veg (Qty: 1); Paneer Tikka Pizza [6 inch] (Qty: 1)
bvo5QLs3TbQGeIQniEll,"Dec 4, 2025, 05:10 AM",George Hopkins,georgehopkins19787@gmail.com,Abhishek,,Patna,BREWMN COFFEE,2,$7.42,,pending,Chicken Nuggets (Qty: 1); Hot Chocolate (Qty: 1)
ybnlVHMZKelMMbeIM36X,"Dec 4, 2025, 12:01 AM",Tausif Khan,funckewerner@proton.me,Hassan Raza,,New Delhi,Biryani Blues,1,$13.38,,pending,Hyderabadi Chicken Dum Biryani Boneless (Qty: 3)
DXWYlaGLfXHjsa6S2jqA,"Dec 3, 2025, 11:11 PM",George Hopkins,georgehopkins19787@gmail.com,Abhishek,,Patna,Govinda Dhaba,2,$3.74,,pending,Egg Curry           (Qty: 1); Katarni Rice (Qty: 1)
w9LdRraUvhjWWk0hMN1e,"Dec 3, 2025, 09:00 PM",Mihir Jayavant,mihirjay@gmail.com,Nitin Deshpande,,Dombivli,Domino's Pizza,5,$15.64,,pending,Indi Chicken Tikka Pizza (Qty: 1); Garlic Breadsticks (Qty: 1); Cheesy Dip (Qty: 2); Pepper Barbecue Chicken Pizza (Qty: 1); Chicken Keema & Onion with Desi Makhani Sauce (Qty: 1)
hr1a68yMZSQRN5g3iq1M,"Dec 3, 2025, 08:52 PM",Sukhjot Singh,sukhjotbedi@gmail.com,Jasleen Arora,,Ludhiana,Hutea The Tea Hut,3,$11.22,,pending,Stuffed Tandoori Aloo (Qty: 1); Cigar Rolls (Qty: 1); Hazlenut Cold Coffee (Qty: 1)
3nzZ6Q7IKOfbL6MhwrjI,"Dec 3, 2025, 06:14 AM",George Hopkins,georgehopkins19787@gmail.com,Abhishek,,Patna,Crusto's - Cheese Burst Pizza By Olio,2,$8.87,,pending,Crustos Ultimate Chicken Madness Pizza (Qty: 1); Herbed Chicken Mushroom Spinach Garlic Bread (Qty: 1)
8qJosGK1drwcqu1lFZ1G,"Dec 3, 2025, 04:44 AM",Johndeep Singh,nijjarjohn@gmail.com,Nishtha ,,Mohri,The Belgian Waffle Co.,1,$2.18,,pending,Lotus Biscoff Waffle (Qty: 1)
X6HytCUhFChR35vtzSYa,"Dec 3, 2025, 02:52 AM",Acting Proff,actingproff@gmail.com,Rakshana,,Chennai,Theobroma,1,$6.47,,pending,Butterscotch & Milk Chocolate Cake [560g] (Qty: 1)
Qdm5nWfe8lMqgdqm5Iuf,"Dec 2, 2025, 11:56 PM",Anahita Bhatia,anahitabhatia@gmail.com,Alo Mondal ,,Panihati,Pizza Hut,1,$8.92,,pending,Veggie Supreme (Qty: 2)
ad5uPppfucNHhCsjQrz2,"Dec 2, 2025, 10:10 AM",George Hopkins,georgehopkins19787@gmail.com,Abhishek,,Patna,Wow! Momo,1,$8.52,,pending,Red Bull (Qty: 4)
n55oeaxJt6qpuJ2cyURW,"Dec 2, 2025, 05:21 AM",George Hopkins,georgehopkins19787@gmail.com,Abhishek,,Patna,Rupam Fast Food & Restaurant,1,$2.18,,pending,Chicken Chowmein   (Qty: 1)
2gJYZG4cHV6ywElH4bGu,"Dec 2, 2025, 03:43 AM",George Hopkins,georgehopkins19787@gmail.com,Abhishek,,Patna,Champaran Meat House,2,$7.14,,pending,Jeera Rice (Qty: 1); Mutton Ahuna (Qty: 1)
D57OVbToiPM8tdJ9zqIX,"Dec 1, 2025, 06:02 PM",Amu,ammusubri@yahoo.com,Mouna ,,Bengaluru,Paragon Restaurant Since 1939,4,$30.73,,pending,Nool paratha (Qty: 6); Achayan chicken curry (Qty: 1); Kozhi porichathu (Qty: 1); Chicken Pulao (Qty: 3)
3ns0epHVkss4ETosbsnj,"Dec 1, 2025, 01:36 PM",George Hopkins,georgehopkins19787@gmail.com,Abhishek,,Patna,Champaran Meat House,1,$5.52,,pending,Mutton Ahuna (Qty: 1)
R3H8TJaR3WLYkQ1RdkGb,"Dec 1, 2025, 11:24 AM",George Hopkins,georgehopkins19787@gmail.com,Abhishek,,Patna,Wow! Momo,1,$8.52,,pending,Red Bull (Qty: 4)
4D7301YPe0sh3pvBa6vV,"Dec 1, 2025, 11:13 AM",George Hopkins,georgehopkins19787@gmail.com,Abhishek,,Patna,Wow! Momo,1,$8.52,,pending,Red Bull (Qty: 4)
jVxRk6U76vUR2XMMOLv9,"Dec 1, 2025, 07:50 AM",Poojitha Arangam,pooji369a@gmail.com,Naga Kiran Varanasi,,Bengaluru,Rajdhani,3,$4.46,,pending,Kadhi Chawal Combo (Qty: 1); Bhindi Sambhariya (Qty: 1); Methi Thepla (3 Pcs) (Qty: 1)
esQ7O04SmoqZWi2vPLKB,"Dec 1, 2025, 05:19 AM",George Hopkins,georgehopkins19787@gmail.com,Aman Bhanu Nagar,,Siliguri,Kasturi Restaurant,1,$5.05,,pending,Mutton Kosha Mini Thali(2 Pcs) (Qty: 1)
IMwOOalcn1MbDRc18zhL,"Dec 1, 2025, 03:09 AM",George Hopkins,georgehopkins19787@gmail.com,Abhishek,,Patna,Wow! Momo,1,$8.52,,pending,Red Bull (Qty: 4)
QYGRHvRSPRW432ZL1fjA,"Dec 1, 2025, 03:09 AM",George Hopkins,georgehopkins19787@gmail.com,Abhishek,,Patna,Wow! Momo,1,$10.65,,pending,Red Bull (Qty: 5)
5blLzKeKsq08B94jhOI5,"Dec 1, 2025, 03:08 AM",George Hopkins,georgehopkins19787@gmail.com,Abhishek,,Patna,Wow! Momo,1,$10.65,,pending,Red Bull (Qty: 5)
KiTiaWyYgLnomw5xcBXE,"Nov 30, 2025, 11:56 PM",George Hopkins,georgehopkins19787@gmail.com,Shubham,,Patna,Banarsi Dhaba,4,$9.85,,pending,Mushroom Masala (Qty: 1); Dal Makhani (Qty: 1); Garlic Naan (Qty: 1); Zafrani Paneer Dum Biryani (Qty: 1)
6nmdW9YSyMXEP0CSWkNv,"Nov 30, 2025, 06:39 PM",Nivy M,niveditameethan@gmail.com,Meena Achuthan,,Chennai,Sangeetha Veg Restaurant,6,$16.24,,pending,Coconut Halwa (Qty: 1); Pineapple Raitha (Qty: 1); Gobi 65 (Qty: 1); Malai Koftha (sweet Gravy) (Qty: 1); Palak Paneer (Qty: 1); Stuffed Capsicum Masala (Qty: 1)
IDNnPb0Rao04TYXtJcer,"Nov 30, 2025, 06:22 PM",Lyon Mascarenhas,meetlyon@gmail.com,Martin John,,Mangaluru,Bakes N Cakes,1,$10.00,,pending,Chocolate Truffle (Qty: 1)
mLK00F069mokFBsprLfe,"Nov 30, 2025, 07:11 AM",Ravi Kaju,ravi1337kaji@gmail.com,Rhythm,,Patna,Starbucks Coffee,1,$6.83,,pending,Hazelnut Caffe Latte (Qty: 2)
Ig2VPsTbiiqsCTks4FrP,"Nov 30, 2025, 06:20 AM",George Hopkins,georgehopkins19787@gmail.com,Shubham,,Patna,Crusto's - Cheese Burst Pizza By Olio,2,$8.22,,pending,California Pizza (Qty: 1); Classic Margherita Pizza (Qty: 1)
aOWQa12bNt97buOwEznZ,"Nov 30, 2025, 06:13 AM",George Hopkins,georgehopkins19787@gmail.com,Shubham,,Patna,Domino's Pizza,1,$9.63,,pending,Indi Chicken Tikka Cheese Burst (Qty: 1)
j5ICRdqS6zUd9ObZnCG4,"Nov 30, 2025, 04:07 AM",George Hopkins,georgehopkins19787@gmail.com,Shubham,,Patna,Crusto's - Cheese Burst Pizza By Olio,3,$12.69,,pending,Chicken Fiesta Pizza (Qty: 1); Chicken Overload Pizza (Qty: 1); Diet Coke (Qty: 4)
puLbM5eOes47IvNIIdkS,"Nov 30, 2025, 03:43 AM",George Hopkins,georgehopkins19787@gmail.com,Shubham,,Patna,Domino's Pizza,2,$5.00,,pending,Pepper Barbecue Chicken Pizza (Qty: 1); Coca Cola Zero Sugar 330ml (Qty: 1)
BTlryoJTFWhkj0NRtOWw,"Nov 30, 2025, 01:46 AM",George Hopkins,georgehopkins19787@gmail.com,Shubham,,Patna,Hotel Apsara,1,$6.24,,pending,Mutton Biryani (Qty: 1)
1mvImSJt18tSYC8jQPA6,"Nov 30, 2025, 01:22 AM",George Hopkins,georgehopkins19787@gmail.com,Shubham,,Patna,Awadhi,1,$4.07,,pending,Cheese Ball (Qty: 1)
QFXwVYUquyDMHA8fHaz0,"Nov 30, 2025, 01:18 AM",George Hopkins,georgehopkins19787@gmail.com,Shubham,,Patna,Batido The Shake Paradise,1,$8.47,,pending,Hot Wings 4 Pcs (Qty: 3)
Q9jh0KIZnmoII7acKMSF,"Nov 29, 2025, 11:33 PM",George Hopkins,georgehopkins19787@gmail.com,Abhishek,,Patna,Wow! China,1,$9.06,,pending,Fresh Lime Water Sweet (Qty: 7)
IlRmdCASJfFCH2fg8QSc,"Nov 29, 2025, 10:59 PM",George Hopkins,georgehopkins19787@gmail.com,Abhishek,,Patna,Thalaiva Biryani,1,$3.87,,pending,Mutton Haleem & Kulcha Thali (Qty: 1)
Fc300feoiPkcA6e0L8vX,"Nov 29, 2025, 09:40 PM",Soumya Dhar,a27dhar@yahoo.com,Indrani Dhar,,Bengaluru,Ledikeni Sweets And Savouries,7,$14.17,,pending,Bonde (Qty: 2); Kheer Kadam [2 Pcs] (Qty: 2); Komola Bhog [2 Pcs] (Qty: 2); Ledikeni [2 Pcs] (Qty: 2); Lengcha [2 Pcs] (Qty: 2); Malai Chamcham[2 Pcs] (Qty: 2); Mishti Doi- 500gm (Qty: 1)
9gZvV1BGdBchKaUz4xB3,"Nov 29, 2025, 08:34 AM",George Hopkins,georgehopkins19787@gmail.com,Abhishek,,Patna,Thalaiva Biryani,1,$3.87,,pending,Mutton Haleem & Kulcha Thali (Qty: 1)
QaKad4OKX01gw1fkj2kl,"Nov 29, 2025, 06:37 AM",Tausif Khan,funckewerner@proton.me,Pooja,,Ranchi,Starbucks Coffee,2,$7.36,,pending,Java Chip with chocolate sauce and Chips (Qty: 1); Belgium Chocolate Latte (Qty: 1)
T7pHfdolUbkNjND0QxQg,"Nov 29, 2025, 06:26 AM",Tausif Khan,funckewerner@proton.me,Pooja,,Ranchi,Wow! Momo,1,$7.53,,pending,Veg Himalayan Fried Momo (Qty: 4)
S8DTFyvLbzUlQ91t8aGt,"Nov 29, 2025, 06:14 AM",George Hopkins,georgehopkins19787@gmail.com,Abhishek,,Patna,Wow! Momo,1,$10.65,,pending,Red Bull (Qty: 5)
lgDppUKArPsIu2j4u0iY,"Nov 29, 2025, 06:13 AM",George Hopkins,georgehopkins19787@gmail.com,Abhishek,,Patna,Wow! Momo,1,$10.65,,pending,Red Bull (Qty: 5)
V2jdJpplaTMYiHTQHZ77,"Nov 29, 2025, 05:45 AM",Tausif Khan,funckewerner@proton.me,Hassan Raza,,New Delhi,Biryani Blues,2,$15.03,,pending,Hyderabadi Mutton Dum Biryani (Boneless) (Qty: 1); Hyderabadi Chicken Dum Biryani Boneless (Qty: 2)
V8ICB8iHUo6pemPxKq9i,"Nov 29, 2025, 01:03 AM",George Hopkins,georgehopkins19787@gmail.com,Abhishek,,Patna,Biryani & Kabab Cafe,2,$6.47,,pending,Paneer Tikka (Qty: 1); Chicken Wings (Qty: 1)
DR0SJvnSwI2hqeCbBPis,"Nov 28, 2025, 04:06 AM",George Hopkins,georgehopkins19787@gmail.com,Abhishek,,Patna,Cafe Coffee Day,1,$8.97,,pending,Double Choco Chip Cookies Twin Pack (150gm each) (Qty: 2)
pozWCTEr3tggLQ2B76aR,"Nov 27, 2025, 11:43 PM",Poojitha Arangam,pooji369a@gmail.com,Naga Kiran Varanasi,,Bengaluru,RNR Biryani - Taste of 1953,2,$6.39,,pending,Chicken Kebab (Qty: 1); Donne Mutton Biryani (Regular Packaging) (Qty: 1)
0uHgWDt7ADJODVIuL3ag,"Nov 27, 2025, 02:45 PM",George Hopkins,georgehopkins19787@gmail.com,Abhishek,,Patna,Cafe Coffee Day,1,$6.73,,pending,Coffee Powder - Arabica - 100% Coffee (Qty: 2)
WT14xrd2FIetjBnR2pFS,"Nov 27, 2025, 08:14 AM",Poojitha Arangam,pooji369a@gmail.com,Naga Kiran Varanasi,,Bengaluru,McDonald's,2,$5.65,,pending,Chicken Maharaja Mac Burger Combo (Qty: 1); Big Spicy Chicken Wrap (Qty: 1)
BScxHBitu7TQ6Yf0AZic,"Nov 27, 2025, 06:37 AM",George Hopkins,georgehopkins19787@gmail.com,Shubham,,Patna,Batido The Shake Paradise,3,$9.52,,pending,Caramel Oreo Shake (Qty: 1); Chicken Popcorn (Qty: 1); Hot Wings 4 Pcs (Qty: 2)
7FjoKxUmecCACLniIj20,"Nov 27, 2025, 05:45 AM",George Hopkins,georgehopkins19787@gmail.com,Abhishek,,Patna,PVR Cafe,2,$6.67,,pending,Large Popcorn Cheese (Qty: 1); Chicken Steamed Momos (Qty: 2)
EmyKqzcn5dwqfdxWsver,"Nov 27, 2025, 05:42 AM",George Hopkins,georgehopkins19787@gmail.com,Shubham,,Patna,Subway,1,$10.98,,pending,Raw Coconut Water 180ml (Qty: 10)
XS24FiElw9yf8YelVRqd,"Nov 27, 2025, 04:31 AM",George Hopkins,georgehopkins19787@gmail.com,Abhishek,,Patna,Kathi Rolls Junction,2,$3.35,,pending,Kashmiri Chicken Cheese Roll (Qty: 1); Double Chicken Tikka Roll  (Qty: 1)
Gk8uLjoJ08qUDSQrEsJI,"Nov 27, 2025, 03:33 AM",George Hopkins,georgehopkins19787@gmail.com,Abhishek,,Patna,Pista House,1,$7.42,,pending,Dum Ka Mutton (Qty: 1)
ckSNp6fjQKeRVpwO3AyX,"Nov 26, 2025, 05:48 PM",George Hopkins,georgehopkins19787@gmail.com,Abhishek,,Patna,Subway,1,$4.34,,pending,Cheesy Chicken Tikka (Qty: 1)
9rwJFPuqgBWK5ITXDaXv,"Nov 26, 2025, 05:36 PM",Dhwani Nijhawan,dhwani.nijhawan@gmail.com,Sushil Behl ,,Vadodara,Theobroma,1,$6.47,,pending,Eggless Butterscotch & Milk Chocolate Cake [560g] (Qty: 1)
UtKa5MC3xvCxBqIMUV5h,"Nov 26, 2025, 09:08 AM",Tausif Khan,funckewerner@proton.me,Hassan Raza,,New Delhi,Defence Bakery,1,$7.36,,pending,Truffle Cake (Chocolate) (Qty: 1)
4IKEzlXwtTI4HvZzeOV0,"Nov 26, 2025, 08:42 AM",Tausif Khan,funckewerner@proton.me,Hassan Raza,,New Delhi,Biryani Blues,1,$8.92,,pending,Hyderabadi Chicken Dum Biryani Boneless (Qty: 2)
Y6YGSyI3XvbUbuJpJtZ5,"Nov 26, 2025, 06:41 AM",Ravi Kaju,ravi1337kaji@gmail.com,Rhythm,,Patna,The Downtown Cafe,1,$3.40,,pending,Chicken Chilli Gravy (Qty: 1)
zgHSknUEMrLnDLUrSsB3,"Nov 26, 2025, 03:57 AM",George Hopkins,georgehopkins19787@gmail.com,Abhishek,,Patna,Patna Delicious,1,$3.95,,pending,Chicken Curry (Qty: 1)
NDtWbKrDMHC6PsgiXzWZ,"Nov 26, 2025, 01:57 AM",Tausif Khan,funckewerner@proton.me,Hassan Raza,,New Delhi,Zahra Restaurant & Cafe,2,$15.21,,pending,Rumali Roti (Qty: 20); Mutton Handi (Qty: 1)
b118vca34kuUp8YMLoWg,"Nov 25, 2025, 11:18 PM",Tausif Khan,funckewerner@proton.me,Pooja,,Ranchi,Hot Lips,4,$10.83,,pending,Veg Schezwan Fried Rice (Qty: 1); Veg Chowmein (Qty: 1); Veg Manchurian (Qty: 1); Potato Chilli (Qty: 1)
YYz8Ryx82aGUaxIxsd1r,"Nov 25, 2025, 10:16 PM",Athahar,athahar@gmail.com,Ashfaq,,Manipal,Behrouz Biryani,7,$52.45,,pending,"Dum Gosht Biryani (Dum Mutton Biryani, Boneless) (Qty: 2); Murgh Koobideh (Chicken Tikki Kebab) (Qty: 2); Gosht Haleem (Mutton Haleem) (Qty: 2); Dilkhush Narm Kulcha (Pack of 4) (Qty: 2); Shaandaar Paneer Curries Combo (Serves 2) (Qty: 1); Gulab Jamun Box (Pack of 10) (Qty: 1); Mehfooz Makhmali Murgh Biryani (Murgh Afghani Tikka Biryani) (Qty: 2)"
8txbTX7Ewoj1RJMjL54d,"Nov 25, 2025, 03:51 PM",George Hopkins,georgehopkins19787@gmail.com,Abhishek,,Patna,Pramod Laddu Bhandar,1,$3.70,,pending,Rasgulla (Qty: 15)
IfnsPlCE9TAtH2W5an35,"Nov 25, 2025, 03:47 PM",George Hopkins,georgehopkins19787@gmail.com,Abhishek,,Patna,Pramod Laddu Bhandar,1,$2.64,,pending,Gulab Jamun (Qty: 7)
rwWJpNIhC294pEaMs7wJ,"Nov 25, 2025, 02:37 PM",George Hopkins,georgehopkins19787@gmail.com,Abhishek,,Patna,Krishnashree,1,$5.30,,pending,Walnut (Qty: 1)
x2PaSnVWy9cOHFLTwsdT,"Nov 25, 2025, 02:21 PM",George Hopkins,georgehopkins19787@gmail.com,Abhishek,,Patna,Krishnashree,1,$5.30,,pending,Roasted Makhana(peri Peri) (Qty: 3)
RlqsUzqr718WZpI5mIDB,"Nov 25, 2025, 07:46 AM",Ravi Kaju,ravi1337kaji@gmail.com,Rhythm,,Patna,KFC,3,$9.99,,pending,Chicken Popcorn - Large (Qty: 1); Hot Chicken Wings - 4 pcs (Qty: 2); Popcorn Chicken Rice Bowl - Biryani Style (Qty: 1)
BA1lBnps4LhESAOa9MTw,"Nov 25, 2025, 06:45 AM",Ravi Kaju,ravi1337kaji@gmail.com,Rhythm,,Patna,Domino's Pizza,2,$9.86,,pending,Taco Mexicana Non Veg (Qty: 1); Sourdough Slim Fiery Peri Peri Chicken Pizza (Med) (Qty: 1)
b7xFICdk65n8RA63QaFx,"Nov 25, 2025, 06:44 AM",Ravi Kaju,ravi1337kaji@gmail.com,Rhythm,,Patna,Sardar-Ji-Bakhsh Coffee,2,$6.79,,pending,Hazelnut Cappuccino (Qty: 1); Berry Kombucha (Qty: 1)
sLMhhCP3t1BbOlZ3jRAa,"Nov 24, 2025, 05:56 AM",George Hopkins,georgehopkins19787@gmail.com,Shubham,,Patna,Pista House,1,$6.46,,pending,Garlic Fish Tikka (Qty: 1)
1SFotKamCRcfuwgHYpEr,"Nov 24, 2025, 05:55 AM",George Hopkins,georgehopkins19787@gmail.com,Shubham,,Patna,Batido The Shake Paradise,2,$3.71,,pending,Belgium Chocolate (Qty: 1); Caramel Chocochips Shake (Qty: 1)
zVjne7mn81v0OhHTBvNd,"Nov 24, 2025, 03:30 AM",George Hopkins,georgehopkins19787@gmail.com,Abhishek,,Patna,IGP Cakes,2,$5.74,,pending,Assorted Cupcakes (Pack of 4) (Qty: 1); Velvety Bar Chocolate (45 Gm) (Qty: 1)
uJFrxyDfjUvwgOtoCzy3,"Nov 24, 2025, 02:24 AM",Tausif Khan,funckewerner@proton.me,Tausif Khan,,New Delhi,Biryani Blues,3,$15.27,,pending,Hyderabadi Mutton Dum Biryani (Boneless) (Qty: 1); Hyderabadi Chicken Dum Biryani Boneless (Qty: 1); Hyderabadi Chicken Dum Biryani (Leg Pcs) (Qty: 1)
We0oe2RPjh6VKffWpHSF,"Nov 23, 2025, 06:11 PM",George Hopkins,georgehopkins19787@gmail.com,Abhishek,,Patna,Bansi Vihar Restaurant,1,$2.35,,pending,Butter Masala Dosa (Qty: 1)
AiLODKfFHXdrtWFVIngv,"Nov 23, 2025, 08:43 AM",George Hopkins,georgehopkins19787@gmail.com,Abhishek,,Patna,Starbucks Coffee,1,$4.30,,pending,Velvet Vanilla Latte (Qty: 1)
z1KzFdOd2UjEwpjI13Jd,"Nov 23, 2025, 08:02 AM",George Hopkins,georgehopkins19787@gmail.com,Abhishek,,Patna,Patna Delicious,1,$7.91,,pending,Chicken Curry (Qty: 2)
nt58p29jZX91HCEJX0Fv,"Nov 23, 2025, 05:09 AM",Tausif Khan,funckewerner@proton.me,Pooja,,Ranchi,Hot Lips,3,$8.59,,pending,Crispy Baby Corn Chilli (Qty: 1); Veg Chowmein (Qty: 1); Veg Manchurian (Qty: 1)
LO9HafHk919r13BVlAed,"Nov 23, 2025, 04:06 AM",George Hopkins,georgehopkins19787@gmail.com,Aman Bhanu Nagar,,Siliguri,Starbucks Coffee,1,$3.83,,pending,Hazelnut Caffe Latte (Qty: 1)
6Yj3W3QslKiFFVEM5vvx,"Nov 23, 2025, 01:47 AM",Tausif Khan,funckewerner@proton.me,Hassan Raza,,New Delhi,BOX8 - Desi Meals,3,$11.26,,pending,Butter Chicken Punjabi Thali (Qty: 1); Kadhai Chicken Thali (Qty: 1); Homestyle Chicken Curry Thali (Qty: 1)
fLBfxgyiLHxmmKwb5Zsj,"Nov 23, 2025, 12:41 AM",Poojitha Arangam,pooji369a@gmail.com,Naga Kiran Varanasi,,Bengaluru,"Dindigul Thalappakatti - Since 1957
",2,$7.85,,pending,Mutton Sukka (Qty: 1); Thalappakatti Naidu Mutton Biryani (Qty: 1)
25WD8rhNoeroLrkUgxKV,"Nov 22, 2025, 07:23 AM",Tausif Khan,funckewerner@proton.me,Hassan Raza,,New Delhi,Pink Box,1,$16.48,,pending,Chocolate Truffle Cake [1kg] (Qty: 1)
XV01k0yONZu7Rt4Fsx78,"Nov 22, 2025, 05:34 AM",Tausif Khan,funckewerner@proton.me,Hassan Raza,,New Delhi,Nazeer Foods,2,$9.42,,pending,Mutton Nihari 4 Pcs (Qty: 1); Rumali Roti  (Qty: 6)
eNjj0Vq5FxcdAgzRuRmR,"Nov 22, 2025, 05:31 AM",Tausif Khan,funckewerner@proton.me,Hassan Raza,,New Delhi,Zahra Restaurant And Cafe,1,$8.47,,pending,Shami Kebab (2 Pcs) (Qty: 3)
WXJfCYjcdgvOjNZapmRH,"Nov 22, 2025, 05:29 AM",Tausif Khan,funckewerner@proton.me,Hassan Raza,,New Delhi,Biryani Blues,2,$9.16,,pending,Hyderabadi Chicken Dum Biryani Boneless (Qty: 1); Hyderabadi Chicken Dum Biryani (Leg Pcs) (Qty: 1)
e3Z41T2m0yA1jVB32gyR,"Nov 22, 2025, 02:53 AM",George Hopkins,georgehopkins19787@gmail.com,Abhishek,,Patna,Champaran Meat House,1,$3.52,,pending,Mutton Jeera Rice Half ( 2pc. Mutton + Half Jeera Rice) (Qty: 1)
CIBCdS7tDYBoDK4IUjVd,"Nov 22, 2025, 02:14 AM",Tausif Khan,funckewerner@proton.me,Hassan Raza,,New Delhi,Biryani By Kilo,1,$9.40,,pending,Mutton Hyderabadi Dum Biryani [1/2 Kg] Serves 1-2 (Qty: 1)
XxzkwEcHOUc81Mwj9e1L,"Nov 22, 2025, 12:05 AM",Tausif Khan,funckewerner@proton.me,Hassan Raza,,New Delhi,KFC,1,$9.40,,pending,Hot & Crispy Chicken - 8 pcs (Qty: 1)
A3fH0Qi2j6qbB3Bhe6Ll,"Nov 21, 2025, 10:18 PM",Tausif Khan,funckewerner@proton.me,Hassan Raza,,New Delhi,Biryani By Kilo,2,$15.28,,pending,Mutton Hyderabadi Dum Biryani [1/2 Kg] Serves 1-2 (Qty: 1); Chicken Hyderabadi Dum Biryani [1/2 Kg]. Serves 1-2 (Qty: 1)
as6m0iDKT8tpmLAATZC4,"Nov 21, 2025, 03:17 PM",George Hopkins,georgehopkins19787@gmail.com,Abhishek,,Patna,Champaran Meat House,1,$11.04,,pending,Mutton Ahuna (Qty: 2)
E0WaRftWrlCIuRFxcEZ9,"Nov 21, 2025, 07:11 AM",George Hopkins,georgehopkins19787@gmail.com,Shubham,,Patna,Crusto's - Cheese Burst Pizza By Olio,2,$9.40,,pending,Crusto's Chicken Pepperoni Pizza (Qty: 1); Diet Coke (Qty: 6)
C3YBFkt1o0JKU2taCvYN,"Nov 21, 2025, 06:54 AM",George Hopkins,georgehopkins19787@gmail.com,Shubham,,Patna,Pista House,1,$7.65,,pending,Zafrani Kebab-8pcs (Qty: 1)
7CnRGniiQMoR70hiB7bm,"Nov 21, 2025, 06:52 AM",George Hopkins,georgehopkins19787@gmail.com,Shubham,,Patna,Pista House,1,$6.46,,pending,Garlic Fish Tikka (Qty: 1)
GKIaIvplKU6yvGCXH4qD,"Nov 21, 2025, 06:50 AM",George Hopkins,georgehopkins19787@gmail.com,Shubham,,Patna,PVR Cafe,1,$2.93,,pending,Large Popcorn Cheese (Qty: 1)
kJuXwACjtekgvrRsM2DO,"Nov 21, 2025, 03:57 AM",George Hopkins,georgehopkins19787@gmail.com,Abhishek,,Patna,Harilal's,1,$9.45,,pending,Gulab Jamun (Qty: 1)
kA1BDluTl3T1GRpy1ZBd,"Nov 20, 2025, 07:31 PM",Dhwani Nijhawan,dhwani.nijhawan@gmail.com,Sheetal Sunil,,Vadodara,Theobroma,1,$9.71,,pending,Blueberry    Cheesecake [500g] (Qty: 1)
HEbk8Ej5TJOlgnNivjKe,"Nov 20, 2025, 06:59 AM",Poojitha Arangam,pooji369a@gmail.com,Naga Kiran Varanasi,,Bengaluru,Chowman,2,$5.87,,pending,Fish Pepper Salt (10 Pcs) (Qty: 1); Lemon Chicken (12 Pcs) (Qty: 1)
PsWRwTugQ5CNg5v9HF5I,"Nov 20, 2025, 05:31 AM",George Hopkins,georgehopkins19787@gmail.com,Shubham,,Patna,Secret Shawarma,1,$10.53,,pending,Chicken Cheese Shawarma (Qty: 5)
IUycpkmSxo4ovnFmsVgD,"Nov 19, 2025, 09:17 AM",George Hopkins,georgehopkins19787@gmail.com,Abhishek,,Patna,The Bamboo Biryani,2,$8.57,,pending,Chicken Hyderabadi Dum Biryani (Qty: 1); Hyderabadi Chicken Dum Biryani Thali (Qty: 1)
9vLbulgzSAFjbd3wxdCH,"Nov 19, 2025, 08:41 AM",Tausif Khan,funckewerner@proton.me,Hassan Raza,,New Delhi,KFC,3,$11.48,,pending,Hot & Crispy Chicken - 8 pcs (Qty: 1); Choco Lava Cake (Qty: 1); Pepsi 475ml Pet (Qty: 1)
AinF7a0t9lmxFwL4Xk7m,"Nov 19, 2025, 07:30 AM",Tausif Khan,funckewerner@proton.me,Hassan Raza,,New Delhi,Biryani By Kilo,2,$17.62,,pending,Chicken Hyderabadi Dum Biryani [1/2 Kg]. Serves 1-2 (Qty: 2); Chicken Lucknowi Biryani [1/2Kg] Serves 1-2 (Qty: 1)
SC0dpgXlZVqOQVBpxsNU,"Nov 19, 2025, 07:24 AM",Poojitha Arangam,pooji369a@gmail.com,Naga Kiran Varanasi,,Bengaluru,Rajdhani,2,$4.15,,pending,Methi Thepla And Batata Nu Shaak (Qty: 1); Bhindi Sambhariya (Qty: 1)
Ng5RugnuknYPFTCiQdr9,"Nov 19, 2025, 06:13 AM",George Hopkins,georgehopkins19787@gmail.com,Abhishek,,Patna,Behrouz Biryani,3,$6.51,,pending,Murgh Kefta (Chicken Meatball Kebab) (Qty: 1); Murgh Koobideh (Chicken Tikki Kebab) (Qty: 1); Chicken Tikka Kathi Roll (Qty: 1)
VxzhH38vyy7C0CIw8VLI,"Nov 18, 2025, 10:50 PM",Divleen Kaur,divleen_k81@hotmail.com,Kawaljit Kaur,,New Delhi,Nirula's,3,$13.38,,pending,Jamoca Almond Fudge Tub (600 Ml) (Qty: 1); Pineapple Pop Tub (600 Ml) (Qty: 1); Zafrani Badaam Pista Tub (600 Ml) (Qty: 1)
T2JaVo3fZ16fd8HUIVDg,"Nov 18, 2025, 10:15 PM",George Hopkins,georgehopkins19787@gmail.com,Shubham,,Patna,Imperial Hideout,1,$4.18,,pending,Non Veg Thali (Qty: 1)
LkBjRMm7T4pRGKgORNQY,"Nov 18, 2025, 11:22 AM",George Hopkins,georgehopkins19787@gmail.com,Abhishek,,Patna,Krishnashree,1,$6.36,,pending,Masala Kaju [300 Grams] (Qty: 1)
Juqn2Q73FgxgP5DjGqgi,"Nov 18, 2025, 08:37 AM",Poojitha Arangam,pooji369a@gmail.com,Naga Kiran Varanasi,,Bengaluru,"Faasos - Wraps, Rolls & Shawarma",2,$3.38,,pending,Classic Smoky Chicken Shawarma . (Qty: 1); Egg Cheese Chicken Sausage Wholewheat Wrap (Qty: 1)
TotL3P2fZ7lXYncayPCV,"Nov 18, 2025, 01:40 AM",Tausif Khan,funckewerner@proton.me,Hassan Raza,,New Delhi,KFC,1,$18.81,,pending,Hot & Crispy Chicken - 8 pcs (Qty: 2)
OZzvQoCtMstttsP4vGnX,"Nov 18, 2025, 01:32 AM",Tausif Khan,funckewerner@proton.me,Hassan Raza,,New Delhi,Biryani By Kilo,1,$18.81,,pending,Mutton Hyderabadi Dum Biryani [1/2 Kg] Serves 1-2 (Qty: 2)
XooEuBU5Ung3Pi0z3uHR,"Nov 17, 2025, 10:43 PM",Divleen Kaur,divleen_k81@hotmail.com,Kawaljit Kaur,,New Delhi,Giani,2,$10.49,,pending,Coffee Walnut Ice Cream (Qty: 1); Giani Special Ice Cream (No Added Sugar) (Qty: 1)
Qzl3QIo32ZTh1cvi3i58,"Nov 17, 2025, 12:58 PM",George Hopkins,georgehopkins19787@gmail.com,Abhishek,,Patna,Madras Dosa House,2,$5.06,,pending,Ghee Paneer Aloo Masala Dosa (Qty: 1); Butter Paneer Aloo Masala Dosa (Qty: 1)
hbH9jSUBUcmvQCMtN0Bx,"Nov 17, 2025, 08:31 AM",George Hopkins,georgehopkins19787@gmail.com,Abhishek,,Patna,Goila Butter Chicken,1,$4.11,,pending,Butter Chicken Thali (Qty: 1)
EyiwyxOAQ3fFumIOl9Yy,"Nov 16, 2025, 10:56 PM",Divleen Kaur,divleen_k81@hotmail.com,Kawaljit Kaur,,New Delhi,Burger King,3,$6.79,,pending,"King Fries (Qty: 1); Crispy Chicken Double Patty Burger (Qty: 1); Korean Spicy Chicken Burger, (Qty: 1)"
e2Wz6KfmKyttYLotLB88,"Nov 16, 2025, 03:15 AM",Tausif Khan,funckewerner@proton.me,Hassan Raza,,New Delhi,Biryani By Kilo,2,$15.28,,pending,Mutton Hyderabadi Dum Biryani [1/2 Kg] Serves 1-2 (Qty: 1); Chicken Hyderabadi Dum Biryani [1/2 Kg]. Serves 1-2 (Qty: 1)
mAzS0k6JOiYBwYEN9woK,"Nov 16, 2025, 02:27 AM",Spoorthi Madan,spoorimad@gmail.com,Dheeksha ,,Bengaluru,Onesta,5,$9.71,,pending,Tiramisu Jar (Qty: 1); Cheese Garlic Bread (Qty: 1); Mexican Veggie Delight Pizza (Qty: 1); Chicken Tikka Delight Pizza (Qty: 1); Virgin Mojito Classic (Qty: 1)
RxLQo5ekRNKNzuis6QGD,"Nov 16, 2025, 02:27 AM",George Hopkins,georgehopkins19787@gmail.com,Abhishek,,Patna,Ji Hujur,2,$7.52,,pending,Chicken Chowmein (Qty: 1); Chicken Chilli Gravy Bone (Qty: 1)
JLuYwQGeur2igMy1SGIg,"Nov 16, 2025, 01:52 AM",Tausif Khan,funckewerner@proton.me,Hassan Raza,,New Delhi,KFC,2,$12.92,,pending,Hot & Crispy Chicken -6pc (Qty: 1); Spicy Zinger Burger (Qty: 2)
7yfYetlCkYqkss00RDor,"Nov 15, 2025, 06:04 AM",George Hopkins,georgehopkins19787@gmail.com,Abhishek,,Patna,Champaran Meat House,2,$9.04,,pending,Mutton Ahuna (Qty: 1); Mutton Jeera Rice Half ( 2pc. Mutton + Half Jeera Rice) (Qty: 1)
DaX7FfS6cMjamgrQM3kc,"Nov 15, 2025, 03:49 AM",Tausif Khan,funckewerner@proton.me,Hassan Raza,,New Delhi,Thalairaj Biryani,2,$11.29,,pending,Red Bull Can (Qty: 4); Monster Energy Drink (350 Ml) (Qty: 2)
uKTTgDLp3LOGauPHSwwm,"Nov 15, 2025, 01:04 AM",Tausif Khan,funckewerner@proton.me,Hassan Raza,,New Delhi,Biryani By Kilo,2,$15.28,,pending,Mutton Hyderabadi Dum Biryani [1/2 Kg] Serves 1-2 (Qty: 1); Chicken Hyderabadi Dum Biryani [1/2 Kg]. Serves 1-2 (Qty: 1)
tAIFXrpe8gBsaqbMI2uh,"Nov 14, 2025, 03:24 PM",Tausif Khan,funckewerner@proton.me,Hassan Raza,,New Delhi,Biryani Blues,2,$10.80,,pending,Hyderabadi Mutton Dum Biryani (Boneless) (Qty: 1); Hyderabadi Chicken Dum Biryani (Leg Pcs) (Qty: 1)
ZE2TNS2x9nYx9ik84AqI,"Nov 14, 2025, 01:41 PM",George Hopkins,georgehopkins19787@gmail.com,Abhishek hotel,,Siliguri,Crusto's - Cheese Burst Pizza By Olio,1,$10.59,,pending,Coke (Qty: 15)
Jstfdyv8NdbAYSygd5Ak,"Nov 14, 2025, 08:27 AM",Ravi Kaju,ravi1337kaji@gmail.com,Rhythm,,Patna,Subway,1,$3.52,,pending,Egg'n Chicken Melt (Qty: 1)
MNEl8aPNKbspPjOGQL8l,"Nov 14, 2025, 06:42 AM",George Hopkins,georgehopkins19787@gmail.com,Shubham,,Patna,Pista House,1,$6.46,,pending,Garlic Fish Tikka (Qty: 1)
v3eRtYgwgvPYh5psU1kr,"Nov 14, 2025, 05:25 AM",George Hopkins,georgehopkins19787@gmail.com,Shubham,,Patna,Pista House,1,$6.46,,pending,Murg Malai Kebab (Qty: 1)
wXicdTiAhKG1S4IBCAl1,"Nov 14, 2025, 05:20 AM",George Hopkins,georgehopkins19787@gmail.com,Shubham,,Patna,Pista House,1,$6.46,,pending,Garlic Fish Tikka (Qty: 1)
iwDMGFNXFqG2DOP9Qxvm,"Nov 14, 2025, 04:55 AM",George Hopkins,georgehopkins19787@gmail.com,Abhishek hotel,,Siliguri,Epare Bangla,2,$5.65,,pending,Murgi Kosha (Qty: 1); Steamed Rice (full) (Qty: 1)
AudxA0wVxEO18GE3fdAQ,"Nov 14, 2025, 02:56 AM",George Hopkins,georgehopkins19787@gmail.com,Shubham,,Patna,7th Heaven Cake Shop,1,$5.86,,pending,Blueberry Bliss Delight Premium Cake (Qty: 1)
PA7ZqoaqCamsA8iD74Ye,"Nov 14, 2025, 02:29 AM",George Hopkins,georgehopkins19787@gmail.com,Abhishek,,Patna,Crusto's - Cheese Burst Pizza By Olio,1,$8.47,,pending,Coke (Qty: 12)
sizwBAz7vq7voHXkBSwZ,"Nov 13, 2025, 10:24 PM",gurpreet gurpreet,gurpreetbagga431@gmail.com,Ashwani Kumar ,,Hambran,KFC,4,$41.61,,pending,Pack of 4 Dips -20gm each (Qty: 1); Hot & Crispy Chicken - 8 pcs (Qty: 2); 5 Pc Smoky Chicken Mojito Combo (Qty: 1); Full House Popcorn Chicken Bucket (Qty: 1)
3WqAYRSqLGXLFuJgwp1I,"Nov 13, 2025, 10:02 PM",Poojitha Arangam,pooji369a@gmail.com,Naga Kiran Varanasi,,Bengaluru,Varahi Spice Heritage,3,$3.09,,pending,White rice (Qty: 1); Curd rice (Qty: 1); Gutti vankaya (Qty: 1)
L3qMPCOJeMn4EuVQ9iM6,"Nov 13, 2025, 05:58 PM",Satyabrata Majumder,majumder.satyabrata@gmail.com,Prabir Mukherjee,,Kolkata,Asia Kitchen by Mainland China,4,$29.37,,pending,Basil Flavoured Chicken Dumplings (6 Pcs)(Ak) (Qty: 1); Wok Tossed Noodles Vegetable (Ak) (Qty: 1); Shrimps In Roasted Garlic Sauce(Ak) (Qty: 1); Tom Yum Soup Chicken (Ak) (Qty: 2)
FiepX8oaOdRPnAgAlfXK,"Nov 13, 2025, 05:55 AM",George Hopkins,georgehopkins19787@gmail.com,Shubham,,Patna,Secret Shawarma,1,$10.53,,pending,Chicken Cheese Shawarma (Qty: 5)
FOy2bZ26dMm1Ki3n2TJY,"Nov 13, 2025, 04:16 AM",George Hopkins,georgehopkins19787@gmail.com,Abhishek,,Patna,Crusto's - Cheese Burst Pizza By Olio,1,$8.47,,pending,Coke (Qty: 12)
mNOUNZvca70uV8nA4MXk,"Nov 12, 2025, 09:03 PM",Poojitha Arangam,pooji369a@gmail.com,Naga Kiran Varanasi,,Bengaluru,Salad Days,1,$2.46,,pending,Roasted Tomato & Bell Pepper Soup (Qty: 1)
VjWOJJdGeIWjXZIADBWe,"Nov 12, 2025, 09:01 PM",Poojitha Arangam,pooji369a@gmail.com,Naga Kiran Varanasi,,Bengaluru,Aahaar Veg,2,$1.54,,pending,Set Dosa (Qty: 1); Idli [2 Pieces] (Qty: 1)
GBsd6kyjlsR0jBwAnT4G,"Nov 12, 2025, 07:41 AM",George Hopkins,georgehopkins19787@gmail.com,Abhishek,,Patna,Pista House,1,$9.30,,pending,Zafrani Chicken Biryani (plate) (Qty: 2)
IjZdlmE5FWdVTBbFB1Rk,"Nov 12, 2025, 07:38 AM",George Hopkins,georgehopkins19787@gmail.com,Abhishek,,Patna,Pramod Laddu Bhandar,1,$2.22,,pending,Rasgulla (Qty: 9)
w7ajii2EEjNgKJRsUIIE,"Nov 11, 2025, 11:04 PM",Poojitha Arangam,pooji369a@gmail.com,Naga Kiran Varanasi,,Bengaluru,Meghana Foods,2,$6.44,,pending,Lemon Chicken (Qty: 1); Meghana Special Boneless Biryani (Qty: 1)
IfdzT7tC3neZ3sJsTlyI,"Nov 11, 2025, 06:47 AM",George Hopkins,georgehopkins19787@gmail.com,Abhishek,,Patna,Crusto's - Cheese Burst Pizza By Olio,1,$7.77,,pending,Coke (Qty: 11)
hRFyHYUxhwi4RCUPqNgu,"Nov 11, 2025, 04:29 AM",George Hopkins,georgehopkins19787@gmail.com,Aman Bhanu Nagar,,Siliguri,Beijing Bites,2,$7.04,,pending,Egg Chicken Schezwan Fried Rice (Qty: 1); Hunan Prawns (Qty: 1)
8DAVHzSCKlvXVYoKvGMH,"Nov 10, 2025, 11:59 PM",George Hopkins,georgehopkins19787@gmail.com,Abhishek hotel,,Siliguri,Beijing Bites,2,$6.87,,pending,Chicken Butter Garlic Rice (Qty: 1); Chilli Fish     (Qty: 1)
vFHsInlLCSDyXHxEp1W5,"Nov 10, 2025, 02:04 PM",George Hopkins,georgehopkins19787@gmail.com,Abhishek hotel,,Siliguri,Aminia,1,$7.36,,pending,Mutton Special Biryani (1 Plate) (Qty: 1)
bDGFdQnNKyMcpbnuhESw,"Nov 10, 2025, 01:56 PM",George Hopkins,georgehopkins19787@gmail.com,Abhishek hotel,,Siliguri,Kolkata Alishan Biryani,1,$2.94,,pending,Special Chicken Biryani (Qty: 1)
5sVm7tEUbDG9TyDgJSeJ,"Nov 10, 2025, 01:56 PM",George Hopkins,georgehopkins19787@gmail.com,Abhishek hotel,,Siliguri,Epare Bangla,1,$8.00,,pending,Ilish Thali (Qty: 1)
Jrn20ICWlXv8a9yXCOz2,"Nov 10, 2025, 08:37 AM",George Hopkins,georgehopkins19787@gmail.com,Abhishek,,Patna,Real Champaran Meat House,1,$5.37,,pending,Handi Mutton Ahuna (Qty: 1)
6jB2bHd8K07qWoq65Q1B,"Nov 10, 2025, 08:21 AM",George Hopkins,georgehopkins19787@gmail.com,Abhishek,,Patna,Real Champaran Meat House,1,$2.98,,pending,Mutton Stew Jeera Rice Thali (Qty: 1)
aeuYG9r6wY9YE4DAw8DC,"Nov 10, 2025, 06:34 AM",Spoorthi Madan,spoorimad@gmail.com,Usha madan ,,Bengaluru,Truffles,1,$7.57,,pending,Chocolate Truffle [1/2 Kg] (Qty: 1)
UX1Du1xHkbHsmYhivpL5,"Nov 10, 2025, 04:56 AM",George Hopkins,georgehopkins19787@gmail.com,Shubham new,,Varanasi,Tiffin Basket,2,$5.12,,pending,Cheese Corn Sandwich (Qty: 1); Fruit Salad { 1 Box } (Qty: 2)
gBiVBvNym809iNo39829,"Nov 10, 2025, 02:09 AM",Spoorthi Madan,spoorimad@gmail.com,Rishith M,,Bengaluru,Corner House Ice Cream,1,$2.35,,pending,Chocolate Malt Thick Shake (Qty: 1)
Jnru9GKoYIzargZOFpgp,"Nov 10, 2025, 12:30 AM",George Hopkins,georgehopkins19787@gmail.com,Shubham new,,Varanasi,Bikanervala,2,$8.00,,pending,Choley Bhature (Qty: 2); Lassi Kesaria (Qty: 3)
5EmiiBWRxhOCYjcnQyHf,"Nov 10, 2025, 12:28 AM",George Hopkins,georgehopkins19787@gmail.com,Shubham new,,Varanasi,Bikanervala,1,$9.30,,pending,Delux Thali (Qty: 2)
zUYzy74D4I6vY4D3mpd8,"Nov 10, 2025, 12:12 AM",Ravi Kaju,ravi1337kaji@gmail.com,Aman,,Bengaluru,Daily Sushi,1,$9.89,,pending,Salmon Gunkan Sushi - 6 Pcs (Qty: 1)
KZVMTE7zN95NLg6Cc0VA,"Nov 9, 2025, 11:29 PM",George Hopkins,georgehopkins19787@gmail.com,Abhishek,,Patna,Kumar Biryani park,1,$9.12,,pending,Monster Energy Drink (Qty: 5)
NtnRYpCaIA2QlZW37cMR,"Nov 9, 2025, 11:06 AM",George Hopkins,georgehopkins19787@gmail.com,Abhishek,,Patna,Wow! Momo,1,$8.52,,pending,Red Bull (Qty: 4)
2oRZQfEU9WLig6kNUJov,"Nov 9, 2025, 11:05 AM",George Hopkins,georgehopkins19787@gmail.com,Abhishek,,Patna,Wow! Momo,1,$2.13,,pending,Red Bull (Qty: 1)
NF3fBfvX0GK2lkdpWFfP,"Nov 9, 2025, 06:03 AM",George Hopkins,georgehopkins19787@gmail.com,Aman Bhanu Nagar,,Siliguri,Epare Bangla,2,$4.94,,pending,Kochupata Chingri (Qty: 1); Luchi [4 Pcs] (Qty: 1)
fSXpe0NPY6sZP9Y9fJe3,"Nov 9, 2025, 04:19 AM",Ravi Kaju,ravi1337kaji@gmail.com,Rhythm,,Patna,Hotel Apsara,1,$6.24,,pending,Mutton Biryani (Qty: 1)
I03GhAGK0cEu9cpznwM8,"Nov 9, 2025, 01:33 AM",Ravi Kaju,ravi1337kaji@gmail.com,Rhythm,,Patna,Subway,2,$8.22,,pending,Cheesy American BBQ (Qty: 1); Cheesy Lamb Pepperoni (Qty: 1)
4yPifXB6MOrPfZ3mrXNZ,"Nov 8, 2025, 08:30 AM",Ravi Kaju,ravi1337kaji@gmail.com,Rhythm,,Patna,Desi Tadka Family Resturant,3,$7.94,,pending,Jeera Rice (Qty: 2); Stuffed Kulcha (Qty: 2); Laccha Paratha (Qty: 3)
A2Cs6r0FScJsA9O8VJ4F,"Nov 8, 2025, 07:27 AM",Ravi Kaju,ravi1337kaji@gmail.com,Rhythm,,Patna,Crusto's - Cheese Burst Pizza By Olio,2,$3.53,,pending,Coke (Qty: 4); Diet Coke (Qty: 1)
gV8twDdiOaVEqVYhFCwf,"Nov 8, 2025, 07:25 AM",Spoorthi Madan,spoorimad@gmail.com,Rishith M,,Bengaluru,LeanCrust Pizza- ThinCrust Experts,2,$4.91,,pending,Choco Lava Cake + Coke Combo @ Rs.79 (Qty: 1); 2 Regular Pizzas @ 169 each [Eligible for added... (Qty: 1)
cXAEuCRFMBVsrcXLbHqH,"Nov 7, 2025, 11:30 PM",George Hopkins,georgehopkins19787@gmail.com,Abhishek,,Patna,Subway,1,$8.54,,pending,Raw Choco Mint Protein Shake 180ml (Qty: 6)
OTWUgXGVrIkD5qnDV11k,"Nov 7, 2025, 06:55 AM",Poojitha Arangam,pooji369a@gmail.com,Naga Kiran Varanasi,,Bengaluru,California Burrito,2,$5.63,,pending,Crispy Peri Peri Chicken Burrito (Regular) (Qty: 1); PRO Bowl - Grilled Barbeque Chicken (Qty: 1)
4JzQbC4Rq5FD5BMfGMHG,"Nov 7, 2025, 06:00 AM",George Hopkins,georgehopkins19787@gmail.com,Abhishek,,Patna,Frosty Dream Ice Creams And More,3,$9.24,,pending,Amul Milk Chocolate Bar (Qty: 1); Amul Milk Velvet Chocolate Bar (Qty: 1); Amul Peanut Crunchy Chocolate (Qty: 1)
mAlXise5tesBXW1NChOR,"Nov 7, 2025, 04:01 AM",George Hopkins,georgehopkins19787@gmail.com,Abhishek,,Patna,Pista House,1,$7.65,,pending,Zafrani Kebab-8pcs (Qty: 1)
SdGH8k6HKHKPsOrKPS37,"Nov 7, 2025, 01:03 AM",sarbjeet Manku,sarbjeetksidhu5@gmail.com,Gurinder,,Barnala,Domino's Pizza,6,$7.93,,pending,"Pepper Barbecue Chicken (Qty: 1); Chicken Sausage (Qty: 1); Golden Corn (Qty: 1); Chicken Keema & Onion with Desi Makhani Sauce (Qty: 1); Paneer, Onion & Capsicum with Desi Makhani Sauce (Qty: 1); Coca Cola 475ml (Qty: 1)"
8mLky4mHpvnvzN1XeWsa,"Nov 7, 2025, 12:59 AM",George Hopkins,georgehopkins19787@gmail.com,Abhishek,,Patna,Harilal's,5,$7.93,,pending,"Deshi Ghee Kaju Dalmoth(250 g) (Qty: 1); Makhana Lachha (200 g) /Pkt (Qty: 1); Ratalami Sev (200 g) (Qty: 1); Makhana Salted
 (Qty: 1); Cornflakes Mixture (150gm) /Pkt (Qty: 1)"
dMMiluStIYGZRRv1sbTY,"Nov 6, 2025, 09:13 AM",George Hopkins,georgehopkins19787@gmail.com,Abhishek,,Patna,Subway,1,$4.34,,pending,Cheesy Lamb Pepperoni (Qty: 1)
7qCiaPuOcBzYlMvLDbQb,"Nov 6, 2025, 05:48 AM",Hemanth Peddapalli,hemanthpeddapalli@gmail.com,Venkata Rao,,Chilakaluripet,Meghana Family Restaurant,3,$10.91,,pending,Kaju tomato curry (Qty: 1); Butter naan (Qty: 4); Wings Biryani (2 Pcs) (Qty: 1)
RAbckjPiF9MQqdXoHJsf,"Nov 6, 2025, 02:59 AM",George Hopkins,georgehopkins19787@gmail.com,Abhishek,,Patna,Hotel Sidh Vedantha,1,$3.87,,pending,Bhuna Chicken (Qty: 1)
mVmjTztwMaxL93O9JRVx,"Nov 5, 2025, 09:04 PM",George Hopkins,georgehopkins19787@gmail.com,Abhishek,,Patna,Subway,1,$7.12,,pending,Raw Choco Mint Protein Shake 180ml (Qty: 5)
c0qxiNFKyqvV264kprwn,"Nov 5, 2025, 09:01 AM",George Hopkins,georgehopkins19787@gmail.com,Abhishek,,Patna,Real Champaran Meat House,2,$6.69,,pending,Ghee Wala Mutton Ahuna (Qty: 1); Jeera Rice (Qty: 1)
Qx8fxS2ZVXDv9gkQfb0e,"Nov 5, 2025, 05:34 AM",George Hopkins,georgehopkins19787@gmail.com,Shubham,,Patna,Krishnashree,1,$6.36,,pending,Cashew (Qty: 1)
7QalEI1ymY9MWsJVCDoU,"Nov 5, 2025, 03:46 AM",George Hopkins,georgehopkins19787@gmail.com,Shubham,,Patna,Domino's Pizza,1,$4.06,,pending,Choco Lava Cake Gift Hamper (Qty: 1)
IUOxhDfYnOW0EXVMsMXG,"Nov 5, 2025, 03:45 AM",George Hopkins,georgehopkins19787@gmail.com,Shubham,,Patna,Pista House,2,$14.11,,pending,Zafrani Kebab-8pcs (Qty: 1); Garlic Fish Tikka (Qty: 1)
FUnH27hvxPPOnH17DSwn,"Nov 4, 2025, 09:31 PM",Ravi Kaju,ravi1337kaji@gmail.com,Aman,,Bengaluru,Subway,1,$3.87,,pending,Tuna Signature Wrap (Qty: 1)
Zoxq5Wvdef6f76iWw6Du,"Nov 4, 2025, 08:10 PM",Domnic Fernandez,domnic8899@gmail.com,Louis Fernandes,,Hyderabad,Papa Ka Chula,2,$7.89,,pending,Spl Veg Thali (Qty: 2); VegvThali (Qty: 2)
OlTgGASPXGXyTVcHcyee,"Nov 4, 2025, 06:13 AM",George Hopkins,georgehopkins19787@gmail.com,Aman Bhanu Nagar,,Siliguri,7 Plates Fast Food Station,1,$1.62,,pending,Chicken Steamed Momo (8pcs) (Qty: 1)
rAHsj6rhXmKHau2ZVopW,"Nov 4, 2025, 05:35 AM",Ravi Kaju,ravi1337kaji@gmail.com,Rhythm,,Patna,Domino's Pizza,3,$11.56,,pending,Sprite 475ml (Qty: 1); Coca Cola 475ml (Qty: 1); Shawarma Chicken Burst Pizza (Med) (Qty: 1)
jOlGLVpOxZTcwND9Pd6y,"Nov 4, 2025, 05:32 AM",Ravi Kaju,ravi1337kaji@gmail.com,Rhythm,,Patna,KFC,3,$7.26,,pending,Smoky Red Chicken Rice Bowl - Biryani Style (Qty: 1); Virgin Mojito Reusable Bottle (Qty: 1); KFC X Snickers Choco Mousse Cake (Qty: 2)
wXfoyRSoH7yP9XEcs7KK,"Nov 4, 2025, 05:31 AM",Ravi Kaju,ravi1337kaji@gmail.com,Rhythm,,Patna,KFC,2,$9.64,,pending,Hot Chicken Wings - 4 pcs (Qty: 2); Spicy Zinger Burger and Popcorn Meal (Qty: 1)
JyHf8WyIJt1cTzk6MLiz,"Nov 4, 2025, 03:43 AM",George Hopkins,georgehopkins19787@gmail.com,Abhishek,,Patna,Champaran Meat House,1,$5.52,,pending,Mutton Ahuna (Qty: 1)
WiQLAnQhMNvkTeHqiS4A,"Nov 4, 2025, 01:06 AM",George Hopkins,georgehopkins19787@gmail.com,Abhishek,,Patna,Champaran Meat House,1,$3.52,,pending,Mutton Jeera Rice Half ( 2pc. Mutton + Half Jeera Rice) (Qty: 1)
k5ebJeEkTDsH0FWhSCz1,"Nov 3, 2025, 04:18 PM",Suganya Anand,suganya.anand@gmail.com,sunil Peter,,Bengaluru,"Dindigul Thalappakatti - Since 1957
",8,$47.86,,pending,Mutton Masala (Qty: 1); Idiyappam (Qty: 2); Thalappakatti Boneless Chicken 65 Biryani (Qty: 1); Thalappakatti Special Family Bucket Chicken Biryani (serves 4) (Qty: 1); Dindigul Nattu Kozhi Kulambu [Gravy] (Qty: 1); Nool Parotta (Qty: 3); Single Buddy Kuska With Chicken 65 And Raita (Qty: 1); Gulab Jamun (2 Pcs) (Qty: 2)
b3kfn8XQqfexVVhlWdeF,"Nov 3, 2025, 10:48 AM",George Hopkins,georgehopkins19787@gmail.com,Aman Bhanu Nagar,,Siliguri,Wow! China,2,$8.71,,pending,Egg Fried Rice Regular (Qty: 1); Chilli Garlic Prawn (Qty: 1)
9wn81pa8BSOw9z8Mbevp,"Nov 3, 2025, 08:53 AM",George Hopkins,georgehopkins19787@gmail.com,Abhishek,,Patna,Biryani Global,1,$3.05,,pending,Chicken Tikka (Qty: 1)
dDhAot4XAgxgkPQ4PiCl,"Nov 3, 2025, 03:58 AM",George Hopkins,georgehopkins19787@gmail.com,Abhishek,,Patna,Krishnashree,2,$11.65,,pending,Salted Pista [300 Grams] (Qty: 1); Walnut (Qty: 1)
89pUhLU3om3oY8ZjxDjy,"Nov 2, 2025, 11:09 PM",George Hopkins,georgehopkins19787@gmail.com,Abhishek,,Patna,Champaran Meat House,2,$6.33,,pending,Jeera Rice (Qty: 1); Mutton Ahuna (Qty: 1)
lzEQhPCT6zNHAk9IyNwC,"Nov 2, 2025, 07:57 PM",Soumya Dhar,a27dhar@yahoo.com,Indrani Dhar,,Bengaluru,Haldiram's Sweets and Namkeen,9,$34.39,,pending,Khajoor Dryfruit Burfee (Qty: 2); Namkeen Tit-Bits (Qty: 4); Kesar Malai Chamcham 1 Pc (Qty: 2); Gulab Jamun 1 Pc (Qty: 4); Namkeen Sticks (Qty: 4); Black Forest Divine Pastry 90 Gm (Qty: 2); Classic Black Forest 500 Gms (Qty: 1); Cream Cone (Qty: 4); Cookie Crumble Fusion Pops (Qty: 2)
KfKCfg9aMWxzFklcfoKj,"Nov 2, 2025, 04:51 PM",George Hopkins,georgehopkins19787@gmail.com,Abhishek,,Patna,Krishnashree,1,$12.71,,pending,Salted Kaju [300 Grams] (Qty: 2)
kkJUkPd4DkrK05LXKlf6,"Nov 2, 2025, 04:50 PM",George Hopkins,georgehopkins19787@gmail.com,Abhishek,,Patna,Krishnashree,1,$6.36,,pending,Salted Kaju [300 Grams] (Qty: 1)
ewlwub8YE9JJnrGBnbCv,"Nov 2, 2025, 05:28 AM",Smitha Vikram,smithaavikram@gmail.com,suguna,,Chennai,Sangeetha Veg Restaurant,4,$20.30,,pending,Dry Fruit Milkshake (Qty: 3); Veg Briyani Large (Qty: 1); Rava Dosai (Qty: 1); Ghee Podi Masala Dosai (Qty: 2)
OxJt45doFYXgV0Bff1nb,"Nov 2, 2025, 03:44 AM",George Hopkins,georgehopkins19787@gmail.com,Aman Bhanu Nagar,,Siliguri,Kolkata Alishan Biryani,1,$2.81,,pending,Special Mutton Biryani (Qty: 1)
yQlxNuItKnFa4FqezbQL,"Nov 2, 2025, 01:15 AM",George Hopkins,georgehopkins19787@gmail.com,Abhishek,,Patna,Hotel Sidh Vedantha,1,$3.87,,pending,Hyderabadi Chicken Biryani (Qty: 1)
hoxDR2PGdT1iGTjov8Si,"Nov 1, 2025, 01:50 PM",George Hopkins,georgehopkins19787@gmail.com,Abhishek,,Patna,Krishnashree,1,$6.36,,pending,Masala Kaju [300 Grams] (Qty: 1)
rfhDjyJKKxMZ1iU05eDk,"Nov 1, 2025, 10:25 AM",Poojitha Arangam,pooji369a@gmail.com,Naga Kiran Varanasi,,Bengaluru,Polar Bear,1,$2.14,,pending,Classic Death By Chocolate (Qty: 1)
mNGAWbkPWUvYE9JHkt9F,"Nov 1, 2025, 03:21 AM",George Hopkins,georgehopkins19787@gmail.com,Abhishek,,Patna,Tandooriwala,2,$5.64,,pending,Bhuna Chicken (Qty: 1); Cheese Butter Kulcha (Qty: 1)
wHYsqfZTorrDh5fmaPSX,"Oct 31, 2025, 11:51 PM",Poojitha Arangam,pooji369a@gmail.com,Naga Kiran Varanasi,,Bengaluru,Protein Chef,3,$6.21,,pending,High Protein South Indian Mixture (Qty: 1); Baked Coated Peanuts (Qty: 1); Tender Cocoa - Protein Bar (Qty: 5)
lx09hqh5rOk9az8bnvzB,"Oct 31, 2025, 11:45 PM",Poojitha Arangam,pooji369a@gmail.com,Naga Kiran Varanasi,,Bengaluru,Meghana Foods,3,$4.37,,pending,Green Peas Curry (Qty: 1); Tandoori Roti (Qty: 2); Garlic Naan (Qty: 2)
a6UFNhgvnIYHRDzSge9X,"Oct 31, 2025, 11:08 PM",Ravi Kaju,ravi1337kaji@gmail.com,Aman,,Bengaluru,Subway,2,$5.51,,pending,Tuna Signature Wrap (Qty: 1); Classic Cold Coffee (Qty: 1)
7Npe84Ur5HbofiNNFuAe,"Oct 31, 2025, 10:09 AM",Ravi Kaju,ravi1337kaji@gmail.com,Rhythm,,Patna,Munching Wunching,1,$3.53,,pending,Lacha Paratha (Qty: 10)
P8oK3HcgobaTVesfaZH2,"Oct 31, 2025, 10:09 AM",Ravi Kaju,ravi1337kaji@gmail.com,Rhythm,,Patna,Munching Wunching,1,$8.18,,pending,Jeera Rice (Qty: 5)
WfGYLRpjucJLuIIgwZq1,"Oct 31, 2025, 08:54 AM",Ravi Kaju,ravi1337kaji@gmail.com,Rhythm,,Patna,Wow! Momo,3,$5.49,,pending,Coca-Cola Zero Sugar 330 ml Can (Qty: 2); Coca-Cola 330 ml Can (Qty: 3); Diet Coke 330 ml Can (Qty: 2)
D4rSRohgtGrTwC7cst3w,"Oct 30, 2025, 11:35 PM",Ravi Kaju,ravi1337kaji@gmail.com,Rhythm,,Patna,KFC,2,$4.52,,pending,Chicken Popcorn - Medium (Qty: 1); Hot Chicken Wings - 4 pcs (Qty: 1)
72grSHNgknSzmJZ0qb4S,"Oct 30, 2025, 03:31 PM",George Hopkins,georgehopkins19787@gmail.com,Abhishek,,Patna,Krishnashree,1,$1.18,,pending,Multigrain Puff (Qty: 1)
X987X6eUlPslb6cldQqi,"Oct 30, 2025, 02:59 PM",George Hopkins,georgehopkins19787@gmail.com,Abhishek,,Patna,Krishnashree,1,$1.18,,pending,Lavash Crisp (Qty: 1)
zT4BvuX3qwFgXWhmMaba,"Oct 30, 2025, 02:44 PM",George Hopkins,georgehopkins19787@gmail.com,Abhishek,,Patna,Champaran Meat House,1,$5.16,,pending,Chicken Ahuna (Qty: 1)
Azj4B5NuYAkYbm0EXNYR,"Oct 30, 2025, 03:30 AM",Nancy Raj,nancyraj@yahoo.com,Louis Fernandes,,Hyderabad,Mandi House Arabian Restaurant,5,$23.73,,pending,Kunafa (Qty: 1); Reshmi Kabab (Qty: 1); Lahori Kabab (Qty: 1); Arabic Sheek Kabab (Qty: 1); Mutton Juicy Marg Mandi (Qty: 1)
Aq62j1u1faISloSYJhxO,"Oct 29, 2025, 09:10 PM",George Hopkins,georgehopkins19787@gmail.com,Abhishek,,Patna,Real Champaran Meat House,2,$6.69,,pending,Ghee Wala Mutton Ahuna (Qty: 1); Jeera Rice (Qty: 1)
dKUh2JrSDwiSC0ef5hqa,"Oct 29, 2025, 08:48 PM",Torunima Roy Chaudhuri,torunima_ganguly@yahoo.com,Sipra Ganguly ,,Kolkata,Arsalan,3,$24.26,,pending,Mutton Biryani Special (2pcs) (Qty: 1); Fish Tikka Kabab ( 4 Pcs) (Qty: 1); Prawn Malai Kabab (5 Pcs) (Qty: 1)
iLGUGg77CJVzVry3v85R,"Oct 29, 2025, 07:14 PM",George Hopkins,georgehopkins19787@gmail.com,Abhishek,,Patna,Real Champaran Meat House,1,$2.91,,pending,Ahuna Chicken Handi (Qty: 1)
CoyyqJzg6wxSRLvwLC2v,"Oct 29, 2025, 12:37 AM",Ravi Kaju,ravi1337kaji@gmail.com,Aman,,Bengaluru,Theobroma,1,$6.00,,pending,Assorted Cupcakes Box [4 Pieces] (Qty: 1)
anupQVsQ86VKXhqD3U0M,"Oct 29, 2025, 12:01 AM",Ravi Kaju,ravi1337kaji@gmail.com,Aman,,Bengaluru,Meghana Foods,1,$4.35,,pending,Meghana Special Boneless Biryani (Qty: 1)
zyJCqn91fUuo2IrWVxmJ,"Oct 28, 2025, 04:55 PM",George Hopkins,georgehopkins19787@gmail.com,Abhishek,,Patna,Champaran Meat House,2,$6.33,,pending,Jeera Rice (Qty: 1); Mutton Ahuna (Qty: 1)
6kT25Cy1Cvk8qUfnr9r2,"Oct 28, 2025, 09:36 AM",Poojitha Arangam,pooji369a@gmail.com,Naga Kiran Varanasi,,Bengaluru,McDonald's,2,$5.65,,pending,Chicken Maharaja Mac Burger Combo (Qty: 1); Big Spicy Chicken Wrap (Qty: 1)
1hLW6BYHl0hKzJlmxT2x,"Oct 28, 2025, 08:34 AM",Ravi Kaju,ravi1337kaji@gmail.com,Rhythm,,Patna,Goila Butter Chicken,2,$6.70,,pending,Goila Butter Chicken With Bone (Qty: 1); Jeera Rice. (Qty: 1)
gx0VOq3TLvJTJbYnssaM,"Oct 27, 2025, 07:35 PM",George Hopkins,georgehopkins19787@gmail.com,Abhishek,,Patna,Hotel Sidh Vedantha,2,$6.10,,pending,Hyderabadi Chicken Biryani (Qty: 1); Egg Curry (03 Pcs) (Qty: 1)
Ds2TCvxoBC0qe5J4kchI,"Oct 27, 2025, 10:21 AM",Poojitha Arangam,pooji369a@gmail.com,Naga Kiran Varanasi,,Bengaluru,A2B - Adyar Ananda Bhavan,6,$6.90,,pending,Onion Uttapam (Qty: 1); Mullu Murukku [250 Gm] (Qty: 1); Medhu Vadai (Qty: 1); Karuvepillai Podi [200 Gm] (Qty: 1); Mini Pepper Thattai 250 Gms (Qty: 1); Madras Mixture 250grams (Qty: 1)
a3IKfMwSltohZdlYH7Dq,"Oct 27, 2025, 09:27 AM",George Hopkins,georgehopkins19787@gmail.com,Abhishek,,Patna,Goila Butter Chicken,1,$4.11,,pending,Butter Paneer Thali (Qty: 1)
FPMmi2Y6u7eOD4UTtWdl,"Oct 27, 2025, 05:54 AM",Ravi Kaju,ravi1337kaji@gmail.com,Rhythm,,Patna,Paprika - Pramod Laddu Bhandar,2,$6.12,,pending,Pav Bhaji (Qty: 2); LASSI (SWEET) (V) (Qty: 1)
ZK7EbYNnrxcgg8VReb8Q,"Oct 26, 2025, 09:36 PM",George Hopkins,georgehopkins19787@gmail.com,Aman Bhanu Nagar,,Siliguri,Saffron -The Loft Hotel,1,$4.12,,pending,Chicken Cheese And Mushroom Grilled Sandwich (Qty: 1)
K8lA6iZGCVQj7rnknTov,"Oct 26, 2025, 08:43 PM",George Hopkins,georgehopkins19787@gmail.com,Abhishek,,Patna,Bansi Vihar Restaurant,1,$2.12,,pending,Masala Dosa (Qty: 1)
R7fCwOgnlsUNJIGPWaqc,"Oct 26, 2025, 09:56 AM",Poojitha Arangam,pooji369a@gmail.com,Naga Kiran Varanasi,,Bengaluru,Domino's Pizza,3,$4.88,,pending,Chicken Sausage Pizza (Qty: 1); Margherita Cheese Burst (Qty: 1); Coca Cola 475ml (Qty: 1)
DVGahM1NCBzeQdN5Rxcg,"Oct 26, 2025, 06:19 AM",Ravi Kaju,ravi1337kaji@gmail.com,Rhythm,,Patna,Domino's Pizza,4,$9.17,,pending,Double Cheese Margherita Pizza (Qty: 1); Coca Cola Zero Sugar 330ml (Qty: 1); Farmhouse Cheese Burst (Qty: 1); Coca Cola 475ml (Qty: 1)
lZGNbiyuiIkkxoLTfrTZ,"Oct 25, 2025, 11:47 PM",Poojitha Arangam,pooji369a@gmail.com,Naga Kiran Varanasi,,Bengaluru,Andhra Gunpowder,4,$6.16,,pending,Rasam (350 ml) (Qty: 1); Pappu of the Day (350 ml) (Qty: 1); Guntur Chicken Dry (400 g) (Qty: 1); Andhra Egg Curry (350 ml) (Qty: 1)
uV1ZfCBeKEPnGi6dAzmD,"Oct 25, 2025, 11:28 PM",George Hopkins,georgehopkins19787@gmail.com,Abhishek,,Patna,Subway,2,$9.27,,pending,Raw Choco Mint Protein Shake 180ml (Qty: 1); Coke Zero 330mlCan (Qty: 10)
STSLbtbxqXF0O0SiFGOx,"Oct 25, 2025, 11:21 PM",George Hopkins,georgehopkins19787@gmail.com,Abhishek,,Patna,Subway,1,$4.34,,pending,Cheesy Paneer Tikka (Qty: 1)
X4yM0a4OnyZGKoEUSEfb,"Oct 25, 2025, 11:19 PM",George Hopkins,georgehopkins19787@gmail.com,Abhishek,,Patna,Goila Butter Chicken,1,$3.52,,pending,Classic Paneer Tikka (Qty: 1)
c0cqalskJdIVfFyqHm5e,"Oct 25, 2025, 05:45 PM",raghav vadehra,raghavvadehra265@gmail.com,Rakesh vadehra,,Jalandhar,AAR KAY Vaishno Dhaba (Nakodar Road),2,$4.94,,pending,Mix Vegetable (Qty: 1); Cheese Tomato (Qty: 1)
ITTnPq1phRX6W5DUl8Pf,"Oct 25, 2025, 10:30 AM",Poojitha Arangam,pooji369a@gmail.com,Naga Kiran Varanasi,,Bengaluru,Meghana Foods,1,$3.27,,pending,Meghana Special Boneless Biryani (Qty: 1)
XXEiU43iHmAuywlgBHuF,"Oct 25, 2025, 03:24 AM",Ravi Kaju,ravi1337kaji@gmail.com,Aman,,Bengaluru,Truffles,1,$2.97,,pending,Italian Pasta Alfredo Veg (Qty: 1)
wxxDekeBqdbWOvmZQcwp,"Oct 24, 2025, 06:33 PM",George Hopkins,georgehopkins19787@gmail.com,Abhishek,,Patna,Krishnashree,1,$6.36,,pending,Masala Kaju [300 Grams] (Qty: 1)
9Su8ZITtqwJZ2kfry4pN,"Oct 24, 2025, 05:13 PM",George Hopkins,georgehopkins19787@gmail.com,Abhishek,,Patna,Krishnashree,1,$7.06,,pending,Dried Blueberry [300 Gms] (Qty: 1)
2BVmh6IRAiPZphSr4UQq,"Oct 24, 2025, 05:12 PM",George Hopkins,georgehopkins19787@gmail.com,Abhishek,,Patna,Krishnashree,1,$1.77,,pending,RAAGI GUR COOKIES (Qty: 1)
WdqgZXrlHxVDua35oZ6W,"Oct 24, 2025, 03:58 PM",Ayush Sahay,ayush_sahay2001@yahoo.com,Ravindranath Sahay,,Navi Mumbai,Barbeque Nation,1,$5.99,,pending,Premium Non-Veg Chicken Thali - Serves 1 (Qty: 1)
PtkDc7KKumygAb7HsN5O,"Oct 24, 2025, 03:57 PM",Ayush Sahay,ayush_sahay2001@yahoo.com,Ravindranath Sahay,,Navi Mumbai,Barbeque Nation,1,$18.82,,pending,Super Saver Box Non Veg (Qty: 1)
mBW3WMSJgMNPtbo8pik3,"Oct 23, 2025, 04:21 PM",George Hopkins,georgehopkins19787@gmail.com,Abhishek,,Patna,Subway,1,$4.34,,pending,Cheesy Lamb Pepperoni (Qty: 1)
jz5h7YIvG46uMqovQQcJ,"Oct 23, 2025, 09:08 AM",George Hopkins,georgehopkins19787@gmail.com,Shubham,,Patna,Ji Hujur,2,$6.61,,pending,Chicken Afghani Kebab  (Qty: 1); Paneer Tikka  (Qty: 1)
GaWXH80nLggplMRrb0bA,"Oct 23, 2025, 09:07 AM",George Hopkins,georgehopkins19787@gmail.com,Abhishek,,Patna,The Downtown Cafe,2,$5.98,,pending,Chicken Hakka Noodles (Qty: 1); Chicken Afghani Kebab [8 Pieces] (Qty: 1)
NtLB7PcGv0lzIkOrZtT9,"Oct 23, 2025, 08:51 AM",George Hopkins,georgehopkins19787@gmail.com,Abhishek,,Patna,Ji Hujur,3,$8.29,,pending,Chicken Handi      (Qty: 1); Laccha Paratha               (Qty: 2); Chicken Chowmein (Qty: 1)
lmbthE73iQ0JHmvIZxDC,"Oct 23, 2025, 07:54 AM",George Hopkins,georgehopkins19787@gmail.com,Shubham,,Patna,Delights by INOX,2,$4.92,,pending,Large Nachos With Cheese Dip & Salsa (Qty: 1); Large Popcorn Cheese (Qty: 1)
szaEOtyD8RacDFHNxRwz,"Oct 22, 2025, 05:49 AM",George Hopkins,georgehopkins19787@gmail.com,Abhishek,,Patna,Subway,1,$4.34,,pending,Cheesy Lamb Pepperoni (Qty: 1)
ukbom5IOPcpclvRAs2hm,"Oct 21, 2025, 11:16 PM",George Hopkins,georgehopkins19787@gmail.com,Abhishek,,Patna,Hotel Apsara,1,$3.18,,pending,Mutton Biryani (Qty: 1)
yRnI2c2uFQBj0H2XNTR0,"Oct 21, 2025, 11:00 PM",Poojitha Arangam,pooji369a@gmail.com,Naga Kiran Varanasi,,Bengaluru,Sitara Veg,5,$4.24,,pending,Khara Bath (Qty: 1); Poori Chana Masala ( 3 Pcs) (Qty: 1); Thatte Idli [1 Piece] And Vada [1 Piece] (Qty: 1); Single VADA (Qty: 1); Veg Grilled Sandwich (Qty: 1)
C20JCsq3H4CQ2PtOtCeV,"Oct 21, 2025, 09:49 PM",George Hopkins,georgehopkins19787@gmail.com,Abhishek,,Patna,Hotel Apsara,1,$3.18,,pending,Mutton Biryani (Qty: 1)
s1dWhYWwL6mO4g73NohK,"Oct 21, 2025, 09:22 PM",George Hopkins,georgehopkins19787@gmail.com,Abhishek,,Patna,Puja Hotel,1,$1.77,,pending,Jeera Rice (Qty: 1)
S7e43IC11pFTl7SYdCcG,"Oct 21, 2025, 09:20 PM",George Hopkins,georgehopkins19787@gmail.com,Abhishek,,Patna,Puja Hotel,1,$2.35,,pending,Egg Curry (Qty: 2)
hmXDBz57PQWacVESui6x,"Oct 21, 2025, 06:03 PM",Rajesh Munavalli,rajesh.munavalli@gmail.com,Virupaksha Munavalli,,Bengaluru,A2B - Adyar Ananda Bhavan,3,$9.52,,pending,Badam Halwa (Qty: 1); Medhu Vadai (Qty: 2); Ghee Pongal (Qty: 2)
EhL6skhxRuluPwbl67fl,"Oct 20, 2025, 07:26 AM",George Hopkins,georgehopkins19787@gmail.com,Shubham,,Patna,Domino's Pizza,1,$4.70,,pending,Cheese Volcano Chicken Delight (Reg Plus) (Qty: 1)
Wn1zUqhG2awSrTuu8hAN,"Oct 20, 2025, 07:25 AM",George Hopkins,georgehopkins19787@gmail.com,Shubham,,Patna,Domino's Pizza,1,$6.92,,pending,Peppy Paneer Cheese Burst (Qty: 1)
D24U7jZYvBqoEN5e3YdN,"Oct 20, 2025, 07:21 AM",George Hopkins,georgehopkins19787@gmail.com,Abhishek,,Patna,Domino's Pizza,2,$10.57,,pending,Shawarma Chicken Burst Pizza (Reg) (Qty: 1); Tandoori Chicken Burst Pizza (Reg) (Qty: 1)
sb2w0oep1QMhWig2rEae,"Oct 19, 2025, 10:00 PM",Soumya Dhar,a27dhar@yahoo.com,Indrani Dhar,,Bengaluru,Ledikeni Sweets And Savouries,7,$12.66,,pending,Bonde (Qty: 2); Chanar Jilipi [2 Pcs] (Qty: 2); Kheer Kadam [2 Pcs] (Qty: 2); Ledikeni [2 Pcs] (Qty: 1); Lengcha [2 Pcs] (Qty: 2); Malai Chamcham[2 Pcs] (Qty: 1); Mishti Doi- 500gm (Qty: 1)
Op0r0GzOF7WsL5nprqO0,"Oct 19, 2025, 07:17 PM",George Hopkins,georgehopkins19787@gmail.com,Abhishek,,Patna,Bansi Vihar Restaurant,1,$2.35,,pending,Butter Masala Dosa (Qty: 1)
jW9tLq6Ze0wWBZ8SAkqa,"Oct 19, 2025, 04:42 AM",Sandeep Kaur,sandhu.sandy10@gmail.com,Avtar Singh Parmar,,Phagwara,PB 36 Rolls,1,$6.12,,pending,Cheese 'N' Corn Pizza  [Regular] (Qty: 2)
3ObKxwJoIEY7YvNfYthy,"Oct 18, 2025, 11:42 PM",George Hopkins,georgehopkins19787@gmail.com,Abhishek,,Patna,Bikaner Elite,2,$6.93,,pending,Malai Cham Cham (Qty: 1); Long Gulab Jamun Box (Qty: 1)
VJo9OvaivlpAwwWCDirR,"Oct 18, 2025, 11:41 PM",George Hopkins,georgehopkins19787@gmail.com,Abhishek,,Patna,Bikaner Elite,2,$6.47,,pending,Kaju Katli (Qty: 1); Motichoor Ladoo (Qty: 1)
OYkMD1Hkn8e8XpNDGOph,"Oct 18, 2025, 11:38 PM",Divleen Kaur,divleen_k81@hotmail.com,Kawaljit Kaur,,New Delhi,BIKANERVALA ANGAN,3,$11.77,,pending,Spring Roll (Qty: 1); Pizza Capsicum Tomato (Qty: 2); Pani Puri - Suji (Qty: 4)
RJ8YT9e1U8wnfF6tehoL,"Oct 18, 2025, 10:12 PM",George Hopkins,georgehopkins19787@gmail.com,Aman new,,Siliguri,Cafe Adda,2,$4.30,,pending,Grilled Egg Cheese Sandwich (Qty: 1); Gilled Chicken Cheese Sandwich (Qty: 1)
uaMDfpVOSbwXqnu9LgRz,"Oct 18, 2025, 02:56 PM",raghav vadehra,raghavvadehra265@gmail.com,Rakesh vadehra,,Jalandhar,Dhanne De Pote Di Hatti,2,$3.53,,pending,Poori With Mix Sabzi 2 Pcs (per Plate) (Qty: 3); Thums Up 500ml (Bottle) (Qty: 2)
kIrrvbvnYlt1vVugSKv2,"Oct 18, 2025, 10:06 AM",George Hopkins,georgehopkins19787@gmail.com,Aman new,,Siliguri,Beijing Bites,2,$6.41,,pending,Dragon Chicken (Qty: 1); Mixed Fried Rice  (Qty: 1)
6CsAq8ZWpacW6AeOYol7,"Oct 18, 2025, 07:12 AM",George Hopkins,georgehopkins19787@gmail.com,Shubham,,Patna,Spice Roots,1,$5.87,,pending,Mutton Curry (Qty: 1)
7AJF1lLWTbJjLCM6WN4z,"Oct 17, 2025, 05:57 PM",George Hopkins,georgehopkins19787@gmail.com,Aman new,,Siliguri,The Muffin Man,4,$3.06,,pending,Red Velvet Mini Cupcake (Qty: 1); Vanilla Berry Cupcake (Qty: 1); Oreo Cookies N Cream Cupcakes (Qty: 1); Blueberry Mini Cupcakes (Qty: 1)
Ttfr7UKen82GZdXatUYb,"Oct 17, 2025, 08:53 AM",George Hopkins,georgehopkins19787@gmail.com,Aman new,,Siliguri,Zaika Biryani House,1,$5.47,,pending,Zaika Special Alfaham Biryani (Qty: 1)
XLizwo7J8YTJbLToPAYu,"Oct 17, 2025, 08:52 AM",George Hopkins,georgehopkins19787@gmail.com,Aman new,,Siliguri,Kasturi Restaurant,1,$5.88,,pending,Large Rectangle Fish Fry With Kasundi And Cabin Salad (kolkata Bhetki) (Qty: 2)
N8GDXsehARwI2AR0nYUd,"Oct 17, 2025, 08:10 AM",George Hopkins,georgehopkins19787@gmail.com,Abhishek,,Patna,Ji Hujur,3,$8.98,,pending,Chicken Tikka Roll  (Qty: 1); Veg Fried Rice (Qty: 1); Chicken Chilly Gravy Boneless (Qty: 1)
RVqQPb07aErMqx0m3Neo,"Oct 16, 2025, 10:22 PM",Wat a Life,chandnirattan@gmail.com,Rakesh,,Jalandhar,Lovely Bake Studio,9,$47.25,,pending,Desi Ghee 200 Gms (Qty: 1); Jeera Salted 200 Gms (Qty: 1); Gift Hamper B4 Pc (Qty: 1); Gift Hamper 3 Pc Cylinder (Qty: 1); Aloo Bhujia Dada Pota 400 Gms (Qty: 1); Mungra Bhalla 400 Gms (Qty: 1); Gift Cookies Tray 1100 (Qty: 1); Gift Cookies Box 1350 (Qty: 1); Butter Pista Cookies 75 Gms (Qty: 1)
RaS3mKnHUdR3w7bOg4BX,"Oct 16, 2025, 09:33 PM",Poojitha Arangam,pooji369a@gmail.com,Naga Kiran Varanasi,,Bengaluru,HRX by EatFit,3,$6.47,,pending,Grilled Paneer PRO Meal (Protein - 35g) (Qty: 1); Mango Fruit Pop (Qty: 1); 5-in-1 Seeds Mix (Qty: 1)
JtihgPqzx6SKUglZZXdh,"Oct 16, 2025, 09:28 PM",George Hopkins,georgehopkins19787@gmail.com,Aman new,,Siliguri,Paul Restaurant,2,$7.03,,pending,Egg Curry (Qty: 2); Jeera Butter Rice (Qty: 1)
aOK8qGA1F3q3dquIi6HQ,"Oct 16, 2025, 09:12 PM",Prabhu Iyer,prabhuiyer@hotmail.com,Kapil Iyer,,Mumbai,Bombay Sweet Shop,7,$77.22,,pending,Choco Butterscotch Barks Combo (Qty: 1); Indie Bar - Coconut Caramel Patissa - Pack of 3 - 10% OFF (Qty: 1); Mighty Motichur Laddu (Qty: 1); Chocolate Butter Cookies (Qty: 1); Saffron Kaju Katli in Festive Box (Qty: 1); Chilli Crisp Cookies (Qty: 1); Festive Diwali Gift Box (Qty: 1)
9j6TZuT8Ms43ZSPT8V5A,"Oct 16, 2025, 08:19 PM",raghav vadehra,raghavvadehra265@gmail.com,Rakesh vadehra,,Jalandhar,Ganga Juice Corner,1,$4.65,,pending,Pineapplee Juice (Qty: 5)
PRGVyvtb9wYHABcwOGlI,"Oct 16, 2025, 04:38 AM",George Hopkins,georgehopkins19787@gmail.com,Abhishek,,Patna,Ji Hujur,2,$7.50,,pending,Chicken Chilly Dry Boneless (Qty: 1); Chicken Chowmein (Qty: 1)
nNZAwTwleC8wI8j8GCN5,"Oct 15, 2025, 10:33 PM",Poojitha Arangam,pooji369a@gmail.com,Naga Kiran Varanasi,,Bengaluru,California Burrito,4,$6.02,,pending,Grilled Barbeque Chicken Rice Bowl (Regular) (Qty: 1); Side - Tomatillo Red Chili Salsa (250g) (Qty: 1); Side - Jalapenos (250g) (Qty: 1); Peach Iced Tea (Qty: 1)
VKE1hKvzaMDn0NMJQzRv,"Oct 15, 2025, 08:31 PM",Sukhjot Singh,sukhjotbedi@gmail.com,Jasleen Arora,,Ludhiana,The Healthy Wave,2,$3.06,,pending,Sweet Corn Chaat (Qty: 1); Special Sprout Chaat (Qty: 1)
ssKzIuN3gcMkA8DzVFlH,"Oct 15, 2025, 08:13 PM",Prabhu Iyer,prabhuiyer@hotmail.com,Prabha Iyer,,Mumbai,Bombay Sweet Shop,3,$56.60,,pending,Mighty Motichur Laddu (Qty: 1); Saffron Kaju Katli in Festive Box (Qty: 2); Festive Diwali Gift Box (Qty: 1)
j465GBFoUhfeuIwCfPNj,"Oct 15, 2025, 04:07 PM",George Hopkins,georgehopkins19787@gmail.com,Aman new,,Siliguri,Epare Bangla,3,$11.06,,pending,Murgi Kosha (Qty: 1); Mutton Kosha (Qty: 1); Steamed Rice (full) (Qty: 1)
NLmgSH0AZm3b1WUbuz0F,"Oct 15, 2025, 04:05 PM",George Hopkins,georgehopkins19787@gmail.com,Aman new,,Siliguri,Subway,2,$7.86,,pending,Cheesy Chicken Tikka (Qty: 1); Egg'n Chicken Melt (Qty: 1)
s7eJRAvtV4HLfWgo9CT9,"Oct 15, 2025, 07:12 AM",George Hopkins,georgehopkins19787@gmail.com,Abhishek,,Patna,Champaran Meat House,1,$10.59,,pending,Chilli Paneer Dry (Qty: 4)
4SzvCOcW3UC3Qk9UeHwN,"Oct 15, 2025, 03:21 AM",George Hopkins,georgehopkins19787@gmail.com,Shubham,,Patna,Govinda Dhaba,2,$3.00,,pending,Kothu Parotta (Qty: 1); Masala Vada (Qty: 1)
2raOuQGCJg1DeoVPbTy6,"Oct 14, 2025, 11:19 AM",Mihir Jayavant,mihirjay@gmail.com,Nitin Deshpande,,Dombivli,Domino's Pizza,4,$12.14,,pending,Indi Chicken Tikka Pizza (Qty: 1); Garlic Breadsticks (Qty: 1); Cheesy Dip (Qty: 2); Chicken Keema & Onion with Desi Makhani Sauce (Qty: 1)
6UWehqu1pC3sQDCSH0bn,"Oct 14, 2025, 08:10 AM",Srikant Nayak,srikant.nayak1337@gmail.com,Keshav,,Siliguri,Epare Bangla,2,$10.24,,pending,Chicken Thali (Qty: 1); Chingri Malai Kari (Qty: 1)
MEhFvvtaMxGlsNoGQUAA,"Oct 14, 2025, 06:18 AM",George Hopkins,georgehopkins19787@gmail.com,Abhishek,,Patna,The Downtown Cafe,2,$6.45,,pending,Singapore Hakka Noodles (Qty: 1); Chicken Chilli Gravy (Qty: 1)
D6V8yjnScXypOKZ3zNXc,"Oct 14, 2025, 06:06 AM",George Hopkins,georgehopkins19787@gmail.com,Abhishek,,Patna,Govinda Dhaba,1,$2.93,,pending,Egg Curry           (Qty: 1)
Qmg13qqOIMWH1oiGzOVt,"Oct 14, 2025, 05:13 AM",George Hopkins,georgehopkins19787@gmail.com,Abhishek,,Patna,Subway,1,$3.52,,pending,Egg'n Chicken Melt (Qty: 1)
bWgOEx9sifVmMcJrQPfs,"Oct 14, 2025, 05:11 AM",George Hopkins,georgehopkins19787@gmail.com,Abhishek,,Patna,Subway,1,$8.74,,pending,Raw Choco Mint Protein Shake 195ml (Qty: 6)
mb7Jkr5aZXos8GXCkYdM,"Oct 14, 2025, 02:13 AM",Ravi Kaju,ravi1337kaji@gmail.com,Rhythm,,Patna,Pramod Laddu Bhandar,2,$3.06,,pending,Rasgulla (Qty: 10); Jeera Cookies 180Gm (Qty: 1)
QS9ETBvUh45wB7QPryAZ,"Oct 14, 2025, 02:11 AM",Ravi Kaju,ravi1337kaji@gmail.com,Rhythm,,Patna,KFC,2,$7.63,,pending,Hot Chicken Wings - 4 pcs (Qty: 2); Medium Chicken Popcorn & Pepsi Reusable (Qty: 1)
8Ble1qh2cEgJpCgAvBZN,"Oct 14, 2025, 02:10 AM",Ravi Kaju,ravi1337kaji@gmail.com,Rhythm,,Patna,Domino's Pizza,2,$4.33,,pending,Veg Loaded (Qty: 1); Taco Mexicana Non Veg (Qty: 1)
3EPOi7nETGI57NiUHGCu,"Oct 13, 2025, 10:27 PM",George Hopkins,georgehopkins19787@gmail.com,Abhishek,,Patna,Govinda Dhaba,1,$2.93,,pending,Egg Curry           (Qty: 1)
UxOauq9CAhIfXen6C91G,"Oct 13, 2025, 07:47 PM",raghav vadehra,raghavvadehra265@gmail.com,Rakesh vadehra,,Jalandhar,Lovely Sweets,1,$2.35,,pending,Ladoo Banarsi Motichoor 1 Kg (Qty: 1)
GsFBorYi0mhCH3Qcnh5Z,"Oct 13, 2025, 08:48 AM",George Hopkins,georgehopkins19787@gmail.com,Shubham,,Patna,Starbucks Coffee,2,$7.47,,pending, Chocolate Milkshake (Qty: 1); Tofu Spinach Croissant Sandwich (Qty: 1)
WLuDJOsY3fpzSgFj4Xtb,"Oct 13, 2025, 08:09 AM",George Hopkins,georgehopkins19787@gmail.com,Shubham,,Patna,Domino's Pizza,1,$8.57,,pending,Indi Chicken Tikka Cheese Burst (Qty: 1)
qKS1zWlJdxTUuLioSaaB,"Oct 13, 2025, 06:54 AM",George Hopkins,georgehopkins19787@gmail.com,Shubham,,Patna,Tandooriwala,1,$3.52,,pending,Shahi Malai Chicken Tikka (Qty: 1)
gZ4TcK2UXV4CESorvEK4,"Oct 13, 2025, 06:50 AM",George Hopkins,georgehopkins19787@gmail.com,Shubham,,Patna,Domino's Pizza,1,$8.57,,pending,Non Veg Supreme Pizza (Qty: 1)
uzXVnb5MRBHtJYUiU8tj,"Oct 13, 2025, 04:44 AM",Wat a Life,chandnirattan@gmail.com,Rakesh vadehra,,Jalandhar,AAR KAY Vaishno Dhaba (Nakodar Road),2,$4.94,,pending,Malai Kofta (Qty: 1); Mix Vegetable (Qty: 1)
r50TMQESH9ZAD8Qsahke,"Oct 12, 2025, 10:56 PM",George Hopkins,georgehopkins19787@gmail.com,Abhishek,,Patna,Subway,1,$4.34,,pending,Cheesy Lamb Pepperoni (Qty: 1)
XYFWvxBL6GfXBymMyvoG,"Oct 12, 2025, 08:16 PM",George Hopkins,georgehopkins19787@gmail.com,Abhishek,,Patna,Indian Summer Cafe,1,$5.59,,pending,Classic Chicken Caesar Salad (350gm) (Qty: 1)
9Vl1Jdp2GwI4ajN2943l,"Oct 12, 2025, 09:06 AM",Ravi Kaju,ravi1337kaji@gmail.com,Rhythm,,Patna,Mum's Kitchen,1,$3.35,,pending,Chicken Momo Steam (5) (Qty: 3)
mN75dqrjHEkwTVj2Y9Fi,"Oct 12, 2025, 09:03 AM",Ravi Kaju,ravi1337kaji@gmail.com,Rhythm,,Patna,Pramod Laddu Bhandar,2,$5.83,,pending,Rasmalai (Qty: 2); Gulab Jamun (Qty: 10)
cW13E76fUUHAKhFrf12L,"Oct 12, 2025, 08:57 AM",Ravi Kaju,ravi1337kaji@gmail.com,Rhythm,,Patna,Champaran Meat House,1,$1.62,,pending,Jeera Rice (Qty: 2)
BlqWTBEcDU8l9ZUALofn,"Oct 12, 2025, 03:07 AM",Ravi Kaju,ravi1337kaji@gmail.com,Rhythm,,Patna,Subway,1,$3.87,,pending,Peri Peri Chicken Signature Wrap Guiltfree (Qty: 1)
SC5weKVuQv1OsPo6APMM,"Oct 12, 2025, 03:02 AM",Ravi Kaju,ravi1337kaji@gmail.com,Rhythm,,Patna,Batido The Shake Paradise,3,$7.58,,pending,Brownie Freek Shake (Qty: 1); Kitkat Oreo Freek Shake (Qty: 1); Spicy Lemonade (Qty: 1)
7RvPItyoN2EOOEuuUY8e,"Oct 11, 2025, 11:35 PM",raghav vadehra,raghavvadehra265@gmail.com,Rakesh vadehra,,Jalandhar,Sharma Snacks,3,$2.13,,pending,Spring Roll  (Qty: 1); Samosa (Qty: 6); Panner Pakoda (Qty: 2)
g1nhBkZvWm3963I2i7kq,"Oct 11, 2025, 09:39 AM",George Hopkins,georgehopkins19787@gmail.com,Abhishek,,Patna,Real Champaran Meat House,1,$5.37,,pending,Handi Mutton Ahuna (Qty: 1)
sWDdijGKiBaFLGZXKarQ,"Oct 11, 2025, 09:01 AM",George Hopkins,georgehopkins19787@gmail.com,Shubham,,Patna,Hotel Apsara,1,$3.18,,pending,Mutton Biryani (Qty: 1)
tPF4yJNOmluEpdjku7F9,"Oct 11, 2025, 08:55 AM",George Hopkins,georgehopkins19787@gmail.com,Shubham,,Patna,KFC,1,$6.81,,pending,All in One Chicken Bucket (Qty: 1)
UMNvXY3uc7Pii5km2wJl,"Oct 11, 2025, 08:54 AM",George Hopkins,georgehopkins19787@gmail.com,Shubham,,Patna,New Hungry Hope Family Restaurant,3,$7.83,,pending,Chicken Butter Masala (Qty: 1); Veg Fry Rice (Qty: 1); Chicken Chilly (Bone) (Qty: 1)
qp7tnZsZY5tKs2fUfcpN,"Oct 11, 2025, 08:01 AM",Gurinder singh,gurindernangla9302@gmail.com,Diksha,,Chandigarh,Tim Hortons,1,$3.94,,pending,Original Iced Capp (Served without whipped cream) (Qty: 1)
DIwWZ19m9PrzT6rOFbeO,"Oct 11, 2025, 04:56 AM",Srikant Nayak,srikant.nayak1337@gmail.com,Ratan,,Patna,Biryani Mahal,1,$4.12,,pending,Chicken Biryani Special (Qty: 1)
EqVRa1MTTHgA0cdlE38j,"Oct 11, 2025, 04:50 AM",George Hopkins,georgehopkins19787@gmail.com,Shubham,,Patna,Ji Hujur,1,$3.79,,pending,Chicken Tikka (8 Pcs) (Qty: 1)
ukDgYEb6R1ppegnITLh8,"Oct 11, 2025, 03:50 AM",George Hopkins,georgehopkins19787@gmail.com,Shubham,,Patna,Starbucks Coffee,1,$3.65,,pending,Java Chip Frappuccino. (Qty: 1)
5vY7UG3RVwqWRv7heXsW,"Oct 11, 2025, 03:48 AM",George Hopkins,georgehopkins19787@gmail.com,Shubham,,Patna,Bikkgane Biryani,1,$4.46,,pending,Chicken Dry Roast (full) (Qty: 1)
VHG7wVTaejmRLGq3ivVK,"Oct 11, 2025, 03:14 AM",carlos hernandez,carlosjrhernandez@gmail.com,Carlos Hernandez,,New Delhi,KFC,3,$4.89,,pending,French Fries - Large (Qty: 1); Hot & Crispy Chicken -2pc (Qty: 1); Pepsi Can 330 ml (Qty: 1)
XzVYEVeEvWDZPpgAT6UL,"Oct 11, 2025, 02:35 AM",Ravi Kaju,ravi1337kaji@gmail.com,Aman,,Bengaluru,Sharief Bhai Biryani,1,$5.52,,pending,Mutton Biryani (Har-dil-Azeez Gosht) (Qty: 1)
XW3YDNTnWYhshHUg73bg,"Oct 9, 2025, 09:30 AM",Ravi Kaju,ravi1337kaji@gmail.com,Rhythm,,Patna,Dum Safar Biryani,1,$7.17,,pending,Overload Mutton Dum Biryani (Qty: 1)
5KzLYSE1SiaKraAxsw2G,"Oct 9, 2025, 07:15 AM",George Hopkins,georgehopkins19787@gmail.com,Abhishek,,Patna,Champaran Meat House,1,$11.04,,pending,Mutton Ahuna (Qty: 1)
57iWZtCA2Frb6L03zDH7,"Oct 9, 2025, 04:04 AM",Ravi Kaju,ravi1337kaji@gmail.com,Rhythm,,Patna,Domino's Pizza,1,$9.99,,pending,Shawarma Chicken Burst Pizza (Med) (Qty: 1)
uwOfNiyLYgph2yYwPcAq,"Oct 8, 2025, 05:27 AM",George Hopkins,georgehopkins19787@gmail.com,Abhishek,,Patna,Matkawala,1,$8.23,,pending,Matka Rohu Fish [1 kg] (Qty: 1)
174YsSH3XbuCoX0NWUCN,"Oct 8, 2025, 05:19 AM",Srikant Nayak,srikant.nayak1337@gmail.com,Ratan,,Patna,Biryani Mahal,1,$4.12,,pending,Chicken Biryani Special (Qty: 1)
wBWzxFfFSBz4Z7f3jP7A,"Oct 7, 2025, 10:38 AM",Ravi Kaju,ravi1337kaji@gmail.com,Rhythm,,Patna,KFC,2,$6.05,,pending,Hot Chicken Wings - 4 pcs (Qty: 1); Gold Edition - Chicken Zinger Burger & Fries (Qty: 1)
opBhmbhLYM2DVPmhRWhm,"Oct 7, 2025, 09:09 AM",Carlos Hernandez,carlosjrhernandez@gmail.com,Carlos Hernandez,,Jaipur,KFC,4,$6.19,,pending,Pack of 2 Dips (Qty: 1); French Fries - Large (Qty: 1); Hot & Crispy Chicken- 2 pcs (Qty: 1); Mountain Dew Reusable Bottle (Qty: 1)
4H9mZBsvTkxKS2tv5FKX,"Oct 7, 2025, 08:54 AM",George Hopkins,georgehopkins19787@gmail.com,Shubham,,Patna,Hotel Apsara,2,$6.58,,pending,Jeera Rice (Qty: 1); Mutton curry (4 pcs.) (Qty: 1)
0Kzb2wpadn3mJUNp0AYq,"Oct 7, 2025, 02:28 AM",George Hopkins,georgehopkins19787@gmail.com,Abhishek new,,Patna,La Pino'z Pizza,3,$6.93,,pending,Seekh Special Personal Giant Slice (22.5 Cm) (Qty: 1); Hot Tandoori Pizza Personal Giant Slice (22.5 Cm) (Qty: 1); Triple Chocolate Brownie (Qty: 1)
m30Dc1U5ldetSpD90q4H,"Oct 7, 2025, 02:26 AM",George Hopkins,georgehopkins19787@gmail.com,Abhishek new,,Patna,Cakes By Flower Aura,1,$8.18,,pending,Sunshine Gerberas For Celebration (Qty: 1)
8vMDajrNIIRcyY2LN12N,"Oct 7, 2025, 01:51 AM",sze hung chai,szehung2005@gmail.com,Namrata Zingade,,Pimpri-Chinchwad,Theobroma,2,$2.47,,pending,Butterscotch & Milk Chocolate Pastry [1 Piece] (Qty: 1); Cookies Collection Set of 4 (Qty: 1)
pX0oxZbH2O8F6TjvbYVj,"Oct 6, 2025, 08:41 PM",Soumya Dhar,a27dhar@yahoo.com,Indrani Dhar,,Bengaluru,Ledikeni Sweets And Savouries,9,$13.49,,pending,Chanar Jilipi [2 Pcs] (Qty: 1); Kheer Kadam [2 Pcs] (Qty: 2); Komola Bhog [2 Pcs] (Qty: 1); Lengcha [2 Pcs] (Qty: 1); Malai Chamcham[2 Pcs] (Qty: 2); Mishti Doi- 500gm (Qty: 1); Radha Ballavi (2pc)with Aloo Dum (Qty: 1); Mini Kachori (Qty: 2); Sonkho Sandesh [Approx. 25gm] (Qty: 1)
XZaVZOr1Rh3bw0eofS4J,"Oct 6, 2025, 11:53 AM",George Hopkins,georgehopkins19787@gmail.com,Abhishek,,Patna,Bikaner Elite,3,$5.68,,pending,Kashmiri Mixture 200G (Qty: 2); Lite Mixture 225G (Qty: 2); Masala Chips 150G (Qty: 1)
0LTZ6xg5IcoR5SlDoR5H,"Oct 6, 2025, 08:45 AM",Srikant Nayak,srikant.nayak1337@gmail.com,Keshav,,Siliguri,Beijing Bites,3,$6.76,,pending,Chilli Chicken (Qty: 1); Coke (Qty: 1); Chicken Fried Rice  (Qty: 1)
oukNe6oLWsLrQYVrYECM,"Oct 6, 2025, 07:09 AM",George Hopkins,georgehopkins19787@gmail.com,Shubham,,Patna,McDonald's,5,$7.63,,pending,Large Fries (Qty: 1); Piri Piri Seasoning (Qty: 1); Pizza McPuff® (Qty: 2); Chicken McNuggets® 9pc (Qty: 1); McFlurry® Choc Crunch (Qty: 1)
wwVfq7eZHpBnVpkeSRz0,"Oct 6, 2025, 06:23 AM",George Hopkins,georgehopkins19787@gmail.com,Shubham,,Patna,Hotel Apsara,1,$6.24,,pending,Mutton Biryani (Qty: 1)
V6n1azVHuXCO38OR4RRN,"Oct 6, 2025, 02:15 AM",Eren Jaeger,erenjaeger2k4@gmail.com,Harjeet Kaur,,Jalandhar,Aggarwal Vaishno Dhaba,2,$2.59,,pending,Yellow Dal (Qty: 1); Plain Rice (Qty: 1)
UlV4CDzMM0936eQ11PQj,"Oct 6, 2025, 01:42 AM",George Hopkins,georgehopkins19787@gmail.com,Shubham,,Patna,Starbucks Coffee,2,$7.71,,pending,Spinach & Corn Sandwich (Qty: 1); Java Chip Frappuccino. (Qty: 1)
ItxENhSnutJ5yWJ2B11K,"Oct 6, 2025, 01:40 AM",George Hopkins,georgehopkins19787@gmail.com,Shubham,,Patna,Express By AB'S,1,$4.34,,pending,Fish Meal (Qty: 1)
FlxlvILDx2ca4KUxAJvd,"Oct 5, 2025, 11:42 PM",Zachary Reeder,zareeder9596@gmail.com,Honey,,Jorhat,Fat Belly,1,$2.00,,pending,Chicken Butter Garlic Momos [6 Pieces] (Qty: 1)
y0xiF9LYuMQsfgdV0mcq,"Oct 5, 2025, 09:14 PM",Mahathi Vucha,mahathi.vucha@gmail.com,Mohana Rao Vucha,,Vijayawada,Sweet Magic,4,$22.80,,pending,Special Prawns Biryani (Qty: 1); Chilly Chicken Wings (Qty: 1); Butterscotch Cool Cake (Qty: 1); Japan Chicken(must Try)/silver Chicken (Qty: 1)
KjrslVluJe8RRVow1hJq,"Oct 5, 2025, 09:47 AM",George Hopkins,georgehopkins19787@gmail.com,Abhishek,,Patna,Wow! China,2,$6.94,,pending,Egg Hakka Noodles Regular (Qty: 1); Chicken Manchurian - Half (Qty: 1)
L2MHCNXpXadfdybBFwo4,"Oct 5, 2025, 08:58 AM",George Hopkins,georgehopkins19787@gmail.com,Shubham,,Patna,CHILLI LIME,2,$7.86,,pending,Drums Of Heaven (Qty: 1); Brownie Blast Shake (Qty: 1)
nvM90VgOMGHIRsNWr6Df,"Oct 5, 2025, 08:52 AM",Ravi Kaju,ravi1337kaji@gmail.com,Rhythm,,Patna,Rollacosta,2,$4.34,,pending,Laccha Paratha         (Qty: 1); Chicken Lollypop   (Qty: 1)
sbPEYlUuPZC8EapWjjDi,"Oct 5, 2025, 07:22 AM",George Hopkins,georgehopkins19787@gmail.com,Shubham,,Patna,Secret Shawarma,3,$6.20,,pending,Kitkat Delight Shake (Qty: 1); Chicken Cheese Shawarma (Qty: 1); Tandoori Chicken Shawarma (Qty: 1)
elhynqanvfZUpJ06p6tB,"Oct 5, 2025, 07:20 AM",George Hopkins,georgehopkins19787@gmail.com,Shubham,,Patna,Delights by INOX,1,$2.93,,pending,Large Popcorn Cheese (Qty: 1)
knI8GyLf10YFdWdVgfMQ,"Oct 5, 2025, 05:06 AM",Ravi Kaju,ravi1337kaji@gmail.com,Rhythm,,Patna,The Belgian Waffle Co.,2,$8.24,,pending,Blueberry Cheesecake* Waffle (Qty: 1); Mini Waffle Box of 6 - Premium Assorted (Qty: 1)
1nv0EWIfeTWHHYN6fJDA,"Oct 5, 2025, 03:19 AM",Poojitha Arangam,pooji369a@gmail.com,Naga Kiran Varanasi,,Bengaluru,Nahdi Mandi Restaurant,4,$9.62,,pending,Fish Only (Qty: 1); Grilled Mutton Only (Qty: 1); Alfaham Only (Qty: 1); Peri Peri Alfaham Only (Qty: 1)
Ux4PVDQUrRravu15ZxeL,"Oct 5, 2025, 03:11 AM",Ravi Kaju,ravi1337kaji@gmail.com,Rhythm,,Patna,Dum Safar Biryani,1,$7.17,,pending,Overload Mutton Dum Biryani (Qty: 1)
JbtfqnomiFHvRzDtTdfQ,"Oct 5, 2025, 01:35 AM",Eren Jaeger,erenjaeger2k4@gmail.com,Harjeet Kaur,,Jalandhar,Parkash Bakery,3,$7.85,,pending,Black Forest Cake (Qty: 1); Paneer Puff Pattie (Qty: 1); Paneer Tikka Sub (Qty: 1)
rSigJKVWMWeN20fqxXuK,"Oct 4, 2025, 06:48 PM",Wat a Life,chandnirattan@gmail.com,Rakesh vadehra,,Jalandhar,Bikanervala,9,$14.31,,pending,Raj Kachori (Qty: 1); Moong Dal Burfi (Qty: 1); Brown Bread 550G (Qty: 1); Multigrain Cookies Box (Qty: 1); Sweet Bun 100G (Qty: 2); Jeera Cookies 400g (Qty: 1); Marble 400g (Qty: 1); Biscuit Plain Khatai 400g (Qty: 1); Atta Biscuit Cookies 300g (Qty: 1)
prlRUbvkry3eiaYoqvCU,"Oct 4, 2025, 03:15 PM",Wat a Life,chandnirattan@gmail.com,Rakesh Vadehra,,Jalandhar,Food Bazar,2,$5.12,,pending,Chana Bhatura [2 Pcs] (Qty: 2); Extra Chana (b) (Qty: 1)
XdQdMQV4X7IEYSMYb7AO,"Oct 4, 2025, 06:39 AM",Srikant Nayak,srikant.nayak1337@gmail.com,Keshav,,Siliguri,The Muffin Man,1,$4.71,,pending,Bento Cake (300 Grams ) & Flowers (Qty: 1)
jIdD9ZTTyznVShK0gFT4,"Oct 4, 2025, 06:23 AM",Srikant Nayak,srikant.nayak1337@gmail.com,Keshav,,Siliguri,Dessi Chilli,2,$3.86,,pending,Aloo Papdi Chaat (Qty: 1); Darjeeling Chicken Momos [8pc] (Qty: 1)
IRMJj3nTUXtNj68agcWK,"Oct 4, 2025, 02:04 AM",Ravi Kaju,ravi1337kaji@gmail.com,Aman,,Bengaluru,Sharief Bhai Biryani,1,$5.52,,pending,Mutton Biryani (Har-dil-Azeez Gosht) (Qty: 1)
brkbJmeNN7UZjVnIVYAI,"Oct 4, 2025, 01:59 AM",Poojitha Arangam,pooji369a@gmail.com,Naga Kiran Varanasi,,Bengaluru,Meghana Foods,4,$11.77,,pending,Guntur Chicken Dry (Qty: 1); Chilli Prawns (Qty: 1); Chicken Fry Pc Biriyani (Qty: 1); Coke Tin 330 Ml (Qty: 2)
O1QAXbeoJpr4GYvjN2uu,"Oct 3, 2025, 11:49 PM",George Hopkins,georgehopkins19787@gmail.com,Abhishek,,Patna,Subway,1,$7.74,,pending,Cheesy American BBQ (Qty: 2)
7swzk6k9C0DqVJBeF69i,"Oct 3, 2025, 11:35 PM",Sukhjot Singh,sukhjotbedi@gmail.com,Jasleen Arora,,Ludhiana,Hutea The Tea Hut,3,$14.10,,pending,Aloo Pyaaz Prantha (Qty: 1); Cigar Rolls (Qty: 2); Hazlenut Cold Coffee (Qty: 1)
Xw19Pj5ZHLdifUFmHkzL,"Oct 3, 2025, 12:07 PM",George Hopkins,georgehopkins19787@gmail.com,Abhishek,,Patna,Krishnashree,2,$7.65,,pending,Sugar Free Kaju Katli (Qty: 1); Sugar Free Besan Burfi (Qty: 1)
jmlllIeX8CogrlVxnYwZ,"Oct 3, 2025, 12:04 PM",George Hopkins,georgehopkins19787@gmail.com,Abhishek,,Patna,Bikaner Elite,1,$2.40,,pending,Chandrakala (Qty: 1)
SgFLbW6DgWugBhxnFYi2,"Oct 3, 2025, 11:40 AM",Poojitha Arangam,pooji369a@gmail.com,Naga Kiran Varanasi,,Bengaluru,ITC Fabelle Chocolates,1,$10.81,,pending,Dessert Collection - 10 Chocolate Truffles. (Qty: 1)
hHYnwJK8GB4MlNDsIKDV,"Oct 2, 2025, 09:16 PM",Himabindu Peddapalli,bindu.peddapalli@gmail.com,Venkata Rao ,,Chilakaluripet,Eagle Biryani Family Restaurant,4,$19.30,,pending,Kaju Curry (Qty: 1); Apollo Fish (Qty: 1); Chicken Fry Biryani (Boneless) (Qty: 2); Chili Prawns (Qty: 1)
dWUU4I1cP3nirqCd8iXv,"Oct 2, 2025, 08:59 PM",George Hopkins,georgehopkins19787@gmail.com,Abhishek,,Patna,Real Champaran Meat House,1,$8.74,,pending,Ahuna Chicken Handi (Qty: 1)
lLYcPail38SOpa5D8WIa,"Oct 2, 2025, 12:09 PM",George Hopkins,georgehopkins19787@gmail.com,Abhishek,,Patna,La Pino'z Pizza,3,$5.79,,pending,Chicken Tikka & Chicken Salami Taco's (Qty: 1); Mushrooms & Onion Taco's (Qty: 1); Cheesy Macaroni Non-veg Pizza Personal Giant Slice (22.5 Cm) (Qty: 1)
lCr2CTW43nMHATGRbG6c,"Oct 2, 2025, 07:24 AM",George Hopkins,georgehopkins19787@gmail.com,Abhishek,,Patna,Domino's Pizza,1,$7.27,,pending,Chicken Fiesta Cheese Burst (Qty: 1)
KRyWoeoizQLd6SgADz2u,"Oct 2, 2025, 05:18 AM",George Hopkins,georgehopkins19787@gmail.com,Abhishek,,Patna,Champaran Meat House,2,$6.26,,pending,Jeera Rice (Qty: 1); Mutton Handi (Qty: 1)
PIGwRELgxkSg6hU2zclh,"Oct 2, 2025, 05:15 AM",George Hopkins,georgehopkins19787@gmail.com,Abhishek,,Patna,La Pino'z Pizza,1,$3.63,,pending,Cheesy Macaroni Non-veg Pizza Personal Giant Slice (22.5 Cm) (Qty: 1)
gzuMw0pG91QCY9XYynSo,"Oct 1, 2025, 03:49 AM",George Hopkins,georgehopkins19787@gmail.com,Shubham,,Patna,Krishnashree,1,$1.77,,pending,Roasted Makhana(lemon Chilli) (Qty: 1)
sERXLgqiMgu5P093CaxO,"Sep 30, 2025, 09:45 AM",George Hopkins,georgehopkins19787@gmail.com,Abhishek,,Patna,La Pino'z Pizza,1,$2.31,,pending,Lovers Bite Pizza Personal Giant Slice (22.5 Cm) (Qty: 1)
Tchu1HPFVeD1CHlUS1JR,"Sep 30, 2025, 02:10 AM",George Hopkins,georgehopkins19787@gmail.com,Shubham,,Patna,Food Hut,1,$4.30,,pending,Maharaja Veg Thali (Qty: 1)
SusDzK01gnnaAO2kJ3UR,"Sep 30, 2025, 02:09 AM",George Hopkins,georgehopkins19787@gmail.com,Shubham,,Patna,Champaran Meat House,2,$6.59,,pending,Mutton Jeera Rice Half ( 2pc. Mutton + Half Jeera Rice) (Qty: 1); Chicken Jeera Rice Half ( 2pc. Chicken + Half Jeera Rice) (Qty: 1)
XbOuRMbIig28aohbLwbc,"Sep 29, 2025, 08:58 PM",Ravi Kaju,ravi1337kaji@gmail.com,Rhythm,,Patna,Pizza Hut,3,$2.68,,pending,Pepsi 475ml (Qty: 2); Pepsi Zero Sugar 300ml (Qty: 1); 7UP (Qty: 1)
QT7d18YfaAwBITU5XTP2,"Sep 29, 2025, 07:41 PM",George Hopkins,georgehopkins19787@gmail.com,Abhishek,,Patna,Bansi Vihar Restaurant,1,$2.94,,pending,Butter Paper Masala Dosa (Qty: 1)
JfYTed8adsvVKV3Pqnec,"Sep 29, 2025, 05:46 PM",Ravi Kaju,ravi1337kaji@gmail.com,Rhythm,,Patna,Subway,1,$3.87,,pending,Cheesy American BBQ (Qty: 1)
rFt5xp9KU0hTTxVSmjFB,"Sep 29, 2025, 08:51 AM",Ravi Kaju,ravi1337kaji@gmail.com,Rhythm,,Patna,Goila Butter Chicken,1,$4.11,,pending,Butter Chicken Thali (Qty: 1)
qfdWsjZCBQ1fnbKIAbxi,"Sep 29, 2025, 06:24 AM",George Hopkins,georgehopkins19787@gmail.com,Abhishek,,Patna,Well Food,2,$6.80,,pending,Chicken Manchurian                     (Qty: 1); Chicken Chilli Garlic Noodles  (Qty: 1)
JPv5q9SsEu5OJFWVcgx5,"Sep 29, 2025, 04:12 AM",George Hopkins,georgehopkins19787@gmail.com,Abhishek,,Patna,Champaran Meat House,2,$7.14,,pending,Jeera Rice (Qty: 1); Mutton Ahuna (Qty: 1)
nm9r51zEU9fiNGWjmTPX,"Sep 28, 2025, 10:52 PM",George Hopkins,georgehopkins19787@gmail.com,Abhishek,,Patna,Krishnashree,1,$1.77,,pending,Roasted Makhana(lemon Chilli) (Qty: 1)
94bncLZtS4Q4FtcoiAIz,"Sep 28, 2025, 09:35 PM",George Hopkins,georgehopkins19787@gmail.com,Abhishek,,Patna,Idliyumm,1,$3.24,,pending,Ghee podi masala dosa (Qty: 1)
omJCbiYaROlSl5qsT3P8,"Sep 28, 2025, 09:01 AM",George Hopkins,georgehopkins19787@gmail.com,Abhishek,,Patna,Goila Butter Chicken,1,$4.11,,pending,Butter Chicken Thali (Qty: 1)
gEGEk9sbletZkZwAn96I,"Sep 28, 2025, 08:59 AM",Ravi Kaju,ravi1337kaji@gmail.com,Rhythm,,Patna,Behrouz Biryani,1,$4.70,,pending,Lazeez Bhuna Murgh Biryani (Dum Chicken Biryani - Serves 1) (Qty: 1)
8e5D5SLXY0rv7S7xEUQh,"Sep 28, 2025, 08:55 AM",Ravi Kaju,ravi1337kaji@gmail.com,Rhythm,,Patna,KFC,3,$8.04,,pending,Chicken Popcorn - Large (Qty: 1); Hot Chicken Wings - 4 pcs (Qty: 1); Zinger Pro Burger (Qty: 1)
jHYiBhHBkolEJxNjfN56,"Sep 28, 2025, 08:07 AM",Ravi Kaju,ravi1337kaji@gmail.com,Rhythm,,Patna,CHILLI LIME,3,$5.38,,pending,Fresh Lime Soda (Qty: 1); Virgin Pina Colada (Qty: 1); Masala Cola (Qty: 1)
QsAHumJUIp4gDxYfmkYK,"Sep 28, 2025, 08:03 AM",George Hopkins,georgehopkins19787@gmail.com,Shubham,,Patna,CHILLI LIME,4,$7.60,,pending,Fresh Lime Soda (Qty: 1); Spicy Guava (Qty: 1); Virgin Margarita (Qty: 1); Masala Cola (Qty: 1)
otNFQMRgGZWGFV0zwJNP,"Sep 28, 2025, 03:32 AM",George Hopkins,georgehopkins19787@gmail.com,Abhishek,,Patna,Champaran Meat House,2,$6.47,,pending,Steamed Rice (Qty: 1); Mutton Ahuna (Qty: 1)
eihmXqTljS6sqzVQxo29,"Sep 28, 2025, 01:05 AM",Ravi Kaju,ravi1337kaji@gmail.com,Rhythm,,Patna,Subway,2,$8.22,,pending,Cheesy Paneer Tikka (Qty: 1); Cheesy American BBQ (Qty: 1)
9ZbC1cEd7caX5XJyT2Qf,"Sep 27, 2025, 11:57 PM",Ravi Kaju,ravi1337kaji@gmail.com,Rhythm,,Patna,Krishnashree,1,$2.30,,pending,Chole Bhature (Qty: 1)
OXPMu2iD4myNsdSBE0a2,"Sep 27, 2025, 10:35 PM",Ravi Kaju,ravi1337kaji@gmail.com,Rhythm,,Patna,Goila Butter Chicken,1,$4.11,,pending,Butter Chicken Thali (Qty: 1)
Uiw4K2USTUCpLqYy66UQ,"Sep 27, 2025, 02:03 AM",George Hopkins,georgehopkins19787@gmail.com,Abhishek,,Patna,Vaango,1,$2.47,,pending,Ghee Roast Masala Dosa (Qty: 1)
Oxrdj1brJu7b5Dr5bJvm,"Sep 26, 2025, 09:40 PM",ABC DEF,nzanzb@gmail.com,Niharika Chouhan,,Jodhpur,15 A.D.,1,$9.30,,pending,Black Forest Cake 1kg (Qty: 1)
OZ4YK9jnaGBIik5s1fdF,"Sep 26, 2025, 10:10 AM",George Hopkins,georgehopkins19787@gmail.com,Abhishek,,Patna,Garage Kitchen,2,$6.33,,pending,"Chicken Chilli Dry [500 Ml, 8 Pieces, Serves 1-2] (Qty: 1); Veg Hakka Noodles[Serves - 2, 650Ml] (Qty: 1)"
KuxpW1gZ1qrZ6Dl57etB,"Sep 26, 2025, 05:44 AM",George Hopkins,georgehopkins19787@gmail.com,Shubham,,Patna,Pista House,1,$5.53,,pending,Malai Paneer Tikka (Qty: 1)
ABCDu3gXp5VnsOwFzSrC,"Sep 26, 2025, 05:41 AM",George Hopkins,georgehopkins19787@gmail.com,Shubham,,Patna,PVR Cafe,2,$3.86,,pending,Large Popcorn Salted (Qty: 1); Veggie Steamed Momos (Qty: 1)
vKJMV3ri0Pdzl9KJv6TF,"Sep 26, 2025, 05:38 AM",George Hopkins,georgehopkins19787@gmail.com,Shubham,,Patna,Pista House,1,$8.59,,pending,Chicken Mandi (2 Pcs) (Qty: 1)
As45LH2kOf3CVWDWPzqF,"Sep 26, 2025, 01:03 AM",Ravi Kaju,ravi1337kaji@gmail.com,Rhythm,,Patna,Domino's Pizza,4,$7.22,,pending,Packaged Water 500ml (Qty: 2); Coca Cola Zero Sugar 330ml (Qty: 1); Coca Cola 475ml (Qty: 2); Taco Mexicana Non Veg (Qty: 2)
5hcs0hDe7FJdFQs3cezd,"Sep 26, 2025, 12:56 AM",Ravi Kaju,ravi1337kaji@gmail.com,Rhythm,,Patna,KFC,1,$6.46,,pending,Chicken Burger Buddy Meal (Qty: 1)
b3HUMO7KrDspSjsR75bf,"Sep 26, 2025, 12:50 AM",Ravi Kaju,ravi1337kaji@gmail.com,Rhythm,,Patna,KFC,1,$6.53,,pending,Hot Chicken Wings - 4 pcs (Qty: 3)
YCyJW8lg44EWRwhxcCcv,"Sep 26, 2025, 12:42 AM",Ravi Kaju,ravi1337kaji@gmail.com,Rhythm,,Patna,KFC,2,$9.46,,pending,Chicken Popcorn - Large (Qty: 1); Hot Chicken Wings - 4 pcs (Qty: 3)
dzSIjRBddSAJQdk2NE65,"Sep 26, 2025, 12:16 AM",Srikant Nayak,srikant.nayak1337@gmail.com,Keshav,,Siliguri,Tshering's Kitchen,2,$4.83,,pending,Chicken Steam Momo (8 Pcs) (Qty: 1); Prawn Fried Rice (Qty: 1)
XCKYwfvWpOeuluoFV7JU,"Sep 25, 2025, 09:01 PM",George Hopkins,georgehopkins19787@gmail.com,Abhishek,,Patna,Chennai Express,1,$1.77,,pending,Masala Dosa (Qty: 1)
Sa5ZGUPeknLmQFmkfhaq,"Sep 25, 2025, 07:09 PM",Ravi Kaju,ravi1337kaji@gmail.com,Aman,,Bengaluru,Theobroma,1,$7.94,,pending,Red Velvet Cake [500g] (Qty: 1)
fpReNHfosUM14zMBdb7G,"Sep 25, 2025, 08:43 AM",George Hopkins,georgehopkins19787@gmail.com,Abhishek,,Patna,7th Heaven Cake Shop,1,$5.86,,pending,Blueberry Bliss Delight Premium Cake (Qty: 1)
v8lEOZ7duOkPncApADIQ,"Sep 25, 2025, 08:39 AM",George Hopkins,georgehopkins19787@gmail.com,Shubham,,Patna,My Bakery World,1,$5.28,,pending,Rainbow Cake (Qty: 1)
V1P1hQjbRJP5C1b4li1t,"Sep 25, 2025, 03:12 AM",George Hopkins,georgehopkins19787@gmail.com,Shubham,,Patna,Domino's Pizza,1,$5.28,,pending,Tandoori Chicken Burst Pizza (Reg) (Qty: 1)
G1RRQec7NL3c9vXIV5ao,"Sep 25, 2025, 01:52 AM",George Hopkins,georgehopkins19787@gmail.com,Shubham,,Patna,Govinda Dhaba,1,$3.51,,pending,Veg Deluxe Thali (Qty: 1)
mMZBhAFhCOhYbUu1eDZn,"Sep 25, 2025, 01:41 AM",Srikant Nayak,srikant.nayak1337@gmail.com,Keshav,,Siliguri,Baskin Robbins - Ice Cream Desserts,2,$2.75,,pending,Butterscotch Ribbon Ice Cream (Qty: 1); Hop Scotch Butterscotch Cone (Qty: 1)
yKZpQyEpfJKcSPjVCAmn,"Sep 24, 2025, 11:50 PM",Vinayak Gunaseelan,vinayakgunaseelan@gmail.com,Rakshana,,Chennai,Salem RR Biriyani Unavagam,3,$9.97,,pending,Tandoori Chicken (Qty: 1); Mutton Biryani (Qty: 1); Ginger Chicken Fry (Qty: 1)
iOMPqYfhFGfeSm6WIZ6r,"Sep 24, 2025, 09:32 PM",George Hopkins,georgehopkins19787@gmail.com,Abhishek,,Patna,Krishnashree,1,$7.06,,pending,Dried Blueberry [300 Gms] (Qty: 1)
AKSThKdvjFFLOaU0jm41,"Sep 24, 2025, 09:31 PM",George Hopkins,georgehopkins19787@gmail.com,Abhishek,,Patna,Krishnashree,1,$5.30,,pending,Walnut (Qty: 1)
d9zYfF2vPiqHcNLSlTUX,"Sep 24, 2025, 08:09 PM",George Hopkins,georgehopkins19787@gmail.com,Abhishek,,Patna,Champaran Meat House,1,$3.52,,pending,Mutton Jeera Rice Half ( 2pc. Mutton + Half Jeera Rice) (Qty: 1)
SYrptfWlxlq15ImYArHE,"Sep 24, 2025, 09:40 AM",George Hopkins,georgehopkins19787@gmail.com,Abhishek,,Patna,Subway,1,$3.87,,pending,Cheesy American BBQ (Qty: 1)
Wqr4pjz63MMaleK0TtRm,"Sep 24, 2025, 09:23 AM",George Hopkins,georgehopkins19787@gmail.com,Shubham,,Patna,Krishnashree,1,$4.50,,pending,Special Thali (Qty: 1)
PrRTWEnTwjKwXZAB6UdL,"Sep 24, 2025, 02:51 AM",raghav vadehra,raghavvadehra265@gmail.com,Rakesh vadehra,,Jalandhar,Sh.Narayan Dass Ji Bare Wale (Phagwara Gate),3,$4.12,,pending,Samosa Channa 2 Pieces (Qty: 3); Paneer Pakoda Chana 2 Pieces (Qty: 1); Aloo Tikki Pakoda With Chana 2 Pieces (Qty: 1)
zc75iTQiHISeLI7dc5XJ,"Sep 24, 2025, 01:11 AM",George Hopkins,georgehopkins19787@gmail.com,Abhishek,,Patna,Champaran Meat House,1,$5.16,,pending,Chicken Ahuna (Qty: 1)
W9WYHYdveDIBsA5E84Dc,"Sep 24, 2025, 12:50 AM",George Hopkins,georgehopkins19787@gmail.com,Shubham,,Patna,Krishnashree,2,$5.91,,pending,Special Thali (Qty: 1); Rasmalai (Qty: 1)
zTxHifhj4bldcT6xZ3O2,"Sep 23, 2025, 09:22 AM",George Hopkins,georgehopkins19787@gmail.com,Abhishek,,Patna,The Aromas Cafe,2,$5.04,,pending,Veg Manchurian (Qty: 1); Paneer Noodles (Qty: 1)
9esAwnL9jDc2pECNCOEH,"Sep 23, 2025, 09:00 AM",George Hopkins,georgehopkins19787@gmail.com,Abhishek 4,,Siliguri,Biggies Burger,2,$5.74,,pending,Tandoori Chicken Fillet Burger (Qty: 1); Peri Peri Chicken Fillet Burger (Qty: 1)
SvvPD9fvWEpUrmz9k4hM,"Sep 23, 2025, 05:53 AM",George Hopkins,georgehopkins19787@gmail.com,Shubham,,Patna,Bikaner Elite,3,$6.36,,pending,Gujiya (Qty: 1); Papri Chat (Qty: 1); Veg Hot N Sour Soup (Qty: 1)
0MXYB9NtOmHMTMR5mKjr,"Sep 23, 2025, 12:03 AM",George Hopkins,georgehopkins19787@gmail.com,Abhishek 4,,Siliguri,Epare Bangla,2,$6.71,,pending,Plain Rice (Qty: 1); Mutton Kosha (Qty: 1)
dzbtnqJ2YBM0zyuYmE3V,"Sep 23, 2025, 12:01 AM",George Hopkins,georgehopkins19787@gmail.com,Abhishek 4,,Siliguri,Epare Bangla,2,$12.24,,pending,Daab Chingri (Qty: 1); Mutton Kosha (Qty: 1)
CH94tfBUUMI8DGT8hGZ6,"Sep 22, 2025, 09:55 PM",Sukhjot Singh,sukhjotbedi@gmail.com,Jasleen Arora,,Ludhiana,The Healthy Wave,2,$6.30,,pending,Mango Smoothie (Qty: 1); Pasta Salad Cocktail Dressing (Qty: 1)
0jMELOH5V2aKGqFQvgrK,"Sep 22, 2025, 07:39 AM",George Hopkins,georgehopkins19787@gmail.com,Abhishek 3,,Siliguri,Epare Bangla,1,$4.59,,pending,Chicken Thali (Qty: 1)
dHXnMJyfOl5LhkjxxwCi,"Sep 22, 2025, 07:39 AM",George Hopkins,georgehopkins19787@gmail.com,Abhishek 3,,Siliguri,Kolkata Alishan Biryani,1,$2.18,,pending,Chicken Egg Biryani (Qty: 1)
xHSJEmSxUR8YzbjKcy16,"Sep 22, 2025, 07:05 AM",George Hopkins,georgehopkins19787@gmail.com,Abhishek,,Patna,Well Food,2,$4.24,,pending,Veg Chowmein with Veg Manchurian (Qty: 1); Veg Fried Rice with Veg Manchurian Gravy (Qty: 1)
VWPd0FrjVQuWwHHtzeOi,"Sep 22, 2025, 12:27 AM",George Hopkins,georgehopkins19787@gmail.com,Abhishek 3,,Siliguri,Kolikata 1757,1,$9.39,,pending,Cheesy Fish Fry (Qty: 2)
NwBGcfOKLDdEqxvYU4FJ,"Sep 21, 2025, 09:27 AM",George Hopkins,georgehopkins19787@gmail.com,Shubham,,Patna,Real Champaran Meat House,2,$8.67,,pending,Mutton Stew (Qty: 1); Tawa Roti (Qty: 10)
gL4zhigsR5lziikjz2GZ,"Sep 21, 2025, 09:18 AM",George Hopkins,georgehopkins19787@gmail.com,Abhishek 2,,Siliguri,Mitra Cafe,2,$7.00,,pending,Fish Fry (Qty: 1); Mutton Dukbanglo(4pcs) (Qty: 1)
JdW1FgztU5cRBoDgouEa,"Sep 21, 2025, 08:33 AM",George Hopkins,georgehopkins19787@gmail.com,Shubham,,Patna,AB's - Absolute Barbecues,3,$8.86,,pending,Brownie (Qty: 1); Moong Dal Halwa (Qty: 1); Fantastic Five Non-veg (Qty: 1)
WkEOA3pr4ZKuwG5YnS6b,"Sep 21, 2025, 01:42 AM",Ravi Kaju,ravi1337kaji@gmail.com,Abhishek 2,,Siliguri,Sunnie Momo's,1,$1.47,,pending,Chicken Momos [8 Pieces] (Qty: 1)
eQqkcBkQHkLU7ytYaRPB,"Sep 21, 2025, 01:13 AM",Ravi Kaju,ravi1337kaji@gmail.com,Abhishek 2,,Siliguri,Epare Bangla,2,$11.30,,pending,Basanti Pulao (Qty: 2); Mutton Kosha (Qty: 1)
vYV3mGggAyVy2ssbxoY8,"Sep 20, 2025, 06:29 PM",Ravi Kaju,ravi1337kaji@gmail.com,Rhythm,,Patna,KFC,2,$7.22,,pending,Hot Chicken Wings - 4 pcs (Qty: 1); Duo Popcorn Chicken Rice Bowl - Biryani Style (Qty: 1)
YNJRmkFrreqkVM0l8Ufp,"Sep 20, 2025, 06:27 PM",George Hopkins,georgehopkins19787@gmail.com,Abhishek,,Patna,Real Champaran Meat House,1,$5.96,,pending,Mutton Stew Jeera Rice Thali (Qty: 2)
dYegFZbn0ZbC2GjjY3pr,"Sep 20, 2025, 07:42 AM",George Hopkins,georgehopkins19787@gmail.com,Abhishek,,Patna,Secret Shawarma,2,$4.57,,pending,Tandoori Chicken Shawarma (Qty: 1); Chicken Sheek Kebab Roll (Qty: 1)
EMDCTWVxBtOMAOboyVey,"Sep 20, 2025, 02:21 AM",Ravi Kaju,ravi1337kaji@gmail.com,Aman,,Bengaluru,Kabab Magic,2,$3.77,,pending,Paratha (Qty: 2); Grilled Chicken (Qty: 1)
Oeu0Pxn9o5EfcWdD7Qoe,"Sep 19, 2025, 10:55 PM",Soumya Dhar,a27dhar@yahoo.com,Indrani Dhar,,Bengaluru,Ohh Kolkata,8,$27.08,,pending,Rohu Shorshe (Qty: 1); Bhetki Shorshe (Qty: 1); Kolkata Misti Doi(100 Gm) (Qty: 1); Aloo Diya Mutton Kosha (Qty: 1); Aloo Diye Chicken Kosha (3 Pcs) (Qty: 1); Mutton Kosha Thali (2pcs) (Qty: 1); Basanti Gobindo Bhog Pulao (750 Ml) (Qty: 2); Aloo Posto Thala (Qty: 1)
PX8S4GCc3awjlZvefIbH,"Sep 19, 2025, 07:57 PM",raghav vadehra,raghavvadehra265@gmail.com,Rakesh vadehra,,Jalandhar,Model Town ke Famous Channa Kulche,1,$3.30,,pending,Channa kulcha [3 pieces] (Qty: 4)
Gyx4x65mSp0UN3VgyK2J,"Sep 19, 2025, 04:01 PM",George Hopkins,georgehopkins19787@gmail.com,Abhishek,,Patna,Starbucks Coffee,1,$4.47,,pending,White Chocolate Mocha (Qty: 1)
Lmpw1NwI8fRICmTYkagi,"Sep 19, 2025, 03:59 PM",George Hopkins,georgehopkins19787@gmail.com,Abhishek,,Patna,Subway,1,$3.52,,pending,Egg'n Chicken Melt (Qty: 1)
4jU5Z94BZwICdd5sKl0R,"Sep 19, 2025, 09:00 AM",George Hopkins,georgehopkins19787@gmail.com,Abhishek,,Patna,The Downtown Cafe,2,$6.21,,pending,Chicken Chilli Dry (Qty: 1); Chicken Hakka Noodles (Qty: 1)
ef1n8mkK2Koh8JH5Yjsi,"Sep 19, 2025, 08:27 AM",Mohd Shoaib,shoaibmohd9030@gmail.com,Subhan,,Hyderabad,The Kunafa Kingdom,2,$10.36,,pending,Dried fruit kunafa (Qty: 1); Classic Cheese Kunafa (Qty: 1)
3TXHx9ExreGnMVzTSGm2,"Sep 19, 2025, 08:12 AM",George Hopkins,georgehopkins19787@gmail.com,Shubham,,Patna,La Pino'z Pizza,1,$7.25,,pending,Cheezy-7 Pizza (Qty: 2)
IXL1tqyZ75Z9YhTpZ7TS,"Sep 19, 2025, 08:07 AM",George Hopkins,georgehopkins19787@gmail.com,Shubham,,Patna,Biryani Mahal,1,$5.41,,pending,Chicken Arabian Chops  (Qty: 1)
N7FcKVGhSqfCG0O4D3tv,"Sep 19, 2025, 07:55 AM",George Hopkins,georgehopkins19787@gmail.com,Shubham,,Patna,Pista House,2,$8.70,,pending,Garlic Fish Tikka (Qty: 1); Chicken Zinger Stick (online) (Qty: 1)
X1s9vCvNYkfeC1r2446R,"Sep 19, 2025, 04:03 AM",George Hopkins,georgehopkins19787@gmail.com,Shubham,,Patna,PVR Cafe,1,$4.92,,pending,Large Cheesy Munch Combo (Qty: 1)
zHXyJZ0D43ewTe9mg2de,"Sep 19, 2025, 04:02 AM",George Hopkins,georgehopkins19787@gmail.com,Shubham,,Patna,KFC,1,$5.86,,pending,Chicken Popcorn - Large (Qty: 2)
AYf7ZLnV6Jlah365GiNc,"Sep 19, 2025, 01:04 AM",George Hopkins,georgehopkins19787@gmail.com,Shubham,,Patna,Starbucks Coffee,2,$7.83,,pending,Basil Tomato & Mozzarella Cheese Sandwich (Qty: 1); Tall Coffee Frappuccino (Qty: 1)
we6uNkhfWnA5Io8rKckp,"Sep 18, 2025, 09:11 PM",Pal Patel,palpatel1404@gmail.com,manyavar,,Gandhinagar,Subway,2,$4.34,,pending,Aloo Patty Salad (Qty: 1); Dark Chunk Chocolate Cookie (eggless) (Qty: 2)
0GDYNA6sp7cbZbSbmseI,"Sep 18, 2025, 08:29 AM",George Hopkins,georgehopkins19787@gmail.com,Shubham 2,,Varanasi,Ramaeshwaram Upahaar,3,$8.65,,pending,Paneer 65 (Qty: 1); Ramaeshwaram style ghee podi masala dosai (Qty: 1); Mango lassi seasonal (Qty: 1)
q66cmgAaiuDzZvPHnJbN,"Sep 18, 2025, 08:26 AM",George Hopkins,georgehopkins19787@gmail.com,Shubham 2,,Varanasi,Bikanervala,3,$8.06,,pending,Chinese Platter (Qty: 1); Dahi Bhalla (Qty: 1); Milk  Chocolate Shake (Qty: 1)
DUR4I8f40DV9JwWaXQnL,"Sep 18, 2025, 07:07 AM",George Hopkins,georgehopkins19787@gmail.com,Abhishek,,Patna,Real Champaran Meat House,1,$7.38,,pending,Mutton Stew (Qty: 1)
8plkWjaXlx8qgqdmvTEt,"Sep 18, 2025, 06:54 AM",George Hopkins,georgehopkins19787@gmail.com,Abhishek,,Patna,Real Champaran Meat House,2,$4.79,,pending,Chicken Stew Jeera Rice Thali (Qty: 1); Mutton Stew (Qty: 1)
bpgCTXukrSuD2T9dOXVV,"Sep 18, 2025, 02:34 AM",George Hopkins,georgehopkins19787@gmail.com,Shubham 2,,Varanasi,Starbucks Coffee,3,$10.00,,pending,Java Chip Frappuccino. (Qty: 1); Butter Croissant. (Qty: 1); Paneer Tikka Sandwich (Qty: 1)
cSt1inIpR2ugHRKCdHHm,"Sep 18, 2025, 02:32 AM",George Hopkins,georgehopkins19787@gmail.com,Shubham 2,,Varanasi,FIDKA,2,$7.06,,pending,Burnt Ginger Garlic Rice (Qty: 1); Channa Masala + Jeera Rice (Qty: 1)
X41KvMRzebtBNi5x3FxR,"Sep 17, 2025, 10:20 AM",Ravi Kaju,ravi1337kaji@gmail.com,Rhythm,,Patna,KFC,3,$7.23,,pending,Chicken Popcorn - Medium (Qty: 1); Hot Chicken Wings - 4 pcs (Qty: 1); Popcorn Chicken Rice Bowl - Biryani Style (Qty: 1)
43ocXMXcd5hLn6oaRQYH,"Sep 17, 2025, 05:36 AM",Ravi Kaju,ravi1337kaji@gmail.com,Aman,,Bengaluru,Sharief Bhai Biryani,1,$5.52,,pending,Mutton Biryani (Har-dil-Azeez Gosht) (Qty: 1)
m6z4J6J7vcfzrxxly98E,"Sep 16, 2025, 01:33 PM",George Hopkins,georgehopkins19787@gmail.com,Abhishek,,Patna,Champaran Meat House,1,$11.04,,pending,Mutton Ahuna (Qty: 1)
ubTSoELZ5MFXrICgIeIW,"Sep 16, 2025, 01:01 PM",George Hopkins,georgehopkins19787@gmail.com,Abhishek,,Patna,Subway,1,$3.52,,pending,Egg'n Chicken Melt (Qty: 1)
mMmk71TL0epu4s83KURb,"Sep 16, 2025, 08:40 AM",George Hopkins,georgehopkins19787@gmail.com,Abhishek 2,,Patna,Biryani By Kilo,1,$5.87,,pending,Mutton Hyderabadi Dum Biryani [Serve 1] (Qty: 1)
XxYXqv6yVQHPJAR853fx,"Sep 16, 2025, 08:22 AM",George Hopkins,georgehopkins19787@gmail.com,Abhishek 2,,Patna,Subway,1,$4.34,,pending,Cheesy Lamb Pepperoni (Qty: 1)
XHu0zmf8xyGl71h8FVKA,"Sep 16, 2025, 08:05 AM",George Hopkins,georgehopkins19787@gmail.com,Abhishek 2,,Patna,Seoul Fried Chicken,2,$6.58,,pending,Korean Popcorn (Qty: 1); Korean Fried Wings (Qty: 2)
63KgojidUCGiCfdHA3JK,"Sep 16, 2025, 06:35 AM",raghav vadehra,raghavvadehra265@gmail.com,Rakesh vadehra,,Jalandhar,AAR KAY Vaishno Dhaba (Nakodar Road),1,$2.94,,pending,Cheese Tomato (Qty: 1)
7oNymn1npTN34GI1up8O,"Sep 16, 2025, 04:08 AM",George Hopkins,georgehopkins19787@gmail.com,Shubham,,Patna,Pista House,1,$9.36,,pending,Zafrani Mutton Biryani (special) (Qty: 1)
6Yey7nCViE3XHHjPftzq,"Sep 16, 2025, 04:07 AM",George Hopkins,georgehopkins19787@gmail.com,Shubham,,Patna,Pista House,2,$11.99,,pending,Malai Paneer Tikka (Qty: 1); Tandoori Fish Tikka (Qty: 1)
7GPXYzyIvW90PxMa1X6y,"Sep 15, 2025, 02:17 PM",George Hopkins,georgehopkins19787@gmail.com,Abhishek,,Patna,Vaango,1,$2.24,,pending,Masala Dosa (Qty: 1)
jbIjlP2zZF6O8ChoqQiV,"Sep 15, 2025, 11:51 AM",George Hopkins,georgehopkins19787@gmail.com,Abhishek,,Patna,Pista House,1,$6.46,,pending,Irani Fish Tikka (Qty: 1)
BydQDiZRJfMBSRqerWBd,"Sep 15, 2025, 06:42 AM",Ravi Kaju,ravi1337kaji@gmail.com,Aman,,Bengaluru,Meghana Foods,1,$4.24,,pending,Lollipop Biryani (Qty: 1)
5eDgYeD0t8pCrZ3jruH2,"Sep 15, 2025, 05:11 AM",George Hopkins,georgehopkins19787@gmail.com,Abhishek,,Patna,0612 Road Chef Online,1,$3.75,,pending,Chicken Tikka [6 Pieces] (Qty: 1)
lzTXImXqnXCZIonlgW4F,"Sep 15, 2025, 01:38 AM",George Hopkins,georgehopkins19787@gmail.com,Abhishek,,Patna,Krishnashree,1,$6.36,,pending,Almond [300 Gm] (Qty: 1)
cw5W0ZTLLjk4YLaSEZdO,"Sep 15, 2025, 01:37 AM",George Hopkins,georgehopkins19787@gmail.com,Abhishek,,Patna,Krishnashree,2,$6.71,,pending,Sunflower Seeds [300 Gms] (Qty: 1); Pumpkin Seeds [300 Gms] (Qty: 1)
Yy5TVxgbMvQyAsnhXIze,"Sep 14, 2025, 09:01 AM",George Hopkins,georgehopkins19787@gmail.com,Abhishek,,Patna,Real Champaran Meat House,2,$3.17,,pending,Chicken Leg Special (Qty: 1); Jeera Rice (Qty: 1)
bReclhINEbsHNgiUwVvM,"Sep 14, 2025, 07:54 AM",George Hopkins,georgehopkins19787@gmail.com,Shubham,,Patna,Pista House,2,$14.11,,pending,Zafrani Kebab-8pcs (Qty: 1); Garlic Fish Tikka (Qty: 1)
uukEnnLr9bSYlJnqCwpS,"Sep 14, 2025, 07:50 AM",George Hopkins,georgehopkins19787@gmail.com,Shubham,,Patna,KFC,2,$9.46,,pending,Chicken Popcorn - Large (Qty: 1); Hot Chicken Wings - 4 pcs (Qty: 3)
P1TdywHfDaeVVMfxjc85,"Sep 14, 2025, 05:41 AM",George Hopkins,georgehopkins19787@gmail.com,Shubham,,Patna,Crusto's - Cheese Burst Pizza By Olio,2,$9.75,,pending,California Pizza (Qty: 1); Veg Extravaganza Pizza (Qty: 1)
nRpdbRJgQRjra2k7dhR3,"Sep 14, 2025, 03:53 AM",George Hopkins,georgehopkins19787@gmail.com,Shubham,,Patna,Krishnashree,3,$9.79,,pending,Paneer Tikka (Qty: 1); Rasgulla (Qty: 1); Amritsari Thali (Qty: 1)
BUrHqEbrk5f0ENxefSwn,"Sep 14, 2025, 01:42 AM",Poojitha Arangam,pooji369a@gmail.com,Naga Kiran Varanasi,,Bengaluru,Mani's Dum Biryani,1,$3.96,,pending,Chicken Biryani Large (Serves 2-3) (Qty: 1)
nbV1hGBYvNLuVRELtIRk,"Sep 14, 2025, 01:22 AM",Ravi Kaju,ravi1337kaji@gmail.com,Aman,,Bengaluru,Theobroma,2,$9.47,,pending,Spinach Corn & Cheese Sandwich [Single] (Qty: 2); Choco-Vanilla Oreo Cake [540g] (Qty: 1)
KtjBxeWCevHjZC7u16ms,"Sep 13, 2025, 11:44 PM",Divleen Kaur,divleen_k81@hotmail.com,Kawaljit Kaur,,New Delhi,Roshan Di Kulfi,2,$6.47,,pending,Aaloo Tikki (2pcs.) (Qty: 2); RASMALAI PCS (Qty: 4)
swBUvmMEpBLWRzgTnO4t,"Sep 13, 2025, 09:03 PM",Sukhjot Singh,sukhjotbedi@gmail.com,Jasleen Arora,,Ludhiana,Ashok Fruit Juice,2,$4.71,,pending,Cold Coffee Thick Shake (350 ml) (Qty: 1); Fruit Chaat (Qty: 1)
FJnTJHiJpNbgXeErvJz5,"Sep 13, 2025, 09:22 AM",George Hopkins,georgehopkins19787@gmail.com,Abhishek,,Patna,Harilal's,1,$9.42,,pending,Long Gulab Jamun (Qty: 2)
ARfRHL3cxvzFymUv2Rx3,"Sep 13, 2025, 09:16 AM",George Hopkins,georgehopkins19787@gmail.com,Abhishek,,Patna,Real Champaran Meat House,2,$5.44,,pending,Mutton Stew Jeera Rice Thali (Qty: 1); Mutton Stew (Qty: 1)
6jRFVRgPrfu64f9R83wu,"Sep 13, 2025, 08:25 AM",Poojitha Arangam,pooji369a@gmail.com,Naga Kiran Varanasi,,Bengaluru,KFC,3,$10.04,,pending,Zinger Pro Burger (Qty: 1); Ultimate Savings Chicken Bucket (Qty: 1); KFC X Snickers Choco Mousse Cake (Qty: 1)
XOwq7bvTXedsWEwdKhty,"Sep 13, 2025, 03:04 AM",George Hopkins,georgehopkins19787@gmail.com,Abhishek,,Patna,The Downtown Cafe,2,$6.80,,pending,Chicken Tikka [8 Pieces] (Qty: 1); Paneer Tikka [8 Pieces] (Qty: 1)
tOqEJ8t9pCCvrKv1maPD,"Sep 12, 2025, 09:13 PM",raghav vadehra,raghavvadehra265@gmail.com,Rakesh vadehra,,Jalandhar,Gopi Ram Poori Wale,2,$3.18,,pending,Poori Chana Aloo (2 Pcs) (Qty: 2); Samosa (2pcs) (Qty: 2)
4Cou4EVKegysQGiehE5V,"Sep 12, 2025, 09:38 AM",George Hopkins,georgehopkins19787@gmail.com,Shubham,,Patna,Real Champaran Meat House,1,$5.37,,pending,Handi Mutton Ahuna (Qty: 1)
zQKLRB9ZkQJsi6ghYRg5,"Sep 12, 2025, 07:38 AM",Gurinder singh,gurindernangla9302@gmail.com,Diksha,,Chandigarh,Thalaiva Biryani,3,$4.86,,pending,OG Thalaiva Chicken Biryani (Boneless) (Serves 1 - 530gms) (Qty: 1); Gulab Jamun (Pack Of 2) (Qty: 1); Vanilla Ice Cream (Qty: 1)
NpboafZ1hpQmQh7AictP,"Sep 12, 2025, 04:58 AM",Poojitha Arangam,pooji369a@gmail.com,Naga Kiran Varanasi,,Bengaluru,Meghana Foods,2,$6.36,,pending,Lemon Chicken (Qty: 1); Chicken Boneless Biryani (Qty: 1)
vxqIOvgsMRd5hX3pgvbP,"Sep 11, 2025, 09:07 AM",George Hopkins,georgehopkins19787@gmail.com,Shubham,,Patna,Krishnashree,2,$5.54,,pending,Rasgulla (Qty: 1); Amritsari Thali (Qty: 1)
jeZtALseLdp4L9e5smmm,"Sep 11, 2025, 09:04 AM",George Hopkins,georgehopkins19787@gmail.com,Abhishek,,Patna,Real Champaran Meat House,2,$10.36,,pending,Mutton Stew Jeera Rice Thali (Qty: 1); Mutton Stew (Qty: 1)
VMRwGcyCy8GpHfYyPyFj,"Sep 11, 2025, 08:44 AM",Poojitha Arangam,pooji369a@gmail.com,Naga Kiran Varanasi,,Bengaluru,Meghana Foods,1,$3.18,,pending,Chicken Pakoda (Qty: 1)
2TcCAL8nrrFruULqTVNd,"Sep 11, 2025, 03:16 AM",raghav vadehra,raghavvadehra265@gmail.com,Rakesh vadehra,,Jalandhar,Lovely Bake Studio,11,$11.43,,pending,Oats Raisin Cookies 60 Gms (Qty: 1); Aloo Bhujia Tanatan 400 Gms (Qty: 1); Bikaneri Bhujiya 400 Gms (Qty: 1); Chana Dal 400 Gms (Qty: 2); Kashmiri Mix 400 Gms (Qty: 1); Rajdhani Mix 400 Gms (Qty: 1); Rusk Elaichi Bk 150 Gms (Qty: 1); Rusk Plain Bk 150 Gms (Qty: 1); Cream Roll (Qty: 2); Choco Lolli Pop (Qty: 1); Veg Paneer Patties (Qty: 4)
eWQa1LYFyMVAWIGlk38N,"Sep 11, 2025, 01:09 AM",Srikant Nayak,srikant.nayak1337@gmail.com,Keshav,,Araria,Biryani Palace,3,$9.89,,pending,Chicken fride rice (Qty: 1); Chicken curry (Qty: 2); Lachha paratha (Qty: 3)
WEWjq8izLkcolXNZjn1M,"Sep 10, 2025, 11:47 PM",Divleen Kaur,divleen_k81@hotmail.com,Kawaljit Kaur,,New Delhi,Berco's -If You Love Chinese,3,$16.89,,pending,Chicken Fried Rice (Qty: 1); Chicken Noodle Soup With Burnt Garlic (Qty: 2); Chicken Sweet Corn Soup (Qty: 2)
wXoSO4ztmunJRHOGMI2z,"Sep 10, 2025, 10:01 PM",Rajeev Singh,rajeevsingh0401@gmail.com,Jeevendra Singh,,Lucknow,Moti Mahal,4,$20.24,,pending,Dhokla (100g) (Qty: 2); Khasta With Sabji(2Pcs) (Qty: 2); Masala Dosa. (Qty: 4); Mango lassi (Qty: 4)
2eSiMvnSweOGVJE6u8qJ,"Sep 10, 2025, 09:47 AM",Srikant Nayak,srikant.nayak1337@gmail.com,Keshav,,Pelku,Fish & Fry,2,$5.97,,pending,Cheesy Fish Fry (Qty: 1); Cheese Dip  (Qty: 2)
316xBnm0qaYxPGfXAm0m,"Sep 10, 2025, 09:30 AM",Srikant Nayak,srikant.nayak1337@gmail.com,Keshav,,Pelku,Backyard Bistro,3,$13.01,,pending,Fish Finger (Qty: 1); Chicken Salt & Pepper (Qty: 1); Cheesy Jalapeño Balls (Qty: 1)
H02X23BsoCE2uKsEotoR,"Sep 10, 2025, 09:27 AM",Srikant Nayak,srikant.nayak1337@gmail.com,Keshav,,Pelku,Epare Bangla,2,$11.18,,pending,Mutton Dakbunglow (Qty: 1); Mutton Kosha (Qty: 1)
s3da00o5nlEC3HEZaAh3,"Sep 10, 2025, 09:25 AM",Srikant Nayak,srikant.nayak1337@gmail.com,Keshav,,Pelku,Epare Bangla,2,$9.65,,pending,Koraishutir Kochuri [4 Pcs] (Qty: 2); Digha Samudraparer Pomfret (Qty: 1)
OSVsWsqilwojjkin0Zxg,"Sep 10, 2025, 09:09 AM",Poojitha Arangam,pooji369a@gmail.com,Naga Kiran Varanasi,,Bengaluru,McDonald's,2,$5.67,,pending,Chicken Maharaja Mac Burger Combo (Qty: 1); Big Spicy Chicken Wrap (Qty: 1)
vCfJyryYpv1xMaVfNAgR,"Sep 10, 2025, 02:37 AM",Srikant Nayak,srikant.nayak1337@gmail.com,Keshav,,Pelku,Epare Bangla,1,$5.41,,pending,Mutton Kosha (Qty: 1)
mAEp4aPsavQEyOBBwp6T,"Sep 10, 2025, 02:36 AM",Srikant Nayak,srikant.nayak1337@gmail.com,Keshav,,Pelku,Epare Bangla,2,$8.36,,pending,Basanti Pulao (Qty: 1); Mutton Kosha (Qty: 1)
Ucct9xGg36mnBAA6r0x3,"Sep 10, 2025, 02:35 AM",Srikant Nayak,srikant.nayak1337@gmail.com,Keshav,,Pelku,Epare Bangla,2,$8.36,,pending,Basanti Pulao (Qty: 1); Mutton Kosha (Qty: 1)
aK8LwPpKnhVvSy6U7hAD,"Sep 9, 2025, 09:07 PM",Pal Patel,palpatel1404@gmail.com,Manyavar Sinh,,Gandhinagar,Pooja Live Dhokla,2,$2.80,,pending,Veg Burger (Qty: 1); Peri Peri French Fries (150Gm) (Qty: 1)
Dg7lpJtaEwDLqqk74w7T,"Sep 9, 2025, 07:52 PM",Sravan Cheruvu,hai2sravan@gmail.com,Prabhakar C L N,,Secunderabad,Hotel Svm Grand,1,$3.18,,pending,Veg Biryani (Qty: 1)
APefEVyrDoBSIWYkRrjo,"Sep 9, 2025, 07:46 PM",Sravan Cheruvu,hai2sravan@gmail.com,Prabhakar C L N,,Secunderabad,Nrs Hotel Sanman,3,$9.36,,pending,Paneer Butter Masala (Qty: 1); Masala Kulcha (Qty: 2); Paneer Fried Rice (Qty: 1)
woMjK9XIJ0tfvgrYtRK3,"Sep 9, 2025, 10:00 AM",Srikant Nayak,srikant.nayak1337@gmail.com,Keshav ,,Darjeeling,Domino's Pizza,1,$5.28,,pending,Shawarma Chicken Burst Pizza (Reg) (Qty: 1)
CyrQZgHe67de0POijSKT,"Sep 9, 2025, 09:11 AM",Srikant Nayak,srikant.nayak1337@gmail.com,Keshav ,,Darjeeling,Wow! China,2,$8.29,,pending,Chicken Fried Rice With Chilli Chicken (Qty: 1); Honey Dragon Chicken (Qty: 1)
9b75zMOwKSD4EDOqoXEd,"Sep 9, 2025, 09:06 AM",Srikant Nayak,srikant.nayak1337@gmail.com,Keshav ,,Darjeeling,Domino's Pizza,2,$8.18,,pending,Indi Tandoori Paneer Cheese Burst (Qty: 1); Coca Cola 475ml (Qty: 4)
XH1D95oMG9xja2yyIVqg,"Sep 9, 2025, 06:14 AM",Srikant Nayak,srikant.nayak1337@gmail.com,Keshav ,,Darjeeling,Hotel Birdie's Nest,2,$6.24,,pending,Jeera rice (Qty: 1); Chicken kasha (Qty: 2)
b8CpuBEMNBMxuSqMasy3,"Sep 9, 2025, 12:29 AM",Srikant Nayak,srikant.nayak1337@gmail.com,Keshav ,,Darjeeling,Hotel Birdie's Nest,3,$8.83,,pending,Jeera rice (Qty: 1); Kadai chicken (Qty: 1); Chicken meals (Qty: 2)
Q9x6DhJwjIeigBuMVsIw,"Sep 9, 2025, 12:00 AM",Divleen Kaur,divleen_k81@hotmail.com,Kawaljit Kaur,,New Delhi,BIKANERVALA ANGAN,3,$7.42,,pending,Choley Bhature (Qty: 1); Bhalla Papdi (Qty: 2); Pani Puri - Suji (Qty: 2)
V0tMcz0dkGSqI3KUsNbe,"Sep 8, 2025, 04:16 PM",raghav vadehra,raghavvadehra265@gmail.com,Rakesh vadehra,,Jalandhar,Lovely Sweets,2,$5.94,,pending,Halwa Gajar 1 Kg Pack (Qty: 1); Ladoo Banarsi Motichoor 1 Kg (Qty: 1)
0HXwsYxkMCNkC2ESqMRQ,"Sep 8, 2025, 09:31 AM",Srikant Nayak,srikant.nayak1337@gmail.com,Keshav ,,Darjeeling,Domino's Pizza,4,$7.72,,pending,Taco Mexicana Non Veg (Qty: 1); Grilled Wings Signature Garlic (Qty: 1); Coca Cola 475ml (Qty: 2); Saucy Chicken Pops - Peri Peri (Qty: 1)
bQD80FydcOKj7mdVglyr,"Sep 8, 2025, 09:22 AM",Srikant Nayak,srikant.nayak1337@gmail.com,Keshav ,,Darjeeling,Wow! China,2,$7.40,,pending,Chicken Cheese Fried Momo (Qty: 1); Stir Fried  Chicken (Qty: 1)
dqU1Bly2O1cL7JykkYpX,"Sep 8, 2025, 09:20 AM",Srikant Nayak,srikant.nayak1337@gmail.com,Keshav ,,Darjeeling,Wow! China,1,$8.22,,pending,Chicken Cheese Spring Rolls (4pcs) (Qty: 2)
6RhQtzMwArrdhZOxdz2H,"Sep 8, 2025, 09:08 AM",Srikant Nayak,srikant.nayak1337@gmail.com,Keshav ,,Darjeeling,Domino's Pizza,1,$9.99,,pending,Shawarma Chicken Burst Pizza (Med) (Qty: 1)
nz0XqMqin3juRgRXSeJv,"Sep 8, 2025, 06:28 AM",Srikant Nayak,srikant.nayak1337@gmail.com,Keshav ,,Darjeeling,KFC,2,$5.11,,pending,Hot Chicken Wings - 4 pcs (Qty: 1); Smoky Red Grilled Chicken - 2 pc (Qty: 1)
7Gj3RHWfMNPYE0saWiat,"Sep 8, 2025, 06:27 AM",Srikant Nayak,srikant.nayak1337@gmail.com,Keshav ,,Darjeeling,KFC,3,$6.67,,pending,Chicken Popcorn - Large (Qty: 1); Choco Lava Cake (Qty: 1); Popcorn Chicken Rice Bowl - Biryani Style (Qty: 1)
YutCVtCwyjzZCW6ZNU2v,"Sep 8, 2025, 06:04 AM",Ravi Kaju,ravi1337kaji@gmail.com,Aman,,Bengaluru,Truffles,3,$7.23,,pending,"Spinach,corn,mushroom & Cheese Sandwich (Qty: 1); Blueberry Cheesecake Jar Eggless (Qty: 1); Chicken Mac & Cheese (Qty: 1)"
NgrcEoR2b4I7Y3XzYMkP,"Sep 8, 2025, 04:15 AM",Srikant Nayak,srikant.nayak1337@gmail.com,Keshav ,,Darjeeling,Wow! China,2,$8.29,,pending,Chicken Fried Rice With Chilli Chicken (Qty: 1); Crispy Hot Garlic Chicken (Qty: 1)
NZP9VA36CClXL1RGtboc,"Sep 8, 2025, 04:12 AM",Srikant Nayak,srikant.nayak1337@gmail.com,Keshav ,,Darjeeling,Wow! China,2,$8.52,,pending,Chicken Wings In Indo-Chinese Sauce (Qty: 1); Chicken Cheese Spring Rolls (4pcs) (Qty: 1)
gpREXJxzMZ59nosxo7w6,"Sep 8, 2025, 04:03 AM",Srikant Nayak,srikant.nayak1337@gmail.com,Keshav ,,Darjeeling,Olive : Tej Hotels And Resorts,4,$7.18,,pending,Manchow Soup (Qty: 1); Peri Peri Momos (Qty: 1); Khichdi (Qty: 1); Crispy Baby Corn (Qty: 1)
txRq1BvjMZTv7lVmkvz1,"Sep 7, 2025, 11:08 PM",Naveena,naveena_c@hotmail.com,Subba Narasaiah,,Secunderabad,Taj Mahal Hotel,4,$7.01,,pending,Steamed Rice (Qty: 1); Dal Tadka (Qty: 1); Idli(2pcs)                                      (Qty: 2); Upma(100gm)                                      (Qty: 1)
KTr3SHxphlTDf5YMdZ1c,"Sep 7, 2025, 09:45 PM",Srikant Nayak,srikant.nayak1337@gmail.com,Keshav,,Mallaguri,Makhan Bhog,4,$10.00,,pending,Masala Dhokla 2Pcs (Qty: 2); Chola With Bhature 2 Pc  (Qty: 2); Pav Bhaji 2Pc Pav (Qty: 1); Extra Pav Pcs  (Qty: 2)
an2frpMSK7CXkMg9cj8P,"Sep 7, 2025, 07:10 AM",Srikant Nayak,srikant.nayak1337@gmail.com,Keshav,,Mallaguri,Epare Bangla,2,$8.36,,pending,Basanti Pulao (Qty: 1); Mutton Kosha (Qty: 1)
khIIxXfZYyXcZjRLaBeF,"Sep 7, 2025, 06:50 AM",Srikant Nayak,srikant.nayak1337@gmail.com,Keshav,,Mallaguri,Epare Bangla,2,$8.36,,pending,Basanti Pulao (Qty: 1); Mutton Kosha (Qty: 1)
tC6qcC9nEelw3RcqeZA3,"Sep 7, 2025, 05:21 AM",Srikant Nayak,srikant.nayak1337@gmail.com,Ranbir,,Siliguri,KFC,1,$7.03,,pending,Smoky Red Chicken Rice Bowl - Biryani Style (Qty: 3)
9cgYKOET9K2am8xBM0cV,"Sep 7, 2025, 05:19 AM",Srikant Nayak,srikant.nayak1337@gmail.com,Ranbir,,Siliguri,KFC,2,$7.29,,pending,Chicken Popcorn - Large (Qty: 1); Hot Chicken Wings - 4 pcs (Qty: 2)
qM7gYwGSXYJxWvwjNhVx,"Sep 6, 2025, 08:56 PM",Sukhjot Singh,sukhjotbedi@gmail.com,Jasleen Bedi,,Ludhiana,Rekhi Fruit Chaat And Juice,1,$2.71,,pending,Indian Fruit Chaat (400 Gms) (Qty: 1)
wwKqT8jeruSotEBlZ20P,"Sep 6, 2025, 08:55 PM",Sukhjot Singh,sukhjotbedi@gmail.com,Jasleen Bedi,,Ludhiana,The Healthy Wave,2,$6.12,,pending,Chocolate Smoothie (Qty: 1); Pasta Salad Cocktail Dressing (Qty: 1)
ToHmkZSeTTkmn8QRvjPi,"Sep 6, 2025, 08:05 PM",raghav vadehra,raghavvadehra265@gmail.com,Rakesh vadehra,,Jalandhar,Ravi Ice Cream and Juice,2,$4.05,,pending,Mix Fruit Juice (Qty: 5); Ro Crystal Ice Cubes (1Kg) (Qty: 1)
Wr4xhaeNY5WJTuNk7FZq,"Sep 6, 2025, 07:28 PM",Amu,ammusubri@yahoo.com,Malathi,,Bengaluru,Nagarjuna - Since 1984,4,$17.18,,pending,Butter Milk (Qty: 1); Mutton Biriyani (Qty: 2); Chicken Sholay Kebab (boneless) (10-12 Pcs) (Qty: 1); Fresh Lime Soda (sweet & Salt) (Qty: 1)
2qnB6qj5lKZKd6QYG2FZ,"Sep 6, 2025, 09:11 AM",George Hopkins,georgehopkins19787@gmail.com,Abhishek,,Patna,Real Champaran Meat House,2,$5.44,,pending,Mutton Stew Jeera Rice Thali (Qty: 1); Mutton Stew (Qty: 1)
1VMTjzZzFO9xxcjecQaM,"Sep 6, 2025, 08:01 AM",George Hopkins,georgehopkins19787@gmail.com,Shubham,,Patna,Pista House,1,$8.59,,pending,Mutton Laham Mandi (1 Pc) (Qty: 1)
HQCK3Wa8ORsrzZHCSt7F,"Sep 6, 2025, 05:05 AM",George Hopkins,georgehopkins19787@gmail.com,Shubham,,Patna,Bonkers Cafe,2,$7.27,,pending,Chicken Afghani Tikka (Qty: 1); Chicken Reshmi Tikka (Qty: 1)
yEwcHbUbkSTcIudklfy2,"Sep 5, 2025, 10:39 PM",George Hopkins,georgehopkins19787@gmail.com,Abhishek,,Patna,Bikaner Elite,1,$6.86,,pending,Besan Gajak (Qty: 3)
KN8w7vGEoBVjQvEpW8PO,"Sep 5, 2025, 01:49 PM",George Hopkins,georgehopkins19787@gmail.com,Abhishek,,Patna,Subway,1,$4.34,,pending,Cheesy Paneer Tikka (Qty: 1)
slvhygMY0JkqJOdGhHKs,"Sep 5, 2025, 12:06 PM",George Hopkins,georgehopkins19787@gmail.com,Abhishek,,Patna,Subway,1,$4.34,,pending,Cheesy Paneer Tikka (Qty: 1)
F7couzMRG67OWBbMZgxR,"Sep 5, 2025, 11:32 AM",Ravi Kaju,ravi1337kaji@gmail.com,Aman,,Bengaluru,Meghana Foods,1,$4.35,,pending,Meghana Special Biryani (Qty: 1)
HWnEWzj4U9pUc8alL1M3,"Sep 5, 2025, 04:22 AM",George Hopkins,georgehopkins19787@gmail.com,Shubham,,Patna,The Pulp,2,$4.70,,pending,Fruit Yogurt Salad (Qty: 1); Abc Juice (Qty: 1)
3vmxGvxtYOW5OGEHdBFm,"Sep 5, 2025, 03:46 AM",George Hopkins,georgehopkins19787@gmail.com,Shubham,,Patna,Subway,1,$3.52,,pending,Egg'n Chicken Melt (Qty: 1)
TKFncdGFLblHvPQuISRs,"Sep 5, 2025, 02:23 AM",George Hopkins,georgehopkins19787@gmail.com,Shubham,,Patna,Starbucks Coffee,1,$3.65,,pending,Tall Java Chip Frappuccino (Qty: 1)
55bxcitXrt009YD4XrTR,"Sep 5, 2025, 01:46 AM",George Hopkins,georgehopkins19787@gmail.com,Shubham,,Patna,Amrapali Cafe,1,$3.83,,pending,Non Veg Thali. (Qty: 1)
lUoOmu1Pbv2KygmMP6uy,"Sep 4, 2025, 10:34 PM",Raj Sundaram,rajgt40@gmail.com,Sneha Venugopal,,Chennai,Ibaco,1,$20.95,,pending,Butterscotch Almond Amore Ice cream Cake (Qty: 1)
JofG1vqD1Lb6Rpx32h5J,"Sep 4, 2025, 08:26 AM",George Hopkins,georgehopkins19787@gmail.com,Abhishek,,Patna,Secret Shawarma,2,$4.21,,pending,Chicken Cheese Shawarma (Qty: 1); Tandoori Chicken Shawarma (Qty: 1)
0lUTUmBSFbMGP3FynrkJ,"Sep 4, 2025, 02:48 AM",Ravi Kaju,ravi1337kaji@gmail.com,Aman,,Bengaluru,Subway,2,$5.23,,pending,Dark Chunk Chocolate Cookie (eggless) (Qty: 1); Cheesy Lamb Pepperoni (Qty: 1)
k6XHJNXyb3st2ru6VhEB,"Sep 3, 2025, 08:48 PM",George Hopkins,georgehopkins19787@gmail.com,Abhishek,,Patna,Krishnashree,1,$5.30,,pending,Walnut (Qty: 1)
8Yv0BrUlCdymleY6HFXZ,"Sep 3, 2025, 08:48 PM",George Hopkins,georgehopkins19787@gmail.com,Abhishek,,Patna,Krishnashree,1,$6.36,,pending,Masala Kaju [300 Grams] (Qty: 1)
BMWbyW9YvTMLXS653pPw,"Sep 3, 2025, 09:54 AM",Ravi Kaju,ravi1337kaji@gmail.com,Rhythm,,Patna,La Pino'z Pizza,2,$6.98,,pending,Tandoori Chicken Pizza Personal Giant Slice (22.5 Cm) (Qty: 1); Cheesy Chicken Pizza (Qty: 1)
3B1bejfZGaBZxXpbhG0L,"Sep 3, 2025, 09:06 AM",George Hopkins,georgehopkins19787@gmail.com,Abhishek,,Patna,Indian Food Court,2,$7.03,,pending,Butter Chicken (Qty: 1); Tandoori Butter Roti (Qty: 4)
6nNl6ErPFui0F1r7KOrl,"Sep 3, 2025, 09:05 AM",George Hopkins,georgehopkins19787@gmail.com,Abhishek,,Patna,Indian Food Court,2,$7.71,,pending,Chicken Noodles (Qty: 1); Chicken Chilly (Qty: 1)
eKnTGxNnb3RfDKH2L86X,"Sep 3, 2025, 04:34 AM",George Hopkins,georgehopkins19787@gmail.com,Abhishek,,Patna,Vaango,1,$2.47,,pending,Butter Masala Dosa (Qty: 1)
RdJX8QseOYM1iDPCr2Di,"Sep 3, 2025, 12:57 AM",George Hopkins,georgehopkins19787@gmail.com,Abhishek,,Patna,Bikaner Elite,1,$6.86,,pending,Besan Gajak (Qty: 3)
V4hLDOWlHIPKPjhjx24M,"Sep 2, 2025, 09:57 PM",Tausif Khan,funckewerner@proton.me,Pooja,,Ranchi,Wow! Momo,2,$7.29,,pending,Veg Korean Spicy Momo - New (Qty: 1); Veg Himalayan Fried Momo (Qty: 2)
QHeeKRqbUP1B5mLNY32S,"Sep 2, 2025, 11:06 AM",Gurinder singh,gurindernangla9302@gmail.com,Diksha,,Chandigarh,Nik Bakers,1,$17.90,,pending,BOX OF LOVE (Qty: 1)
bRYWmkQrWkQWN8aAep10,"Sep 2, 2025, 08:41 AM",George Hopkins,georgehopkins19787@gmail.com,Abhishek,,Patna,Champaran Meat House,2,$8.26,,pending,Mutton Handi (Qty: 1); Mutton Jeera Rice (Plate)                            (Qty: 1)
nqFROj1upb5Uqygidswp,"Sep 2, 2025, 07:26 AM",George Hopkins,georgehopkins19787@gmail.com,Abhishek,,Patna,The Great Indian Kitchen,1,$7.18,,pending,Normal Dairy Milk Silk (Qty: 5)
w6dvq1ry2JpkkvFb1gYd,"Sep 2, 2025, 04:13 AM",George Hopkins,georgehopkins19787@gmail.com,Abhishek,,Patna,Bansi Vihar Restaurant,1,$2.82,,pending,Cheese Masala Dosa (Qty: 1)
i7Hr2qMvEPTDoxYaPase,"Sep 2, 2025, 01:26 AM",Tausif Khan,funckewerner@proton.me,Pooja,,Ranchi,Biryani By Kilo,1,$4.81,,pending,Kathal Dum Biryani [1/2 Kg] Serves 1-2 (Qty: 1)
ztxnulDBFtzSXg0bRHWH,"Sep 2, 2025, 01:12 AM",Ravi Kaju,ravi1337kaji@gmail.com,Rhythm,,Patna,The Burger Company,1,$5.13,,pending,Korean Bbq Grilled Chicken Burger (Qty: 2)
V09ud710RFfRXfwRAlwY,"Sep 2, 2025, 12:50 AM",George Hopkins,georgehopkins19787@gmail.com,Abhishek,,Patna,Wendy's Burgers,1,$3.28,,pending,Lord Cheesynator Chicken Burger (Qty: 1)
b26aZ1XOFp6wihDFcixI,"Sep 1, 2025, 11:01 PM",Tausif Khan,funckewerner@proton.me,Hassan,,New Delhi,KFC,2,$3.54,,pending,Chicken Zinger Burger - Classic with Cheese (Qty: 1); Pepsi Can 330 ml (Qty: 1)
cSRaXX57P0sp5nM9g2uQ,"Sep 1, 2025, 07:33 PM",MEETA SRIVASTAVA,meetasidd@gmail.com,Shri Kapil Kumar,,Vadodara,Theobroma,4,$13.01,,pending,Wheat Sourdough Loaf [350g] (Qty: 2); Black Pepper Sourdough Crackers [100g] (Qty: 1); Happy Birthday (Qty: 1); Classic Tiramisu Cake [560g] (Qty: 1)
sptnNDZx2MCtfGc9srH1,"Sep 1, 2025, 09:27 AM",George Hopkins,georgehopkins19787@gmail.com,Abhishek,,Patna,Secret Shawarma,2,$4.57,,pending,Chicken Cheese Shawarma (Qty: 1); Chicken Sheek Kebab Roll (Qty: 1)
b96TtLo3iQqg6beO0tL9,"Sep 1, 2025, 01:06 AM",Tausif Khan,funckewerner@proton.me,Hassan Raza,,New Delhi,Biryani By Kilo,2,$15.28,,pending,Mutton Hyderabadi Dum Biryani [1/2 Kg] Serves 1-2 (Qty: 1); Chicken Hyderabadi Dum Biryani [1/2 Kg]. Serves 1-2 (Qty: 1)
xTPHYzYVQ7lYQOSZXyvG,"Aug 31, 2025, 11:37 PM",George Hopkins,georgehopkins19787@gmail.com,Abhishek,,Patna,Starbucks Coffee,1,$4.65,,pending,Crispy Chicken Focaccia Sandwich (Qty: 1)
6XHSw6zpMTLReZ2zZE5P,"Aug 31, 2025, 11:33 PM",George Hopkins,georgehopkins19787@gmail.com,Abhishek,,Patna,Gokul,1,$1.53,,pending,Rasmalai[2Pieces] (Qty: 1)
8swjGPBPw6BoKrY2419v,"Aug 31, 2025, 09:03 PM",Tausif Khan,funckewerner@proton.me,Nazim,,New Town,Wow! Momo,1,$21.30,,pending,Red Bull (Qty: 10)
e9IyAe7vq5MZawQI11MO,"Aug 31, 2025, 05:35 PM",George Hopkins,georgehopkins19787@gmail.com,Abhishek,,Patna,Subway,1,$4.34,,pending,Cheesy Chicken Tikka (Qty: 1)
EhEbK4j35QYdKKpr8vu3,"Aug 31, 2025, 09:21 AM",George Hopkins,georgehopkins19787@gmail.com,Abhishek,,Patna,Subway,1,$3.87,,pending,Cheesy American BBQ (Qty: 1)
r8D2FzyKxjriZE9SHXo8,"Aug 31, 2025, 07:40 AM",Ravi Kaju,ravi1337kaji@gmail.com,Aman,,Bengaluru,Salad Days,2,$7.27,,pending,Mushroom Chicken Soup (Qty: 1); Roasted Chicken Salad (Qty: 1)
51wv4xLUDbG5DvpfGcvu,"Aug 31, 2025, 05:06 AM",George Hopkins,georgehopkins19787@gmail.com,Shubham,,Patna,Frutahut,3,$3.30,,pending,Fruit Salad (Qty: 1); Anar Berries (medium) (Qty: 1); Pineapple Salad  (Qty: 1)
d5ZCF2wgiOY8Q9SNiIIb,"Aug 30, 2025, 11:27 PM",Ravi Kaju,ravi1337kaji@gmail.com,Rhythm,,Patna,Vadilal Ice Creams,1,$2.82,,pending,Chocolate Disc Flingo- Ice Cream Cone [110 ML] (Pack Of 4) (Qty: 1)
fNLP7RY1UGBaT6Zqm0MW,"Aug 30, 2025, 11:15 PM",Ravi Kaju,ravi1337kaji@gmail.com,Rhythm,,Patna,Domino's Pizza,2,$6.09,,pending,Burger Pizza - Classic Non Veg (Qty: 2); Taco Mexicana Non Veg (Qty: 1)
gQaZV9SXevssNi6Rw5U4,"Aug 30, 2025, 09:33 PM",Ravi Kaju,ravi1337kaji@gmail.com,Rhythm,,Patna,Pizza Hut,1,$8.23,,pending,Buy 1 Get 3 - Medium Non Veg (Qty: 1)
LZcT8NPw4pbcz8Vt9Iyd,"Aug 30, 2025, 09:25 PM",Ravi Kaju,ravi1337kaji@gmail.com,Rhythm,,Patna,Wendy's Burgers,1,$2.70,,pending,Nachoburg Cheese Chicken Burger (Qty: 1)
pNKL3gZ5u4KHs3DIKYTd,"Aug 30, 2025, 03:04 PM",Ravi Kaju,ravi1337kaji@gmail.com,Rhythm,,Patna,KFC,1,$7.64,,pending,Party Bucket Meal (Qty: 1)
Yu6L04DbOMAa0V9wWxzc,"Aug 30, 2025, 03:00 PM",Ravi Kaju,ravi1337kaji@gmail.com,Rhythm,,Patna,KFC,1,$1.64,,pending,Indian Tandoori Chicken Roll (Qty: 1)
4v1MQbiusUkKKzM5rAai,"Aug 30, 2025, 01:03 PM",raghav vadehra,raghavvadehra265@gmail.com,Rakesh vadehra,,Jalandhar,Food Bazar,1,$6.12,,pending,Amritsari Kulcha Chana (Qty: 4)
S8BlacwQK4EDkUUkkMaC,"Aug 30, 2025, 10:16 AM",George Hopkins,georgehopkins19787@gmail.com,Shubham,,Patna,Real Champaran Meat House,2,$7.83,,pending,Mutton Stew (Qty: 1); Handi Mutton Ahuna (Qty: 1)
3XKkye2jTg5zptM0TIid,"Aug 30, 2025, 09:19 AM",George Hopkins,georgehopkins19787@gmail.com,Abhishek,,Patna,Real Champaran Meat House,2,$3.50,,pending,Ahuna Chicken Handi (Qty: 1); Jeera Rice (Qty: 1)
3oV7dIEm6mD2hDvSbm31,"Aug 30, 2025, 07:10 AM",George Hopkins,georgehopkins19787@gmail.com,Shubham,,Patna,Pizza Hut,2,$6.21,,pending,Spicy Baked Chicken Wings 6pc (Qty: 1); BBQ Baked Chicken Wings 6pc (Qty: 1)
lO1pJzw9kiS2I12pSjCb,"Aug 30, 2025, 04:36 AM",George Hopkins,georgehopkins19787@gmail.com,Shubham,,Patna,Indie Kulture,1,$5.99,,pending,N Fish & Chips (Qty: 1)
WSROfknMOGEtY22g0mNA,"Aug 30, 2025, 04:23 AM",George Hopkins,georgehopkins19787@gmail.com,Abhishek,,Patna,Frutahut,3,$3.65,,pending,Fruit Salad (Qty: 2); Papaya Salad  (Qty: 1); Watermelon Salad (Qty: 1)
MMQi6BHir8KxfYMJGfTC,"Aug 30, 2025, 02:15 AM",Sukhjot Singh,sukhjotbedi@gmail.com,Jasleen Arora,,Ludhiana,The Healthy Wave,2,$6.30,,pending,Berries Smoothie (Qty: 1); Pasta Salad Cocktail Dressing (Qty: 1)
57vwg5Tzv8hgcdUsfawA,"Aug 30, 2025, 01:57 AM",George Hopkins,georgehopkins19787@gmail.com,Shubham,,Patna,Pista House,2,$7.89,,pending,Garlic Naan (Qty: 3); Chilli Chicken Wet (Qty: 1)
2vcrMWkb90EM9ykpL0fF,"Aug 30, 2025, 01:24 AM",Ravi Kaju,ravi1337kaji@gmail.com,Aman,,Bengaluru,Chowman,2,$6.53,,pending,Seafood Fried Rice [Serves 1- 2] (Qty: 1); Crab Meat Soup Withwine (Qty: 1)
bx6jrzf9OUujWvmlnY9M,"Aug 29, 2025, 10:20 AM",George Hopkins,georgehopkins19787@gmail.com,Abhishek,,Patna,Real Champaran Meat House,1,$2.91,,pending,Ahuna Chicken Handi (Qty: 1)
EHgTG7mrGcKbDFfNJXkA,"Aug 29, 2025, 04:34 AM",George Hopkins,georgehopkins19787@gmail.com,Shubham,,Patna,Sweet Truth,2,$3.15,,pending,Death by Chocolate Cake Jar (Qty: 1); Choco Mud Jar (Qty: 1)
EILKxV3ipwyEzfDBulcA,"Aug 29, 2025, 04:29 AM",George Hopkins,georgehopkins19787@gmail.com,Shubham,,Patna,Wendy's Burgers,2,$5.14,,pending,Cheese Blast American BBQ Chicken Burger (Qty: 1); Chocolate Mousse (Qty: 2)
pI3PxRkxL3TM8l1zGm9L,"Aug 29, 2025, 04:03 AM",George Hopkins,georgehopkins19787@gmail.com,Shubham,,Patna,Wendy's Burgers,2,$5.98,,pending,Nachoburg Cheese Chicken Burger (Qty: 1); Cheese Blast Homestyle Chicken Burger (Qty: 1)
pbb5C4ChOxmmBIhUBZlT,"Aug 29, 2025, 12:54 AM",Tausif Khan,funckewerner@proton.me,Pooja,,Ranchi,Biryani By Kilo,1,$4.81,,pending,Kathal Dum Biryani [1/2 Kg] Serves 1-2 (Qty: 1)
SHiroYnG9JhlEkYnYgME,"Aug 28, 2025, 09:00 PM",Rachna Mathur,mathurachna@gmail.com,Renuka Lal,,Hyderabad,Nove -The Italian Kitchen,5,$28.54,,pending,Mushroom With Truffle Oil Soup (Qty: 1); Seafood Bisque With Tortellini (Qty: 1); Spinach Ricotta Pastaravioli (nove Signature) (contains Egg) (Qty: 1); Fish Skewers (Qty: 1); Minced Chicken Lasagna (Qty: 1)
6gv5TwRZAJUrHvUgYI07,"Aug 28, 2025, 08:42 PM",Rachna Mathur,mathurachna@gmail.com,Renuka Lal,,Hyderabad,Bakingo,4,$8.54,,pending,Choco Truffle Pastry (Qty: 1); Blueberry Bake Cheesecake Slice (Qty: 1); Belgian Chocolate Mousse Jar Cake (Qty: 1); Biscoff Cheesecake Jar (Qty: 1)
TnByKJrfzIWuTaQiSXbG,"Aug 28, 2025, 09:49 AM",Ravi Kaju,ravi1337kaji@gmail.com,Rhythm,,Patna,Chinese Wok,1,$3.75,,pending,Chicken Manchurian Gravy - Full (Qty: 1)
tgEbQshDKCGRa12tnvms,"Aug 28, 2025, 08:18 AM",George Hopkins,georgehopkins19787@gmail.com,Abhishek,,Patna,Real Champaran Meat House,1,$1.68,,pending,Jeera Rice (Qty: 1)
V2Kmd6aHK21oSF4lTpMI,"Aug 28, 2025, 08:18 AM",George Hopkins,georgehopkins19787@gmail.com,Abhishek,,Patna,Real Champaran Meat House,1,$7.38,,pending,Mutton Stew (Qty: 1)
USm0jUy7W1XKLqNALm2n,"Aug 28, 2025, 07:37 AM",Gurinder singh,gurindernangla9302@gmail.com,Diksha,,Chandigarh,D Bakers Home,1,$3.53,,pending,Chocolate Day Special (Qty: 1)
EnKpc7UxPzrbQvxC3Hj8,"Aug 28, 2025, 07:30 AM",Gurinder singh,gurindernangla9302@gmail.com,Diksha,,N/A,Cheesecake & co.,2,$5.06,,pending,Red Velvet Slice (Qty: 1); Blueberry Baked Cheesecake Jar (Qty: 1)
xs1KmhMEfsFPRQzv6ggi,"Aug 28, 2025, 01:51 AM",George Hopkins,georgehopkins19787@gmail.com,Abhishek,,Patna,Real Champaran Meat House,1,$5.37,,pending,Handi Mutton Ahuna (Qty: 1)
q8OKfaowed7Ue000zqKp,"Aug 28, 2025, 01:07 AM",George Hopkins,georgehopkins19787@gmail.com,Abhishek,,Patna,Real Champaran Meat House,1,$2.46,,pending,Mutton Stew (Qty: 1)
faCQzIrpvJinS7giGXlz,"Aug 28, 2025, 01:05 AM",George Hopkins,georgehopkins19787@gmail.com,Abhishek,,Patna,Paprika - Pramod Laddu Bhandar,1,$1.55,,pending,Papri Chat (Qty: 1)
3U8ibqrLKrIvSN6MiK8H,"Aug 27, 2025, 11:16 PM",Poojitha Arangam,pooji369a@gmail.com,Naga Kiran Varanasi,,Bengaluru,Meghana Foods,5,$7.74,,pending,Phulka (Qty: 1); Paneer Butter Masala (Qty: 1); Chilly Mushroom (Qty: 1); Butter Phulka (Qty: 1); Garlic Naan (Qty: 2)
hW6OC9BPTSYCPAYxboQo,"Aug 27, 2025, 10:20 PM",George Hopkins,georgehopkins19787@gmail.com,Abhishek,,Patna,Real Champaran Meat House,1,$2.98,,pending,Mutton Stew Jeera Rice Thali (Qty: 1)
0soWAkVDcA7elztYFPeP,"Aug 27, 2025, 10:17 PM",sreeja kallu,sreejakallu04@gmail.com,Vishnu Kallu,,Bongloor,Sri Venkata Sai Swagruha Foods,2,$11.48,,pending,Dry Fruit Laddu (Qty: 1); Double Ka Meetha (Qty: 2)
GH7WgWCaexTz3wljE5r7,"Aug 27, 2025, 11:33 AM",George Hopkins,georgehopkins19787@gmail.com,Abhishek,,Patna,KFC,1,$1.64,,pending,Korean Tangy Chicken Roll (Qty: 1)
dDAbR20JIQd4INHZnqSH,"Aug 27, 2025, 09:44 AM",Umang Patel,17patelumang@gmail.com,Hina Patel,,Ahmedabad,Raipur Bhajiya House,7,$15.71,,pending,Mix Bhajiya (250 Gm) (Qty: 2); Nylon Khaman (250 Gm) (Qty: 1); Fulvadi (250 Gm) (Qty: 1); Papdi (250 Gm) (Qty: 2); Fafda (250 Gm) (Qty: 1); Gathiya (250 Gm) (Qty: 1); Navtad Samosa (12 Piece)      (Qty: 1)
L5NsPctdZ94V86l70372,"Aug 27, 2025, 08:21 AM",George Hopkins,georgehopkins19787@gmail.com,Shubham,,Patna,Domino's Pizza,1,$5.28,,pending,Shawarma Chicken Burst Pizza (Reg) (Qty: 1)
LUQRIZnJoyDgQG4BL0zj,"Aug 27, 2025, 08:20 AM",George Hopkins,georgehopkins19787@gmail.com,Shubham,,Patna,Domino's Pizza,1,$3.63,,pending,Cheese n Corn Cheese Burst (Qty: 1)
foqBPwIYTgcNOn2Iwvfy,"Aug 27, 2025, 07:43 AM",George Hopkins,georgehopkins19787@gmail.com,Shubham,,Patna,Mum's Kitchen,3,$2.88,,pending,Chicken Popcorn (8) (Qty: 1); Chicken Meat Balls (5) (Qty: 1); Chicken Nugets (3) (Qty: 2)
zHYLYPmrVzD2SuUEB5rL,"Aug 27, 2025, 06:00 AM",George Hopkins,georgehopkins19787@gmail.com,Abhishek,,Patna,Real Champaran Meat House,1,$2.46,,pending,Mutton Stew (Qty: 1)
yFGh3gme8LynbRgyCOIH,"Aug 26, 2025, 11:16 PM",George Hopkins,georgehopkins19787@gmail.com,Abhishek,,Patna,Pramod Laddu Bhandar,1,$2.07,,pending,Rasgulla (Qty: 8)
VmUHJn2gEhW9NFNiEJdq,"Aug 26, 2025, 11:15 PM",George Hopkins,georgehopkins19787@gmail.com,Abhishek,,Patna,Pramod Laddu Bhandar,1,$1.79,,pending,Rasmalai (Qty: 3)
58nFYkpWQ3hgEGp3JL3l,"Aug 26, 2025, 09:17 PM",George Hopkins,georgehopkins19787@gmail.com,Abhishek,,Patna,Real Champaran Meat House,1,$2.33,,pending,Chicken Stew Jeera Rice Thali (Qty: 1)
YjHZl5rIeGggysuU3UA3,"Aug 26, 2025, 12:27 PM",Ravi Kaju,ravi1337kaji@gmail.com,Aman,,Bengaluru,Meghana Foods,1,$4.35,,pending,Meghana Special Biryani (Qty: 1)
byMk9tfYxMLXkoCGBeFk,"Aug 26, 2025, 12:26 PM",George Hopkins,georgehopkins19787@gmail.com,Abhishek,,Patna,Biryani Blues,1,$3.75,,pending,Kolkata Chicken Biryani 750 ml (Qty: 1)
6jjc9YfCTIIOSo06qbS1,"Aug 26, 2025, 12:22 PM",George Hopkins,georgehopkins19787@gmail.com,Abhishek,,Patna,Pramod Laddu Bhandar,1,$1.38,,pending,RAJBHOG (Qty: 3)
JIYj1W15SpY1MrPrTk1L,"Aug 26, 2025, 12:20 PM",George Hopkins,georgehopkins19787@gmail.com,Abhishek,,Patna,Pramod Laddu Bhandar,1,$1.17,,pending,Gulab Jamun (Qty: 3)
K8ptaf3lWRA06UZ8l6ts,"Aug 26, 2025, 12:00 AM",Tausif Khan,funckewerner@proton.me,Pooja,,Ranchi,Wow! Momo,1,$3.77,,pending,Veg Himalayan Fried Momo (Qty: 2)
ysMA6msccchK92O1CIiP,"Aug 25, 2025, 09:57 PM",Soumya Dhar,a27dhar@yahoo.com,Indrani Dhar,,Bengaluru,Ledikeni Sweets And Savouries,12,$16.21,,pending,Korapak Sandesh [2 pcs] (Qty: 1); Chanar Jilipi [2 Pcs] (Qty: 1); Kheer Kadam [2 Pcs] (Qty: 1); Ledikeni [2 Pcs] (Qty: 1); Mihidana (Qty: 1); Mishti Doi- 500gm (Qty: 1); Kala Jamun (Qty: 1); Radha Ballavi (2pc)with Aloo Dum (Qty: 1); Mini Kachori (Qty: 2); Mini Samosa (Qty: 2); Sonkho Sandesh [Approx. 25gm] (Qty: 1); Padma Sandesh [approx. 23 Gm] (Qty: 1)
kENyp69Fyd5Dhm3dbEVr,"Aug 25, 2025, 09:22 PM",George Hopkins,georgehopkins19787@gmail.com,Abhishek,,Patna,Gokul,1,$2.06,,pending,Onion Kachori (Qty: 5)
fQhaw3Aw3NXXNCwqfDHQ,"Aug 25, 2025, 09:14 PM",George Hopkins,georgehopkins19787@gmail.com,Abhishek,,Patna,Gokul,1,$1.35,,pending,Samosa Chaat (Qty: 1)
CEshig28L2sbl4JHTgmn,"Aug 25, 2025, 08:36 PM",George Hopkins,georgehopkins19787@gmail.com,Abhishek,,Patna,Domino's Pizza,1,$1.99,,pending,Taco Mexicana Non Veg (Qty: 1)
lGoBhbbr4ajzYYCoAgDE,"Aug 25, 2025, 02:40 PM",George Hopkins,georgehopkins19787@gmail.com,Abhishek,,Patna,Domino's Pizza,1,$2.21,,pending,Margherita Cheese Burst (Qty: 1)
I9ffYIyrWWaNF1YiUgnJ,"Aug 25, 2025, 12:24 PM",George Hopkins,georgehopkins19787@gmail.com,Abhishek,,Patna,Domino's Pizza,1,$2.22,,pending,Makhani Corn & Jalapeno Garlic Bread (Qty: 1)
mzai4RextbQELCHHSkH5,"Aug 25, 2025, 07:26 AM",George Hopkins,georgehopkins19787@gmail.com,Abhishek,,Patna,Hariram's,1,$2.84,,pending,Veg Hakka Noodles (Qty: 1)
q52sWxM2bp8hV6l2brNW,"Aug 25, 2025, 07:09 AM",George Hopkins,georgehopkins19787@gmail.com,Abhishek,,Patna,Real Champaran Meat House,1,$2.98,,pending,Mutton Stew Jeera Rice Thali (Qty: 1)
0ytDfsJV6K9lnl6UvNMq,"Aug 25, 2025, 05:49 AM",Gurinder singh,gurindernangla9302@gmail.com,Diksha,,N/A,Cheesecake & co.,1,$3.30,,pending,Tiramisu Jar (Qty: 1)
08xaeew6Jda90f1T6CoO,"Aug 24, 2025, 02:18 PM",George Hopkins,georgehopkins19787@gmail.com,Abhishek,,Patna,Pramod Laddu Bhandar,1,$2.72,,pending,Gulab Jamun (Qty: 7)
vI5lmHn7XN7mcDFAuO1C,"Aug 24, 2025, 08:05 AM",Garima Shrivastava,garima.shri21@gmail.com,D.K Shrivastava ,,Kota,Maheshwari Restaurant (Bharat Hotel),2,$5.04,,pending,Tawa Plain Roti (Qty: 4); Kaju Masala (Qty: 1)
eBHJsrJb9ljxMV0FaSCe,"Aug 24, 2025, 06:53 AM",Tausif Khan,funckewerner@proton.me,Pooja,,Ranchi,Biryani By Kilo,1,$4.81,,pending,Kathal Dum Biryani [1/2 Kg] Serves 1-2 (Qty: 1)
lO6in0Rfvn0XuWSeXviR,"Aug 24, 2025, 03:09 AM",Lyka- Lyn Ydrazel Dela Cruz,lykalynydrazel.dc@gmail.com,Kushagra Roy,,Greater Noida,Taco Bell,1,$26.69,,pending,Boss Burrito Veg (Free Nachos & Pepsi) (Qty: 7)
1LU72nL0GacIR7SsCWqA,"Aug 24, 2025, 12:24 AM",Poojitha Arangam,pooji369a@gmail.com,Naga Kiran Varanasi,,Bengaluru,New Punjabi Tadka,4,$7.06,,pending,Peas Pulao (Qty: 1); Dal Dry With Butter Roti Combo (5 Pcs) (Qty: 1); Aloo Bhindi (Qty: 1); Gulab Jamun (2 Pcs) (Qty: 1)
EoGwS6j6NqM8xPvDDT4r,"Aug 23, 2025, 11:50 PM",Ravi Kaju,ravi1337kaji@gmail.com,Fanty,,Patna,The Napples - Hotel Amalfi Grand,1,$4.70,,pending,Fish And Chips (Qty: 1)
ByQgtje7lEjg1XkJx9ag,"Aug 23, 2025, 08:47 PM",George Hopkins,georgehopkins19787@gmail.com,Abhishek,,Patna,Kathi Rolls Junction,1,$3.30,,pending,Double Egg Chicken Roll (Qty: 2)
zWiEj8v59KwTWX1wkpNQ,"Aug 23, 2025, 07:56 PM",kavita verma,verma1026@yahoo.com,Vijay Kumar Nayar,,New Delhi,Bikanervala,8,$36.07,,pending,Lassi Kesaria (Qty: 1); Kesar Pista Badam Milk (Qty: 2); Badam Drink 180ml (Qty: 2); Plain Sandesh (Qty: 5); Cake Mix Fruit 500G (Qty: 1); Paneer Paratha With Curd. (Qty: 2); Aloo Parantha With Curd. (Qty: 2); Chole Bhature Combo (Qty: 3)
qBL23jrbJ6DSKnprJilb,"Aug 23, 2025, 01:44 PM",George Hopkins,georgehopkins19787@gmail.com,Abhishek,,Patna,Govinda Dhaba,1,$4.08,,pending,Non-veg Deluxe Thali (Qty: 1)
paLykEZLDNiqp5ILrVVs,"Aug 23, 2025, 01:14 PM",raghav vadehra,raghavvadehra265@gmail.com,Rakesh vadehra ,,Jalandhar,Food Bazar,1,$4.12,,pending,Chana Bhatura [2 Pcs] (Qty: 2)
4ApTg07YCDRdupI4f4f7,"Aug 23, 2025, 09:13 AM",Ravi Kaju,ravi1337kaji@gmail.com,Fanty,,Patna,The Glass Box,1,$7.05,,pending,Fish & Chips (Qty: 1)
LzVdAd1r7Wz3d0TVz9GS,"Aug 23, 2025, 08:16 AM",Ravi Kaju,ravi1337kaji@gmail.com,Rhythm,,Patna,Chilli Chop,1,$7.65,,pending,Fish and chips (Qty: 2)
OI2z3wfgJWzmkXyNfFUe,"Aug 23, 2025, 06:37 AM",George Hopkins,georgehopkins19787@gmail.com,Abhishek,,Patna,Pramod Laddu Bhandar,2,$5.67,,pending,Rasmalai (Qty: 3); Kala Jamun (Qty: 10)
x9PXBos1nZqW9wX2eGvK,"Aug 22, 2025, 02:20 PM",Ravi Kaju,ravi1337kaji@gmail.com,Rhythm,,Patna,KFC,1,$6.23,,pending,Peri Peri 10 Pc Chicken Strips & 2 Dips (Qty: 1)
nVeL4eiKXAQOlFpY6Vck,"Aug 22, 2025, 06:59 AM",George Hopkins,georgehopkins19787@gmail.com,Abhishek,,Patna,The Belgian Waffle Co.,1,$4.30,,pending,Mini Waffle Box of 4 - Chocoholic's (Qty: 1)
DVlhibJq9dFEHhoLViaA,"Aug 22, 2025, 06:58 AM",George Hopkins,georgehopkins19787@gmail.com,Abhishek,,Patna,0612 Road Chef Online,1,$5.84,,pending,Tandoori Chicken Momos [8 Pieces] (Qty: 2)
YwUVjGUynYXQjGTnw4KV,"Aug 22, 2025, 05:46 AM",Ravi Kaju,ravi1337kaji@gmail.com,Fanty,,Patna,Champaran Meat House,1,$5.52,,pending,Mutton Ahuna (Qty: 1)
jHdOPb377SRR9lK2lGpr,"Aug 22, 2025, 12:23 AM",Tausif Khan,funckewerner@proton.me,Hassan,,New Delhi,Domino's Pizza,2,$15.45,,pending,Dominator Party for 4 (Non-Veg) @Rs. 300 off (Qty: 1); Coca Cola 475ml (Qty: 2)
G0inC3fygeR7TymDI9rJ,"Aug 21, 2025, 11:55 PM",Tausif Khan,funckewerner@proton.me,Hassan Raza,,New Delhi,Biryani By Kilo,2,$11.75,,pending,Chicken Hyderabadi Dum Biryani [1/2 Kg]. Serves 1-2 (Qty: 1); Chicken Lucknowi Biryani [1/2Kg] Serves 1-2 (Qty: 1)
tdEcojVK0pK1FDpOI9Ek,"Aug 21, 2025, 11:09 PM",Tausif Khan,funckewerner@proton.me,Pooja,,Ranchi,Hotel Landmark,1,$1.82,,pending,Fruit Salad (Qty: 1)
3FEj8IeRimSw0jgpHQbe,"Aug 21, 2025, 11:06 PM",Tausif Khan,funckewerner@proton.me,Pooja,,Ranchi,Wow! Momo,1,$3.77,,pending,Veg Himalayan Fried Momo (Qty: 2)
vqDlQfn5ppbEKUTA4lfC,"Aug 21, 2025, 03:13 PM",Ravi Kaju,ravi1337kaji@gmail.com,Rhythm,,Patna,KFC,1,$4.70,,pending,Classic Zinger Box (Qty: 1)
wY3GoaZ04LC3X3xiPbqT,"Aug 21, 2025, 11:43 AM",Ravi Kaju,ravi1337kaji@gmail.com,Fanty,,Patna,Subway,1,$3.87,,pending,Cheesy American BBQ (Qty: 1)
n20TG0QeQxVmzhZeD7ok,"Aug 21, 2025, 09:06 AM",George Hopkins,georgehopkins19787@gmail.com,Abhishek,,Patna,MOMOS WORLD CAFE & RESTAURANT,1,$4.21,,pending,Double Egg Double Chicken Roll (Qty: 2)
4ajNwhqeH1ZDTkqZO2eV,"Aug 20, 2025, 08:22 PM",George Hopkins,georgehopkins19787@gmail.com,Abhishek,,Patna,Govinda Dhaba,1,$4.08,,pending,Non-veg Deluxe Thali (Qty: 1)
U8bevi2KD2i5dziP4l9F,"Aug 20, 2025, 09:33 AM",Ravi Kaju,ravi1337kaji@gmail.com,Shubham,,Patna,Real Champaran Meat House,2,$5.44,,pending,Mutton Stew Jeera Rice Thali (Qty: 1); Mutton Stew (Qty: 1)
NrN1cyhb9oNWZFFeVU4n,"Aug 20, 2025, 08:28 AM",Ravi Kaju,ravi1337kaji@gmail.com,Shubham,,Patna,Mum's Kitchen,2,$4.00,,pending,Chicken Pakora (5) (Qty: 2); Chicken Cheesy Puff (2 Pcs) (Qty: 2)
T7Gm5ffdy61c1Xg4jehJ,"Aug 20, 2025, 08:22 AM",Ravi Kaju,ravi1337kaji@gmail.com,Shubham,,Patna,Real Champaran Meat House,1,$7.38,,pending,Mutton Stew (Qty: 1)
wgb0OgCoqy7ZNpKZQMzG,"Aug 20, 2025, 07:05 AM",Ravi Kaju,ravi1337kaji@gmail.com,Aman,,Bengaluru,Meghana Foods,1,$4.41,,pending,Chicken Fry Pc Biriyani (Qty: 1)
6B8cic2gaHIPSgVzDknn,"Aug 20, 2025, 06:44 AM",Ravi Kaju,ravi1337kaji@gmail.com,Fanty,,Patna,Real Champaran Meat House,1,$5.37,,pending,Handi Mutton Ahuna (Qty: 1)
em0fTr9OlXewoSx64kHM,"Aug 20, 2025, 06:10 AM",Subra Narayanasamy,nvsub@hotmail.com,N. Thirugnanam,,Cuddalore,Sri Devi Banana Leaf Hotel,3,$6.41,,pending,Meals + fish fry + egg (Qty: 1); Chicken piratal (Qty: 1); Veg meals (Qty: 1)
u8NCPIO1awo8PQYRo1io,"Aug 20, 2025, 01:01 AM",George Hopkins,georgehopkins19787@gmail.com,Abhishek,,Patna,Real Champaran Meat House,1,$2.71,,pending,Mutton Stew Jeera Rice Thali (Qty: 1)
yKpEdJL60J51vlB1Sn5h,"Aug 19, 2025, 11:21 PM",Tausif Khan,funckewerner@proton.me,Pooja,,Ranchi,Wow! Momo,1,$3.77,,pending,Veg Himalayan Fried Momo (Qty: 2)
A3Q04fTnYx2TZQFbtAsL,"Aug 19, 2025, 09:19 AM",Ravi Kaju,ravi1337kaji@gmail.com,Rhythm,,Patna,KFC,1,$6.23,,pending,Peri Peri 10 Pc Chicken Strips & 2 Dips (Qty: 1)
QoC3A2tmCRCAK6Q8huwt,"Aug 19, 2025, 07:58 AM",George Hopkins,georgehopkins19787@gmail.com,Fanty,,Patna,Champaran Meat House,1,$8.16,,pending,Mutton Ishtu (Qty: 3)
vwvGZRt3AZN6IQwc5A45,"Aug 19, 2025, 05:16 AM",Sarath Yegireddy,manisarath284@gmail.com,GANGADHAR,,Bengaluru,Meghana Foods,9,$38.02,,pending,Meghana Chicken 555 (Qty: 1); Mutton Curry (Qty: 1); Paneer Tikka (Qty: 1); Meghana Special Biryani (Qty: 1); Paneer Biryani (Qty: 1); Mushroom Biryani (Qty: 1); Prawns Biryani (Qty: 1); Paneer Ghee Roast (Qty: 1); Ulavacharu (Qty: 2)
UfQvMc0oI8ko1Q74quQn,"Aug 19, 2025, 04:11 AM",George Hopkins,georgehopkins19787@gmail.com,Shubham,,Patna,Pista House,1,$8.59,,pending,Chicken Tandoori Mandi (2 Pcs) (Qty: 1)
VnxaJ1uuxkrDqH1L7nXQ,"Aug 19, 2025, 04:09 AM",George Hopkins,georgehopkins19787@gmail.com,Shubham,,Patna,Champaran Meat House,1,$3.52,,pending,Mutton Jeera Rice Half ( 2pc. Mutton + Half Jeera Rice) (Qty: 1)
jyPvwhpHpiYpXk5He2Vk,"Aug 18, 2025, 06:59 PM",George Hopkins,georgehopkins19787@gmail.com,Abhishek,,Patna,Champaran Meat House,1,$2.81,,pending,Mutton Jeera Rice (Plate)                            (Qty: 1)
KWai9sdWn7JbyMxyySEo,"Aug 18, 2025, 06:53 PM",George Hopkins,georgehopkins19787@gmail.com,Abhishek,,Patna,Govinda Dhaba,1,$4.08,,pending,Non-veg Deluxe Thali (Qty: 1)
RYrig2aT3bcVvxECsbRU,"Aug 18, 2025, 02:37 PM",raghav vadehra,raghavvadehra265@gmail.com,Rakesh vadehra,,Jalandhar,New Parkash Ice Cream,3,$4.07,,pending,Parkash Special Pineapple Juice (Qty: 3); Khoya Malai Kulfi (Qty: 3); Khoya Malai Sugar Free Kulfi (Qty: 1)
Gtigzt7UiotAkdAdRvwK,"Aug 18, 2025, 02:29 PM",raghav vadehra,raghavvadehra265@gmail.com,Rakesh vadehra,,Jalandhar,Vijay Dhaba,2,$3.47,,pending,Dal Makhani (Qty: 1); Palak Chana (Qty: 1)
HmGKIRIhkvFa0QMaAEo6,"Aug 18, 2025, 10:27 AM",George Hopkins,georgehopkins19787@gmail.com,Abhishek,,Patna,Real Champaran Meat House,1,$2.71,,pending,Mutton Stew Jeera Rice Thali (Qty: 1)
kxRd5dfMnk4zJK5IT1l0,"Aug 18, 2025, 09:14 AM",Ravi Kaju,ravi1337kaji@gmail.com,Shubham,,Patna,KFC,2,$5.63,,pending,Chicken Popcorn - Large (Qty: 1); Saucy Popcorn x Carry Minati (Qty: 1)
vvuMG5IcchiEsv7T3HzK,"Aug 18, 2025, 08:17 AM",Ravi Kaju,ravi1337kaji@gmail.com,Shubham,,Patna,Domino's Pizza,1,$4.21,,pending,Farmhouse Cheese Burst (Qty: 1)
3QndtJW1M6R8NATNbf8A,"Aug 18, 2025, 08:12 AM",Ravi Kaju,ravi1337kaji@gmail.com,Shubham,,Patna,Domino's Pizza,2,$9.27,,pending,Cheese Volcano Peppy Paneer (Qty: 1); Tandoori Chicken Burst Pizza (Reg) (Qty: 1)
XIuuqujN7ZUKwEj0lwqy,"Aug 18, 2025, 06:42 AM",Ravi Kaju,ravi1337kaji@gmail.com,Aman,,Bengaluru,Meghana Foods,1,$4.35,,pending,Meghana Special Biryani (Qty: 1)
mj2JveEaRs6mWPdLkrWl,"Aug 18, 2025, 05:11 AM",George Hopkins,georgehopkins19787@gmail.com,Shubham,,Patna,Bikaner Elite,1,$5.07,,pending,Cheese Corn Balls (Qty: 1)
jr2drUF2rN8C9ZvCcToe,"Aug 18, 2025, 03:09 AM",George Hopkins,georgehopkins19787@gmail.com,Shubham,,Patna,The Downtown Cafe,1,$3.52,,pending,Chicken Alfredo Pasta (Qty: 1)
oTmWMMaO50hPCcj3v9Io,"Aug 18, 2025, 03:08 AM",George Hopkins,georgehopkins19787@gmail.com,Shubham,,Patna,"Krazy Kebab Co.-Fried Chicken, Burgers & Meals",1,$7.52,,pending,KKC Special Fried Chicken Bucket for 3 (Qty: 1)
j2NmpnBtjRY8jLEqapVb,"Aug 18, 2025, 01:13 AM",Tausif Khan,funckewerner@proton.me,Pooja,,Ranchi,Biryani By Kilo,1,$4.81,,pending,Kathal Dum Biryani [1/2 Kg] Serves 1-2 (Qty: 1)
0INjiENczKgJwRi3LjcX,"Aug 17, 2025, 04:19 AM",Ravi Kaju,ravi1337kaji@gmail.com,Aman,,Bengaluru,Pizza Hut,1,$4.70,,pending,Cheezy Cheese Veg & Loaded BBQ Veg Combo (Qty: 1)
DJAfbXvY5Re7fE0lLT8T,"Aug 17, 2025, 01:22 AM",Tausif Khan,funckewerner@proton.me,Pooja,,Ranchi,Wow! Momo,1,$5.51,,pending,Veg Darjeeling Fried Momo (Qty: 2)
D2Z9lCPDu9saDk9RQlht,"Aug 16, 2025, 05:51 PM",raghav vadehra,raghavvadehra265@gmail.com,Rakesh vadehra,,Jalandhar,New Parkash Ice Cream,2,$2.31,,pending,Khoya Malai Kulfi (Qty: 2); Khoya Malai Sugar Free Kulfi (Qty: 2)
4QDUnAlDPMW79t1P63Du,"Aug 16, 2025, 03:51 PM",George Hopkins,georgehopkins19787@gmail.com,Abhishek,,Patna,KFC,1,$5.04,,pending,Duo Popcorn Chicken Rice Bowl - Biryani Style (Qty: 1)
7Xmoxcwji5dBkmXiSz9N,"Aug 16, 2025, 03:19 PM",George Hopkins,georgehopkins19787@gmail.com,Abhishek,,Patna,Champaran Meat House,2,$6.10,,pending,Chicken Handi (Qty: 1); Mutton Jeera Rice Half ( 2pc. Mutton + Half Jeera Rice) (Qty: 1)
s4Y0JSjzDpsLZL5QfVhd,"Aug 16, 2025, 05:42 AM",George Hopkins,georgehopkins19787@gmail.com,Abhishek,,Patna,Champaran Meat House,1,$2.72,,pending,Mutton Ishtu (Qty: 1)
baQccBZ4hXOKc9jEaD0z,"Aug 16, 2025, 05:40 AM",George Hopkins,georgehopkins19787@gmail.com,Abhishek,,Patna,Champaran Meat House,1,$3.52,,pending,Mutton Jeera Rice Half ( 2pc. Mutton + Half Jeera Rice) (Qty: 1)
rudP6h3Dv3oTt0uc5xCN,"Aug 15, 2025, 10:54 PM",Poojitha Arangam,pooji369a@gmail.com,Naga Kiran Varanasi,,Bengaluru,A2B - Adyar Ananda Bhavan,5,$4.81,,pending,Rava Onion Masala (Qty: 1); Ghee Pongal (Qty: 1); Sambar Vadai [1 Pc] (Qty: 1); Idiyappam With Kurma (Qty: 1); Extra Tomato Chutney (200 gms) (Qty: 1)
z1YYSM4Bdf3l89TYoVNu,"Aug 15, 2025, 09:50 PM",Raj Sundaram,rajgt40@gmail.com,Girija Sundaram,,Chennai,Sashwatha Cafe,3,$9.53,,pending,Bisi Bele Bath (Qty: 2); Curd Rice Potato Palya (Qty: 1); Sashwatha SPL Meals [o] (Qty: 1)
6Hy0qiADzRBZ5UMAC7n7,"Aug 15, 2025, 09:22 PM",Soumya Dhar,a27dhar@yahoo.com,Indrani Dhar,,Bengaluru,Abol Tabol By Masterchef Doyel,9,$37.95,,pending,Beguni (Qty: 1); Chicken Kosha (Qty: 1); Dhoka'r Dalna (Qty: 1); Paneer Kofta Curry (Qty: 1); Aloo Posto (Qty: 2); Basonti Pulao (Qty: 2); Gulab Jamun (Qty: 6); Potol'er Dolma (Qty: 2); Mocha'r Chop (Qty: 2)
JccEGm4srKjtBA6Yh4O8,"Aug 15, 2025, 10:18 AM",Neela Akhil Kumar,codtechitsolutions1@gmail.com,Srikant,,New Delhi,Dunkin' - Donuts & Coffee,2,$6.89,,pending,Iced Cafe Latte (Qty: 1); Cold Coffee. (Qty: 1)
ZHe9NsKPb7QOorgi3Hx4,"Aug 15, 2025, 09:25 AM",Neela Akhil Kumar,codtechitsolutions1@gmail.com,Srikant,,New Delhi,Asia Seven - Sizzling Chinese,2,$7.58,,pending,Chicken Lollipop -  4 Pcs (Qty: 1); Chilli Garlic Fried Rice - Chicken (Qty: 1)
nfZp6hujL0pA2xGlGXel,"Aug 15, 2025, 09:06 AM",Neela Akhil Kumar,codtechitsolutions1@gmail.com,Srikant,,New Delhi,Louis Burger,1,$5.63,,pending,Korean Chicken Wings (Qty: 2)
dZEtGV4L4u3lNdxwBtQI,"Aug 15, 2025, 08:54 AM",Neela Akhil Kumar,codtechitsolutions1@gmail.com,Srikant,,New Delhi,Kolkata Biryani,2,$5.30,,pending,Mutton Special Biryani (Qty: 1); Chicken Special Biryani (Qty: 1)
quG5DMdPc5vI70GZPKJN,"Aug 14, 2025, 10:42 PM",Neela Akhil Kumar,codtechitsolutions1@gmail.com,Srikant,,Rishikesh,Pink Cafe Rishikesh,1,$2.35,,pending,Plain Maggi (Qty: 2)
Oh8uZ6j7o6hul7BiC2nK,"Aug 14, 2025, 10:40 PM",Neela Akhil Kumar,codtechitsolutions1@gmail.com,Srikant,,Rishikesh,Pink Cafe Rishikesh,1,$2.12,,pending,Mushroom Noodles    (Qty: 1)
vRqxUg1Y24rnCygS8slF,"Aug 14, 2025, 10:37 PM",Neela Akhil Kumar,codtechitsolutions1@gmail.com,Srikant,,Rishikesh,Pink Cafe Rishikesh,1,$3.06,,pending,Indian Breakfast (Qty: 1)
MVlsPqOtBtQDFn72B345,"Aug 14, 2025, 09:48 AM",Poojitha Arangam,pooji369a@gmail.com,Naga Kiran Varanasi,,Bengaluru,KFC,1,$6.61,,pending,Ultimate Savings Chicken Bucket (Qty: 1)
YE1k2ER3E2gDiMcUEv9G,"Aug 14, 2025, 07:57 AM",Neela Akhil Kumar,codtechitsolutions1@gmail.com,Srikant,,Rishikesh,Rishikesh Darbar Family Restaurant,1,$3.71,,pending,Plain naan (Qty: 7)
TmGLFMSYp6PJwzJUdjCy,"Aug 14, 2025, 07:55 AM",Neela Akhil Kumar,codtechitsolutions1@gmail.com,Srikant,,Rishikesh,Rishikesh Darbar Family Restaurant,1,$4.12,,pending,Kadai chicken (Qty: 1)
8eybrBse0mHMNk78EGYk,"Aug 14, 2025, 07:52 AM",Neela Akhil Kumar,codtechitsolutions1@gmail.com,Srikant,,Rishikesh,Rishikesh Darbar Family Restaurant,1,$4.35,,pending,Chilli Chicken (Dry) (Qty: 1)
ZkKenGGngvktBTQ6gHKt,"Aug 14, 2025, 07:51 AM",Neela Akhil Kumar,codtechitsolutions1@gmail.com,Srikant,,Rishikesh,Rishikesh Darbar Family Restaurant,1,$4.12,,pending,Triple chicken schezwan fried rice (Qty: 1)
kPdfx3pgjLXcrJksuTnr,"Aug 14, 2025, 02:16 AM",Neela Akhil Kumar,codtechitsolutions1@gmail.com,Srikant,,Rishikesh,Baskin Robbins - Ice Cream Desserts,1,$3.12,,pending,Mississippi Mud Milkshake (Qty: 1)
TkjTrhp6sPujYmo2d0Ax,"Aug 14, 2025, 02:09 AM",Neela Akhil Kumar,codtechitsolutions1@gmail.com,Srikant,,Rishikesh,Baskin Robbins - Ice Cream Desserts,2,$3.30,,pending,Red Velvet Roll Cake Slice (Qty: 1); Lotus Biscoff Roll Cake Slice (Qty: 1)
3saPwr81a5c0inOiEd05,"Aug 14, 2025, 12:30 AM",Tausif Khan,funckewerner@proton.me,Pooja,,Ranchi,Wow! Momo,2,$7.39,,pending,Veg Darjeeling Fried Momo (Qty: 2); Veg Himalayan Fried Momo (Qty: 1)
v0l7o94t3d0KcvElqxso,"Aug 14, 2025, 12:04 AM",Neela Akhil Kumar,codtechitsolutions1@gmail.com,Srikant,,Rishikesh,Domino's Pizza,1,$3.75,,pending,Cheese Volcano Peppy Paneer (Qty: 1)
KWoshPfNjGGRqOmbstqG,"Aug 14, 2025, 12:02 AM",Neela Akhil Kumar,codtechitsolutions1@gmail.com,Srikant,,Rishikesh,Domino's Pizza,1,$5.27,,pending,Indi Tandoori Paneer Cheese Burst (Qty: 1)
g3SXOGGAhaBhOBOUG8GL,"Aug 13, 2025, 01:26 PM",raghav vadehra,raghavvadehra265@gmail.com,Rakesh vadehra,,Jalandhar,Anil Fast Food And Ice-Cream,1,$9.42,,pending,Masala Dosa   (Qty: 4)
KcJZCPzbF5cx5BzFlRMm,"Aug 13, 2025, 09:17 AM",Neela Akhil Kumar,codtechitsolutions1@gmail.com,Srikant,,Rishikesh,Rishikesh Darbar Family Restaurant,2,$7.65,,pending,Chilli Chicken (Dry) (Qty: 1); Chicken noodles (Qty: 1)
c1sz1Rc7ru4GJXlQnnpv,"Aug 13, 2025, 09:16 AM",Neela Akhil Kumar,codtechitsolutions1@gmail.com,Srikant,,Rishikesh,Rishikesh Darbar Family Restaurant,1,$6.47,,pending,Afghani chicken [full] (Qty: 1)
vceuXagkY5kfEAY6TFIy,"Aug 13, 2025, 04:22 AM",raghav vadehra,raghavvadehra265@gmail.com,Rakesh vadehra,,Jalandhar,Sharma Snacks,1,$10.80,,pending,Samosa (Qty: 51)
m4g6R4x2WxrZRy3PPMgy,"Aug 13, 2025, 03:41 AM",raghav vadehra,raghavvadehra265@gmail.com,Rakesh vadehra,,Jalandhar,Lovely Bake Studio,5,$7.89,,pending,Veg Burger (Qty: 1); Cake Strawberry Special 500 Gms (Qty: 1); Rusk Elaichi Bk 150 Gms (Qty: 1); Cream Roll (Qty: 1); Veg Paneer Patties (Qty: 4)
EGYrHQ3ukaRFeWFWHazF,"Aug 13, 2025, 03:30 AM",raghav vadehra,raghavvadehra265@gmail.com,Rakesh vadehra,,Jalandhar,Lovely Sweets,1,$2.35,,pending,Ladoo Banarsi Motichoor 1 Kg (Qty: 1)
qh08W8cLMh4TnXm529Qy,"Aug 13, 2025, 02:50 AM",Neela Akhil Kumar,codtechitsolutions1@gmail.com,Srikant,,Rishikesh,Rishikesh Darbar Family Restaurant,2,$6.12,,pending,Chicken do pyaza (Qty: 1); Jeera rice (Qty: 1)
hZf9FQClLASmt0b3e7HI,"Aug 13, 2025, 02:49 AM",Neela Akhil Kumar,codtechitsolutions1@gmail.com,Srikant,,Rishikesh,Rishikesh Darbar Family Restaurant,1,$4.12,,pending,Butter Chicken (Qty: 1)
mQFKtMKgmXXP88AtCZ7j,"Aug 13, 2025, 02:47 AM",Neela Akhil Kumar,codtechitsolutions1@gmail.com,Srikant,,Rishikesh,Rishikesh Darbar Family Restaurant,1,$4.12,,pending,Butter Chicken (Qty: 1)
lqY74VCoIUqzpYVTDxSM,"Aug 12, 2025, 12:39 PM",Ravi Kaju,ravi1337kaji@gmail.com,Aman,,Bengaluru,Meghana Foods,1,$4.12,,pending,Chicken Biryani (Qty: 1)
p9agsW0Mj5vNpkj9JuhD,"Aug 12, 2025, 06:43 AM",Neela Akhil Kumar,codtechitsolutions1@gmail.com,Srikant,,Rishikesh,Dimora Chinese,3,$6.36,,pending,Paneer Kurkure Momo (Qty: 1); Veg Manchurian Dry (Qty: 1); Hakka Noodles (Qty: 1)
QNriDX2BZL1kPU8mcf5I,"Aug 12, 2025, 05:13 AM",Neela Akhil Kumar,codtechitsolutions1@gmail.com,Srikant,,Rishikesh,Domino's Pizza,4,$6.65,,pending,Butterscotch Mousse Cake (Qty: 1); Double Cheese Margherita Cheese Burst (Qty: 1); Coca Cola 475ml (Qty: 1); Sprite 475ml (Qty: 1)
AEeErNchD0VSWtbzCUvT,"Aug 12, 2025, 05:06 AM",Neela Akhil Kumar,codtechitsolutions1@gmail.com,Srikant,,Rishikesh,Domino's Pizza,2,$7.51,,pending,Cheese Volcano Peppy Paneer (Qty: 1); Corn & Cheese Volcano (Qty: 1)
PG4hY6MrWa74xxW6FT5t,"Aug 11, 2025, 08:17 PM",Neela Akhil Kumar,codtechitsolutions1@gmail.com,Srikant,,Rishikesh,Pink Cafe Rishikesh,3,$7.18,,pending,Milk Coffee (Qty: 2); Veg Cheese Grill Sandwich  (Qty: 1); Veg Club Sandwich (Qty: 1)
L02Qqo78rbSSeVNeeGWU,"Aug 11, 2025, 08:36 AM",Poojitha Arangam,pooji369a@gmail.com,Naga Kiran Varanasi,,Bengaluru,McDonald's,2,$5.67,,pending,Big Spicy Chicken Wrap (Qty: 1); Chicken Maharaja Mac Burger Combo (Qty: 1)
RIdKr5Jk2eA5KzFnPeFl,"Aug 11, 2025, 04:59 AM",Ravi Kaju,ravi1337kaji@gmail.com,Aman,,New Delhi,Subway,1,$8.22,,pending,Cheesy Lamb Pepperoni (Qty: 2)
YTWPrB2Ovn1T6Z7F8lkv,"Aug 11, 2025, 03:41 AM",raghav vadehra,raghavvadehra265@gmail.com,Rakesh vadehra,,Jalandhar,Vijay Dhaba,2,$4.77,,pending,Dal Makhani (Qty: 2); Malai Kofta (Qty: 1)
PKu4URYVmcS3Vx0USS6Z,"Aug 11, 2025, 03:03 AM",Divleen Kaur,divleen_k81@hotmail.com,Kawaljit Kaur,,New Delhi,Hudson Chopsticks - Fresh Chinese,2,$11.72,,pending,Chicken Sweet Corn (Qty: 2); Chicken Lemon Coriander Soup (Qty: 2)
VPUAFLdmxiX7OH0MnTt2,"Aug 10, 2025, 11:52 PM",Ravi Kaju,ravi1337kaji@gmail.com,Aman,,New Delhi,Subway,1,$6.80,,pending,Paneer Tikka Salad (Qty: 2)
LKeN0k8MDfDUWoEmpaFK,"Aug 10, 2025, 08:04 PM",Vimla Devi,vimla9061@gmail.com,Sunita,,Amritsar,Bharawan Da Dhaba,1,$3.30,,pending,Manchurian Gravy  (Qty: 1)
5BYLQd0eoE5NUjd1GQZl,"Aug 10, 2025, 08:03 PM",Ramesh “Ram” Chalapalli,ramchal@gmail.com,Sri Lakshmi Tadepalli,,Hyderabad,Sri Udipi Grand Restaurant,3,$3.71,,pending,Masala Dosa (Qty: 1); South Paratha (Qty: 1); Idly (Qty: 2)
W3v96fmkEb4toDlzGgGH,"Aug 10, 2025, 07:25 AM",Ravi Kaju,ravi1337kaji@gmail.com,Aman,,Bengaluru,Meghana Foods,1,$4.12,,pending,Chicken Biryani (Qty: 1)
LAqZ2hpELTntbsePB2km,"Aug 10, 2025, 12:39 AM",Sukhjot Singh,sukhjotbedi@gmail.com,Jasleen Arora,,Ludhiana,Hutea The Tea Hut,3,$10.46,,pending,Cigar Rolls (Qty: 1); Punjabi Maggi (Qty: 1); Hazlenut Cold Coffee (Qty: 1)
PcrcW5ubFO3FUp5lvjO8,"Aug 9, 2025, 09:30 AM",George Hopkins,georgehopkins19787@gmail.com,Abhishek,,Patna,The Downtown Cafe,2,$6.45,,pending,Singapore Hakka Noodles (Qty: 1); Chicken Chilli Dry (Qty: 1)
MTmXfRxivWBIZDD5PcTa,"Aug 9, 2025, 08:29 AM",Ravi Kaju,ravi1337kaji@gmail.com,Aman,,Bengaluru,Subway,1,$3.87,,pending,Cheesy American BBQ (Qty: 1)
O9Dz2DmHVE0442PJTum9,"Aug 9, 2025, 04:10 AM",George Hopkins,georgehopkins19787@gmail.com,Abhishek,,Patna,Harilal's,1,$4.71,,pending,Long Gulab Jamun (Qty: 1)
wLc8MC8CSJJS7Sy8GMzi,"Aug 9, 2025, 03:51 AM",George Hopkins,georgehopkins19787@gmail.com,Abhishek,,Patna,Harilal's,3,$4.60,,pending,Papadi Chaat (Qty: 1); Raj Kachodi (Qty: 1); Samosa Chaat (Qty: 1)
llNYF7kfwvA2qzq2yZtK,"Aug 9, 2025, 03:46 AM",George Hopkins,georgehopkins19787@gmail.com,Shubham,,Patna,Champaran Meat House,2,$6.24,,pending,Mutton Ishtu (Qty: 1); Mutton Jeera Rice Half ( 2pc. Mutton + Half Jeera Rice) (Qty: 1)
GOg4tfr3gOLXsBP79JNF,"Aug 8, 2025, 07:41 PM",Mittu Sahay,mitu.sahay476@gmail.com,Anil Sahay,,Ranchi,Churuwala,2,$3.84,,pending,Belva Kachori [1 Plate ] (Qty: 4); Jalebi (1 pc) (Qty: 3)
L7OL3X5oqJewal3cCaMD,"Aug 8, 2025, 07:25 PM",Mittu Sahay,mitu.sahay476@gmail.com,Seema Srivastava,,Mumbai,Gajanan Vada Pav,1,$3.53,,pending,Vada Pav  (1 Pc) (Qty: 10)
pfGlzk1xGw8szVwwrNmb,"Aug 8, 2025, 02:43 PM",Ravi Kaju,ravi1337kaji@gmail.com,Aman,,Bengaluru,Shanmukha Restaurant,1,$3.17,,pending,Bowl - Shanmukha Special Chicken Fry Piece Biryani (Qty: 1)
Aqp5zzeBj8CUBjftYPRQ,"Aug 8, 2025, 07:38 AM",Ravi Kaju,ravi1337kaji@gmail.com,Aman,,Bengaluru,Bong Kolkata By Healthy We Eat,1,$2.70,,pending,Bengali chicken thali (Qty: 1)
b74XzbQc8oN5vojwQjBA,"Aug 8, 2025, 07:36 AM",Ravi Kaju,ravi1337kaji@gmail.com,Aman,,Bengaluru,Burger Seigneur,1,$5.94,,pending,Seigneur Cheese Burger (Qty: 1)
DwpiW7Uc2AsiOK1Etjpk,"Aug 8, 2025, 05:45 AM",Nick Truxal,nick.truxal@gmail.com,Alok Singh,,Noida,Anardana,1,$4.41,,pending,Mixed Vegetable Momos (Qty: 1)
qpG5S3pEjZcseHaUbmNI,"Aug 8, 2025, 05:44 AM",Nick Truxal,nick.truxal@gmail.com,Alok Singh,,Noida,Behrouz Biryani,1,$3.28,,pending,Paneer Butter Masala. (Qty: 1)
Fw9S3A7rWfUUXCfIKjRO,"Aug 8, 2025, 05:40 AM",Nick Truxal,nick.truxal@gmail.com,Hari,,Chennai,Id - Chennai's Everyday Soulful,2,$3.12,,pending,Pongal Vada Combo (pongal + Medhu Vada 1 Pcs) (Qty: 1); Tea 200ml (Qty: 1)
cuQFSILQs2Tau9Xt0r4Q,"Aug 7, 2025, 09:09 PM",Wat a Life,chandnirattan@gmail.com,Rakesh Vadehra ,,Jalandhar,Lovely Bake Studio,10,$32.38,,pending,Naan Khatai 800 Gms (Qty: 1); Butter Pista Cookies 60 Gms (Qty: 1); Desi Ghee 200 Gms (Qty: 1); Jeera Salted 400 Gms (Qty: 1); Banana Walnut 500 Gms (Qty: 1); Aloo Bhujia Tanatan 400 Gms (Qty: 1); Bikaneri Bhujiya 400 Gms (Qty: 1); Hara Matar 400 Gms (Qty: 2); Mungra Bhalla 400 Gms (Qty: 1); Gift Cookies 1550 (Qty: 1)
1ZczZHj3q91S33cCJuCN,"Aug 7, 2025, 02:40 PM",Ravi Kaju,ravi1337kaji@gmail.com,Aman,,Bengaluru,Bong Kolkata By Healthy We Eat,1,$3.28,,pending,Mutton kasha (Qty: 1)
97vM5tghIfEu6PQeomJj,"Aug 7, 2025, 02:38 PM",Ravi Kaju,ravi1337kaji@gmail.com,Aman,,Bengaluru,Bong Kolkata By Healthy We Eat,1,$2.11,,pending,Bengali Egg Thali (Qty: 1)
W985DC3j6YOtYnVTWWBJ,"Aug 7, 2025, 11:37 AM",Ravi Kaju,ravi1337kaji@gmail.com,Aman,,Bengaluru,Glen's Bakehouse,1,$7.49,,pending,"11"" Pizza Veg Paneer Goes Mexican (Qty: 1)"
XntQCd26mjKAFyGFDxfQ,"Aug 7, 2025, 08:54 AM",Poojitha Arangam,pooji369a@gmail.com,Naga Kiran Varanasi,,Bengaluru,Meghana Foods,3,$9.53,,pending,Lemon Chicken (Qty: 1); Chicken Boneless Biryani (Qty: 1); Chicken Pakoda (Qty: 1)
EJAXPRf2bSSTJaw4ap7U,"Aug 6, 2025, 08:32 PM",Mittu Sahay,mitu.sahay476@gmail.com,Anil Sahay,,Ranchi,Uday Mistanna Bhandar,1,$4.59,,pending,Kesar Peda (Qty: 1)
L9jHmMa6V3izmPGKvZnn,"Aug 5, 2025, 10:32 PM",Soumya Dhar,a27dhar@yahoo.com,Indrani Dhar,,Bengaluru,Paradise Biryani,4,$19.94,,pending,Gulab Jamun (2 pcs) (Qty: 2); Tandoori Chicken (Qty: 1); Nizami Chicken Dum Biryani (Serves upto 2) (Qty: 1); Chicken Tikka Roll (2 Nos) (Qty: 1)
x1aqi04how1LsQEv3zEi,"Aug 5, 2025, 10:17 PM",Poojitha Arangam,pooji369a@gmail.com,Naga Kiran Varanasi,,Bengaluru,McDonald's,2,$5.67,,pending,Big Spicy Chicken Wrap (Qty: 1); Chicken Maharaja Mac Burger Combo (Qty: 1)
tyWQfhnXE3J1zxRxxUAd,"Aug 5, 2025, 09:10 AM",Ravi Kaju,ravi1337kaji@gmail.com,Aman,,Bengaluru,Domino's Pizza,2,$4.55,,pending,"Paneer, Onion & Capsicum with Desi Makhani Sauce (Qty: 2); Paneer & Capsicum with Videshi Hot Sauce (Qty: 1)"
ZKxQrnolJPj3y4FWeOQT,"Aug 5, 2025, 08:57 AM",Poojitha Arangam,pooji369a@gmail.com,Naga Kiran Varanasi,,Bengaluru,California Burrito,2,$5.63,,pending,Grilled Barbeque Chicken Burrito (Regular) (Qty: 1); Chili Chipotle Chicken Burrito (Regular) (Qty: 1)
kA7DUsNNMXUVfy6zkrJ2,"Aug 5, 2025, 05:20 AM",Ravi Kaju,ravi1337kaji@gmail.com,Aman,,Bengaluru,Kabab Magic,2,$3.77,,pending,Paratha (Qty: 2); Grilled Chicken (Qty: 1)
BX5999OzFom4U3Q0VCqd,"Aug 5, 2025, 03:47 AM",Divleen Kaur,divleen_k81@hotmail.com,Kawaljit,,New Delhi,Hudson Chopsticks - Fresh Chinese,7,$28.17,,pending,Chicken Hakka Noodles (Qty: 1); Chicken Hot & Sour Soup (Qty: 1); Chicken Spring Rolls (6 Pcs) (Qty: 1); Chilli Chicken Dry (Qty: 1); Fried Chicken Drumsticks (6 Pcs) (Qty: 1); Golden Fried Prawns (Qty: 1); Chicken Lemon Coriander Soup (Qty: 1)
h15n5eAW5buo6RtYXB7Y,"Aug 4, 2025, 10:12 PM",Divleen Kaur,divleen_k81@hotmail.com,Kawaljit Kaur,,Delhi,Anjlika,8,$16.24,,pending,Choco Lava Cake  (Qty: 1); Chicken Patty  (Qty: 2); Mutton Seekh Patty  (Qty: 1); Strawberry Shake (Qty: 1); Butterscotch Shake (Qty: 1); Garlic Bread Loaf (Qty: 1); Chicken Tikka Sandwich (Grilled) (Qty: 1); Butter Croissant  (Qty: 2)
9U7Q77R9Dg2ogx7Rrcld,"Aug 4, 2025, 08:24 PM",USHA PEDAPALLI,usharani071998@gmail.com,Venkata Rao Pedapalli,,Chilakaluripet,Surakshas Biryani House,3,$12.59,,pending,Butter Naan (Qty: 3); Kaju Curry Plain (Qty: 1); Prawns Biryani (Qty: 1)
gZVFgsD9W513Xq7MmnhK,"Aug 4, 2025, 03:07 PM",Ravi Kaju,ravi1337kaji@gmail.com,Rhythm,,Patna,KFC,1,$7.05,,pending,BFF Chicken Leg & Strips Bucket (Qty: 1)
P73UMI3Y4QWsDXe62w8p,"Aug 4, 2025, 02:39 PM",Ravi Kaju,ravi1337kaji@gmail.com,Aman,,Bengaluru,Bong Kolkata By Healthy We Eat,2,$7.63,,pending,Polao And Mutton Kosha Combo (Qty: 1); Mutton kasha (Qty: 1)
BKifrIGMkm2Wyx6vve0Q,"Aug 4, 2025, 09:33 AM",Poojitha Arangam,pooji369a@gmail.com,Naga Kiran Varanasi,,Bengaluru,McDonald's,2,$5.67,,pending,Big Spicy Chicken Wrap (Qty: 1); Chicken Maharaja Mac Burger Combo (Qty: 1)
heiNcOYwnKp862kILwHG,"Aug 4, 2025, 08:53 AM",Ravi Kaju,ravi1337kaji@gmail.com,Aman,,Bengaluru,Glen's Bakehouse,4,$3.72,,pending,Chicken Puff (Qty: 1); Mushroom Puff (Qty: 1); Mushroom Cheese Roll (Qty: 1); Chicken Seekh Puff (Qty: 1)
10V6CDIsQmtHqoc49N0N,"Aug 4, 2025, 06:22 AM",Ravi Kaju,ravi1337kaji@gmail.com,Aman,,Bengaluru,Glen's Bakehouse,1,$4.68,,pending,Lemon Mini Tart (pack Of 6) (Qty: 2)
Y4zqlVLWTTznAecCj8xl,"Aug 3, 2025, 03:04 PM",Ravi Kaju,ravi1337kaji@gmail.com,Aman,,Bengaluru,Shanmukha Restaurant,1,$3.83,,pending,Shanmukha Chicken Fry Piece Biryani (Qty: 1)
YwmpPRRNIOqilA30Smc4,"Aug 3, 2025, 10:40 AM",Ravi Kaju,ravi1337kaji@gmail.com,Aman,,Bengaluru,Biggies Burger,1,$5.16,,pending,American Cheese Chicken Burger (Qty: 2)
JrXMljpVetQNWDzGfc0K,"Aug 3, 2025, 07:13 AM",Ravi Kaju,ravi1337kaji@gmail.com,Rhythm,,Patna,KFC,1,$7.05,,pending,BFF Chicken Leg & Strips Bucket (Qty: 1)
61nZb33p4jsGekKDsnQk,"Aug 3, 2025, 05:10 AM",Harpreet Kaberwal,riakaberwal@gmail.com,Rupa,,Mumbai,Cremure,1,$5.77,,pending,Biscoff Newyork Bento Cake (Qty: 1)
dsWZb5V9CZnTRqQQuhEm,"Aug 3, 2025, 12:22 AM",Ravi Kaju,ravi1337kaji@gmail.com,Aman,,Bengaluru,Bong Kolkata By Healthy We Eat,1,$2.70,,pending,Bengali chicken thali (Qty: 1)
UpuoRPCyVwx1fI9PapGG,"Aug 2, 2025, 08:37 PM",Raj Sundaram,rajgt40@gmail.com,Sneha Venugopal,,Hyderabad,Cafe Niloufer Premium Lounge,9,$23.66,,pending,Grilled Veg Sandwich (Qty: 1); Spicy Paneer Sandwich (Qty: 1); Cracked Wheat Upma (Qty: 1); Maska Bun (Qty: 5); Masala Kulcha Sandwich (Qty: 1); Khara Bun (Qty: 1); Pineapple Pastry Eggless (Qty: 1); Rasmalai Pastry Eggless (Qty: 1); Black Forest Pastry Eggless (Qty: 1)
Yw771Atl6rox5384OOzU,"Aug 2, 2025, 10:19 AM",Ravi Kaju,ravi1337kaji@gmail.com,Aman,,Bengaluru,Mad Over Donuts,1,$4.71,,pending,Signature Box Of 3 Donuts (Qty: 1)
0V0acHZt5HvONxT4nXSc,"Aug 2, 2025, 10:04 AM",Ravi Kaju,ravi1337kaji@gmail.com,Aman,,Bengaluru,Bong Kolkata By Healthy We Eat,1,$2.70,,pending,Bengali chicken thali (Qty: 1)
VThXOB5TPhzPhZqfyZZh,"Aug 2, 2025, 03:01 AM",Ravi Kaju,ravi1337kaji@gmail.com,Aman,,Bengaluru,Kabab Magic,3,$7.06,,pending,Grilled Chicken (Qty: 2); Paratha (Qty: 2); Rumali Roti (Qty: 2)
vOT2u2SMhtP3zhao3iqk,"Aug 1, 2025, 09:00 PM",Dhwani Nijhawan,dhwani.nijhawan@gmail.com,Abhik Nijhawan,,Vadodara,Theobroma,2,$12.30,,pending,Assorted Cupcakes Box [4 Pieces] (Qty: 1); Eggless Butterscotch & Milk Chocolate Cake [1/2kg] (Qty: 1)
GGbC52dXgFubSFNfPSZQ,"Aug 1, 2025, 07:04 AM",Ravi Kaju,ravi1337kaji@gmail.com,Aman,,Bengaluru,Meghana Foods,1,$5.65,,pending,Mutton Biryani (Qty: 1)
cWL32tlyUohtgCEgvVWE,"Aug 1, 2025, 06:51 AM",Ravi Kaju,ravi1337kaji@gmail.com,Aman,,Bengaluru,Meghana Foods,1,$5.65,,pending,Mutton Biryani (Qty: 1)
SwBP7uMpRpE5WSz9mkYT,"Jul 31, 2025, 07:28 PM",raghav vadehra,raghavvadehra265@gmail.com,Rakesh vadehra,,Jalandhar,Food Plaza,4,$9.18,,pending,Veg cheese burger        (Qty: 3); Veg noodles (Qty: 1); Mushroom chilly   (Qty: 1); Veg manchurian dry     (Qty: 2)
nDJOuqfVNyRcrBuyXBq3,"Jul 31, 2025, 09:57 AM",Ravi Kaju,ravi1337kaji@gmail.com,Aman,,Bengaluru,Bong Kolkata By Healthy We Eat,1,$2.70,,pending,Bengali chicken thali (Qty: 1)
ldryAYSYRBOPqBSyx1S5,"Jul 31, 2025, 09:28 AM",Ravi Kaju,ravi1337kaji@gmail.com,Sharan,,Bengaluru,Truffles,1,$5.60,,pending,Chicken Wings (Qty: 2)
xrosWlq08Ob8mkVIk0pU,"Jul 31, 2025, 07:23 AM",Ravi Kaju,ravi1337kaji@gmail.com,Sharan,,Bengaluru,Leon's - Burgers & Wings (Leon Grill),3,$5.19,,pending,4pc Chicken Nuggets (Qty: 1); Chicken Popcorn (Qty: 1); Hot & Spicy Wings. (Qty: 1)
4CUTsmXJGUutMMBpowgY,"Jul 31, 2025, 05:00 AM",Ravi Kaju,ravi1337kaji@gmail.com,Aman,,Bengaluru,Uru Brewpark,1,$6.81,,pending,Prawn Ghee Roast (Qty: 1)
RU5yA7tH6dQjEIfPhPeI,"Jul 31, 2025, 04:00 AM",raghav vadehra,raghavvadehra265@gmail.com,Rakesh vadehra,,Jalandhar,Vijay Dhaba,1,$2.60,,pending,Dal Makhani (Qty: 2)
H13Xb3iFDBbE4ms3qabm,"Jul 31, 2025, 02:55 AM",Ravi Kaju,ravi1337kaji@gmail.com,Aman,,Bengaluru,KFC,1,$2.93,,pending,Chicken Popcorn - Large (Qty: 1)
XnPWeCYmhzGHH0CPhOe2,"Jul 30, 2025, 03:52 PM",Ravi Kaju,ravi1337kaji@gmail.com,Aman,,Bengaluru,Chowman,1,$2.94,,pending,Crab Meat Soup Withwine (Qty: 1)
7bwCv6CSm9GCkWTC3RQ8,"Jul 30, 2025, 02:48 PM",Ravi Kaju,ravi1337kaji@gmail.com,Aman,,Bengaluru,Bong Kolkata By Healthy We Eat,1,$3.52,,pending,Prawns Malai Curry (Qty: 1)
wVIJYuedSNX08fbxYmZ2,"Jul 30, 2025, 01:46 PM",Ravi Kaju,ravi1337kaji@gmail.com,Aman,,Bengaluru,Bong Kolkata By Healthy We Eat,1,$2.70,,pending,Bengali chicken thali (Qty: 1)
soXfVTkI1lZAbvm1Jjc0,"Jul 30, 2025, 09:02 AM",Ravi Kaju,ravi1337kaji@gmail.com,Aman,,Bengaluru,Samosa Party,2,$4.45,,pending,Shahi Tukda (Qty: 1); Chicken Popcorn Ghee Burrito Rice Bowl (Qty: 1)
XNA7BP6X5q88017xNcRZ,"Jul 30, 2025, 09:01 AM",Ravi Kaju,ravi1337kaji@gmail.com,Aman,,Bengaluru,Samosa Party,1,$2.93,,pending,Cheesy Meltin' - Volcano Samosa Bucket (Qty: 1)
e2tPjWjVR3p9vLlY8nNf,"Jul 29, 2025, 06:11 PM",raghav vadehra,raghavvadehra265@gmail.com,Rakesh vadehra,,Jalandhar,Ravi Ice Cream and Juice,2,$3.24,,pending,Mix Fruit Juice (Qty: 4); Ravi's spl pineapple Fruit Drink (Qty: 1)
WQbHdbwUOOrrNlO9F8Ji,"Jul 29, 2025, 08:24 AM",Ravi Kaju,ravi1337kaji@gmail.com,Aman,,Bengaluru,Chowman,1,$2.94,,pending,Crab Meat Soup Withwine (Qty: 1)
YzQF53RWYyvCwXFDfZBw,"Jul 28, 2025, 02:20 PM",Ravi Kaju,ravi1337kaji@gmail.com,Aman,,Bengaluru,Subway,1,$3.87,,pending,Cheesy American BBQ (Qty: 1)
VLyeCXV0kP2c9jFMUGmQ,"Jul 28, 2025, 11:04 AM",Ravi Kaju,ravi1337kaji@gmail.com,Rhythm,,Patna,KFC,1,$2.93,,pending,Zinger Pro Burger (Qty: 1)
qcMEV8ERyn065H1eEUBr,"Jul 28, 2025, 07:39 AM",Ravi Kaju,ravi1337kaji@gmail.com,Aman,,Bengaluru,Baskin Robbins - Ice Cream Desserts,2,$2.64,,pending,Fresh Alphonso Mango Cone (Qty: 1); Hop Scotch Butterscotch Cone (Qty: 1)
Fhn17fsKYkNky28o04cF,"Jul 28, 2025, 03:42 AM",Ravi Kaju,ravi1337kaji@gmail.com,Aman,,Bengaluru,Meghana Foods,2,$8.71,,pending,Chicken Fry Pc Biriyani (Qty: 1); Paneer Biryani (Qty: 1)
7II5BfzUbVOSfLLgMD9G,"Jul 27, 2025, 10:24 PM",Nicole Aryn Dela Cruz,nicolearyn.delacruz18@gmail.com,Siddharth Khulbe,,New Delhi,Subway,2,$5.63,,pending,Potato Chilli Cheese (Qty: 1); Tandoori Paneer Craver (10cm) (Qty: 1)
z6pgnBcKhPLF2l302p29,"Jul 27, 2025, 08:58 AM",Ravi Kaju,ravi1337kaji@gmail.com,Aman,,Bengaluru,KFC,1,$6.46,,pending,Chicken Burger Buddy Meal (Qty: 1)
55S177CvcW5uHPNdYzcB,"Jul 27, 2025, 07:58 AM",Ravi Kaju,ravi1337kaji@gmail.com,Aman,,Bengaluru,McDonald's Gourmet Burger Collection,1,$3.35,,pending,McCheese Burger Chicken (Qty: 1)
7vqkcr3ihg9JgZAOmQN9,"Jul 26, 2025, 05:09 AM",Ravi Kaju,ravi1337kaji@gmail.com,Aman,,Bengaluru,Samosa Party,2,$4.92,,pending,Samosa Party Bucket- Mini Pizza Samosa (Qty: 1); Cheesy Meltin' - Volcano Samosa Bucket (Qty: 1)
OU4GDhk9EfkrFuUqPOFL,"Jul 26, 2025, 03:31 AM",Uma Atmakuri,uma.atmakuri@gmail.com,Atmakuri Ramarao,,Visakhapatnam,Sweet India,5,$4.05,,pending,Samosa Chaat (Qty: 1); Pav-Bhaji (Qty: 1); Veg Cutlets (Qty: 1); Jalebi (2 Pcs.) (Qty: 1); Pav extra (2pc) (Qty: 1)
JlfhpBsaO3n0AQIDFc8h,"Jul 26, 2025, 01:16 AM",Ravi Kaju,ravi1337kaji@gmail.com,Aman,,Bengaluru,Domino's Pizza,2,$6.32,,pending,Grilled wings Southern Spice (Qty: 1); Grilled Wings Signature Garlic (Qty: 2)
OwWGIE8qnb620VWCRfIO,"Jul 26, 2025, 01:14 AM",Ravi Kaju,ravi1337kaji@gmail.com,Aman,,Bengaluru,Domino's Pizza,2,$7.32,,pending,Chicken Sausage Pizza (Qty: 1); Pepper Barbecue Chicken Pizza (Qty: 1)
FrnA5CQu1tDdQvkcsz5c,"Jul 25, 2025, 11:21 PM",Ravi Kaju,ravi1337kaji@gmail.com,Aman,,Bengaluru,Bong Kolkata By Healthy We Eat,2,$5.98,,pending,Bengali chicken thali (Qty: 1); Mutton kasha (Qty: 1)
SRYHauw1nT1EtEz7SUkB,"Jul 25, 2025, 11:20 PM",Parth P,master.parth31@gmail.com,Bharatbhai Patel,,Ahmedabad,Rangoli Ice Cream,1,$8.47,,pending,Rajbhog (Qty: 1)
QVhEU6pc7bOADd14W75a,"Jul 25, 2025, 08:50 PM",Sukhjot Singh,sukhjotbedi@gmail.com,Jasleen Arora,,Ludhiana,Burger King,3,$6.91,,pending,"Fiery Chicken Burger (Qty: 1); Korean Spicy Fries, (Qty: 1); BK Fusion Sundae  (made with Kit Kat), (Qty: 1)"
EXvzy6gQbG633QBirDpK,"Jul 25, 2025, 06:58 PM",Ravi Kaju,ravi1337kaji@gmail.com,Rhythm,,Patna,KFC,2,$7.15,,pending,Hot Chicken Wings - 4 pcs (Qty: 1); Duo Popcorn Chicken Rice Bowl - Biryani Style (Qty: 1)
mqkso4A2Z09xDMYoEQEM,"Jul 25, 2025, 11:36 AM",raghav vadehra,raghavvadehra265@gmail.com,Rakesh vadehra,,Jalandhar,Model Town ke Famous Channa Kulche,2,$3.53,,pending,Channa kulcha [3 pieces] (Qty: 4); Bhature [1 Piece] (Qty: 1)
O76W989V46EiQY4H2Ner,"Jul 25, 2025, 07:10 AM",Ravi Kaju,ravi1337kaji@gmail.com,Aman,,Bengaluru,Baskin Robbins - Ice Cream Desserts,4,$5.46,,pending,Shooting Star Ice Cream (Qty: 1); Blueberry 'N White Chocolate Ice Cream (Qty: 1); Hop Scotch Butterscotch Cone (Qty: 1); Naughty Nutella Cone (Qty: 1)
re1ICLRJ5bIHSikRVEqX,"Jul 25, 2025, 03:51 AM",Ravi Kaju,ravi1337kaji@gmail.com,Aman,,Bengaluru,Kolkata Sholoana,2,$8.22,,pending,Shyambazar R Mutton Kosha Combo (Qty: 1); Deckers Lane R Chicken Kosha Combo (Qty: 1)
3KlNaNncH3sga5cBcj14,"Jul 24, 2025, 04:26 PM",Ayush Sahay,ayush_sahay2001@yahoo.com,Ravindranath Sahay,,Navi Mumbai,Barbeque Nation,1,$15.29,,pending,Barbeque in a Box (Non Veg) Premium (With Prawns and Mutton) (Qty: 1)
1JFu10gLFd49Jmrt3pms,"Jul 24, 2025, 09:06 AM",Ravi Kaju,ravi1337kaji@gmail.com,Aman,,Bengaluru,Bong Kolkata By Healthy We Eat,1,$2.70,,pending,Bengali chicken thali (Qty: 1)
kIZUAMm04Yz7AvDAHhB5,"Jul 24, 2025, 01:03 AM",Ravi Kaju,ravi1337kaji@gmail.com,Aman,,Bengaluru,Donne biriyani corner,1,$2.59,,pending,Chicken Biriyani (Qty: 1)
5T3yr8CEDuaz1EBNnqYQ,"Jul 23, 2025, 08:06 PM",Ravi Kaju,ravi1337kaji@gmail.com,Aman,,Bengaluru,Subway,1,$3.87,,pending,Cheesy American BBQ (Qty: 1)
prRtlac33YupCRPQe5sJ,"Jul 23, 2025, 06:46 AM",Ravi Kaju,ravi1337kaji@gmail.com,Aman,,Bengaluru,Baskin Robbins - Ice Cream Desserts,3,$3.93,,pending,Shooting Star Ice Cream (Qty: 1); Bavarian Chocolate Cone (Qty: 1); Fresh Alphonso Mango Cone (Qty: 1)
0aFt9K9vrKEMi7IfCWPi,"Jul 23, 2025, 02:59 AM",Ravi Kaju,ravi1337kaji@gmail.com,Aman,,Bengaluru,Meghana Foods,1,$5.06,,pending,Nati Chicken Biryani (Qty: 1)
Tdrzu5MD78dPNYK0ikms,"Jul 22, 2025, 09:13 PM",Ravi Kaju,ravi1337kaji@gmail.com,Aman,,Bengaluru,Subway,1,$3.87,,pending,Cheesy American BBQ (Qty: 1)
34StgrzhT4NWWYZY0iI9,"Jul 21, 2025, 12:56 PM",Eshita Jhahan,jhahan.eshita@gmail.com,Madhumita Ghosh,,Kolkata,Sweet Truth - Cake and Desserts,1,$6.58,,pending,Chocolate Mousse Cake (Half Kg) (Eggless) (Qty: 1)
TqBqKVISXevsRcs3aDYq,"Jul 21, 2025, 12:51 PM",Eshita Jhahan,jhahan.eshita@gmail.com,Madhumita Ghosh,,Kolkata,Asian Flare,3,$6.94,,pending,Schezwan Fried Rice Non Veg (Qty: 1); Chilli Fish (Dry) (Qty: 1); Caramel Custard (Qty: 1)
p2DRjWjOFhjLWWRHYszv,"Jul 21, 2025, 07:51 AM",George Hopkins,georgehopkins19787@gmail.com,Abhishek,,Patna,Savitri Rasoi,2,$5.64,,pending,Egg Chowmein (Qty: 1); Boneless Chilli Chicken (Qty: 1)
xIHas83rym3aaifMbGA6,"Jul 21, 2025, 07:23 AM",Gurinder singh,gurindernangla9302@gmail.com,Diksha ,,Chandigarh,Sindhi Sweets,2,$13.77,,pending,Special Gift Hamper (Qty: 1); Kesar Rasmalai  (Qty: 1)
r0Hpjz8vul43k7m7PT2t,"Jul 21, 2025, 04:35 AM",Ravi Kaju,ravi1337kaji@gmail.com,Rhythm,,Patna,KFC,2,$4.81,,pending,Hot Chicken Wings - 4 pcs (Qty: 1); Smoky Red Chicken Rice Bowl - Biryani Style (Qty: 1)
pflYCKvzGU2Vrtl6ZKDe,"Jul 20, 2025, 09:11 PM",Sukhjot Singh,sukhjotbedi@gmail.com,Jasleen Arora,,Ludhiana,Hutea The Tea Hut,3,$10.46,,pending,Cigar Rolls (Qty: 1); Punjabi Maggi (Qty: 1); Hazlenut Cold Coffee (Qty: 1)
LOgSUSgHzZSFuwYrxxEz,"Jul 20, 2025, 06:43 PM",Ravi Kaju,ravi1337kaji@gmail.com,Aman,,Bengaluru,Meghana Foods,1,$5.06,,pending,Nati Chicken Biryani (Qty: 1)
CulXimxGFHH4g4dW0Ik8,"Jul 20, 2025, 05:22 PM",Ravi Kaju,ravi1337kaji@gmail.com,Aman,,Bengaluru,Subway,1,$4.34,,pending,Cheesy Chicken Tikka (Qty: 1)
de4qG0jTlBBRfTSucdqZ,"Jul 20, 2025, 06:42 AM",Ravi Kaju,ravi1337kaji@gmail.com,Aman,,Bengaluru,"WeFit - Protein Bowls, Salads & Sandwiches",1,$5.39,,pending,Tandoori Grilled Chicken Wings [50g Protein] (Qty: 2)
1AI55szYoxd39jsktCIR,"Jul 20, 2025, 05:36 AM",Ravi Kaju,ravi1337kaji@gmail.com,Aman,,Bengaluru,"WeFit - Protein Bowls, Salads & Sandwiches",1,$2.70,,pending,Herb Grilled Chicken Wings [50g Protein] (Qty: 1)
Iqtnjil1RG7ZIxgqIjAj,"Jul 20, 2025, 03:33 AM",Ravi Kaju,ravi1337kaji@gmail.com,Aman,,Bengaluru,Auntie Fung's,1,$4.58,,pending,Tibetan Thukpa- Chicken (Qty: 1)
hB1A1c7fjmxLscFHqC12,"Jul 20, 2025, 12:58 AM",Poojitha Arangam,pooji369a@gmail.com,Naga Kiran Varanasi,,Bengaluru,Meghana Foods,4,$9.62,,pending,Mutton Curry (Qty: 1); Mutton Fry (Qty: 1); Garlic Naan (Qty: 2); Butter Naan (Qty: 2)
IHt8T27RbYPbn1Uher8W,"Jul 20, 2025, 12:02 AM",Ravi Kaju,ravi1337kaji@gmail.com,Rhythm,,Patna,KFC,2,$6.92,,pending,Hot Chicken Wings - 4 pcs (Qty: 2); Classic Chicken Rice Bowl - Biryani Style (Qty: 1)
5jWl4NeuANOJUmfgo5GT,"Jul 19, 2025, 11:56 PM",Ravi Kaju,ravi1337kaji@gmail.com,Aman,,Bengaluru,Sharief Bhai Biryani,1,$5.52,,pending,Mutton Biryani (Har-dil-Azeez Gosht) (Qty: 1)
zMALhQicYMIhkPUQFsPM,"Jul 19, 2025, 09:50 AM",Poojitha Arangam,pooji369a@gmail.com,Naga Kiran Varanasi,,Bengaluru,McDonald's,2,$4.54,,pending,Big Spicy Chicken Wrap (Qty: 1); Chicken Maharaja Mac Burger (Qty: 1)
c2hGGknvSP2d5HYJ02hf,"Jul 19, 2025, 01:41 AM",Ravi Kaju,ravi1337kaji@gmail.com,Aman,,Bengaluru,Taco Bell,1,$3.35,,pending,Cheesy Lava Taco (BurgerKiller) Non-Veg Overload (Qty: 1)
ViGuiRzHP5bhGyCbDIPl,"Jul 19, 2025, 01:40 AM",Ravi Kaju,ravi1337kaji@gmail.com,Aman,,Bengaluru,Taco Bell,1,$2.88,,pending,Melted Cheese Quesadilla- Non Veg (Qty: 1)
iepydvQzOU0aIpSsJhoo,"Jul 18, 2025, 10:13 PM",Soumya Dhar,a27dhar@yahoo.com,Indrani Dhar,,Bengaluru,Kolkata Sholoana,8,$52.00,,pending,Macher Jhol R Thala (Qty: 2); Sholoana Mutton Thala (Qty: 2); Basanti Polao - Gobindobhog (Qty: 2); Karaishootir Kachuri (Qty: 4); Hatibagan R Chicken Cutlet (Qty: 2); Mitro R Fish Kabiraji (Qty: 2); Mutton Biryani (Qty: 2); Park Street R Kati Roll (Qty: 2)
WAzopClHOdNzSetSR8jx,"Jul 18, 2025, 07:21 PM",Ravi Kaju,ravi1337kaji@gmail.com,Aman,,Bengaluru,Subway,1,$7.04,,pending,Chicken Keema Melt (Qty: 2)
8QsKTJCoovZliApzDuao,"Jul 18, 2025, 12:08 PM",raghav vadehra,raghavvadehra265@gmail.com,Rakesh vadehra,,Jalandhar,Model Town ke Famous Channa Kulche,2,$3.53,,pending,Channa kulcha [3 pieces] (Qty: 4); Bhature [1 Piece] (Qty: 1)
YgKl5UiK9GuC75CkOXXs,"Jul 18, 2025, 05:09 AM",Ravi Kaju,ravi1337kaji@gmail.com,Aman,,Bengaluru,Kabab Magic,2,$3.77,,pending,Rumali Roti (Qty: 2); Grilled Chicken (Qty: 1)
QNMMohNiDydlLJmGmoRi,"Jul 17, 2025, 04:16 PM",Ravi Kaju,ravi1337kaji@gmail.com,Aman,,Bengaluru,Subway,1,$3.70,,pending,Cheesy Chicken Tikka (Qty: 1)
K5XiQ77zEdZB3DXojmub,"Jul 17, 2025, 07:03 AM",George Hopkins,georgehopkins19787@gmail.com,Abhishek,,Patna,KFC,2,$6.92,,pending,Hot Chicken Wings - 4 pcs (Qty: 2); Popcorn Chicken Rice Bowl - Biryani Style (Qty: 1)
sQDkc0GkxlerwA6kG6BS,"Jul 16, 2025, 09:30 PM",Ravi Kaju,ravi1337kaji@gmail.com,Aman,,Bengaluru,EatFit,1,$4.41,,pending,"Kadhai Chicken, Bhindi Chana & Jeera Pulao (Qty: 1)"
1KhvVMp1vnmTn8k1ApzN,"Jul 15, 2025, 04:49 PM",Ravi Kaju,ravi1337kaji@gmail.com,Aman,,Bengaluru,Starbucks Coffee,1,$3.88,,pending,Tall Java Chip Frappuccino (Qty: 1)
fYSq6Y4952PIG39XYywh,"Jul 15, 2025, 02:17 PM",Ravi Kaju,ravi1337kaji@gmail.com,Aman,,Bengaluru,Subway,1,$3.87,,pending,Cheesy American BBQ (Qty: 1)
k0rjaCTexHM9omWi7yFw,"Jul 14, 2025, 10:13 PM",Ravi Kaju,ravi1337kaji@gmail.com,Rhythm,,Patna,KFC,1,$5.04,,pending,Duo Popcorn Chicken Rice Bowl - Biryani Style (Qty: 1)
xkxZcjPu5lXthIyfgQ4l,"Jul 14, 2025, 10:12 PM",Ravi Kaju,ravi1337kaji@gmail.com,Aman,,Bengaluru,Mangaluru Kairuchi,1,$6.47,,pending,Manji Curry (pomfret Fish) (Qty: 1)
ddACHCnM9Sl22TB8rXL8,"Jul 14, 2025, 07:30 PM",Ravi Kaju,ravi1337kaji@gmail.com,Aman,,Bengaluru,Shanmukha Restaurant,1,$3.83,,pending,Shanmukha Spl Kasturi Chicken Biryani (Qty: 1)
vdFz8TN6WZPhAbekDPrZ,"Jul 14, 2025, 07:26 PM",Ravi Kaju,ravi1337kaji@gmail.com,Aman,,Bengaluru,Subway,1,$3.87,,pending,Cheesy American BBQ (Qty: 1)
TxWG4IBFoV1FGV65Sc6z,"Jul 14, 2025, 07:13 PM",Ravi Kaju,ravi1337kaji@gmail.com,Aman,,Bengaluru,The Rameshwaram Cafe,1,$2.18,,pending,Garlic Roast Dosa (Qty: 1)
6mHWHYqu9e3xt1bV3rfe,"Jul 14, 2025, 05:33 PM",raghav vadehra,raghavvadehra265@gmail.com,Rakesh vadehra,,Jalandhar,Lovely Sweets,2,$5.49,,pending,Burfi Khoya Nariyal 1 Kg (Qty: 1); Ladoo Banarsi Motichoor 1 Kg (Qty: 1)
hgGvJZ4kVIeYe9Brqlg5,"Jul 14, 2025, 05:33 AM",Ruby Vinay,rubyvinaypratap@gmail.com,Abha Yadav,,Delhi,Sandoz,4,$18.24,,pending,Special Dal Makhani (Qty: 1); Tandoori Roti (Qty: 3); Paneer Tikka Masala (Qty: 1); Boneless Chicken Tikka Masala (Qty: 1)
TNji6lnpF3U4uq5jdkuq,"Jul 13, 2025, 09:02 AM",Ravi Kaju,ravi1337kaji@gmail.com,Aman,,Bengaluru,Mangaluru Seafood,2,$5.24,,pending,Chicken Hyderabadi (Qty: 1); Jeera Rice (Qty: 1)
JMOtwqANW7fdAbNfS9E9,"Jul 13, 2025, 12:08 AM",Ravi Kaju,ravi1337kaji@gmail.com,Rhythm,,Patna,KFC,2,$7.15,,pending,Hot Chicken Wings - 4 pcs (Qty: 1); Duo Popcorn Chicken Rice Bowl - Biryani Style (Qty: 1)
E6xwALaIoCJVtzsFrZK8,"Jul 13, 2025, 12:06 AM",Ravi Kaju,ravi1337kaji@gmail.com,Aman,,Bengaluru,Kabab Magic,2,$3.77,,pending,Paratha (Qty: 2); Grilled Chicken (Qty: 1)
5IeT5VMsXN2w49A6PeMr,"Jul 12, 2025, 09:14 PM",Sukhjot Singh,sukhjotbedi@gmail.com,Jasleen Arora,,Ludhiana,KFC,4,$6.71,,pending,Spicy Mix French Fries - Medium (Qty: 1); Chocolate Lava Cake (Qty: 1); Large Chicken Popcorn (Qty: 1); Pepsi Reusable Bottle (Qty: 1)
FEeqJsolqOdkzbWMAptR,"Jul 12, 2025, 06:59 PM",Ravi Kaju,ravi1337kaji@gmail.com,Aman,,Bengaluru,Glen's Bakehouse,1,$7.26,,pending,"11"" Sourdough Veg Mushroom With Pesto Sauce (Qty: 1)"
lqaGjWR5fq5w7yZHh2Ep,"Jul 12, 2025, 06:54 PM",Ravi Kaju,ravi1337kaji@gmail.com,Aman,,Bengaluru,McDonald's Gourmet Burger Collection,1,$3.35,,pending,McCheese Burger Chicken (Qty: 1)
MFE3RE5FwLfuASIqQlQE,"Jul 12, 2025, 06:50 PM",Ravi Kaju,ravi1337kaji@gmail.com,Aman,,Bengaluru,Subway,1,$3.87,,pending,Cheesy American BBQ (Qty: 1)
NN0Bzm4ANxp42kuYDcwr,"Jul 12, 2025, 04:16 PM",Ravi Kaju,ravi1337kaji@gmail.com,Aman,,Bengaluru,Dwaraka Grand,1,$0.94,,pending,Masala Dosa (Qty: 1)
Dy04DktzsprV34r2b3mb,"Jul 12, 2025, 01:12 PM",raghav vadehra,raghavvadehra265@gmail.com,Rakesh vadehra,,Jalandhar,Giani,1,$3.68,,pending,Vanilla Ice Cream  (Qty: 1)
YBxORhBEVSEVnf5HcfYL,"Jul 12, 2025, 01:04 PM",raghav vadehra,raghavvadehra265@gmail.com,Rakesh vadehra,,Jalandhar,Food Bazar,2,$7.53,,pending,Amritsari Kulcha Chana (Qty: 4); Waffle Cone (Qty: 4)
IJMs2dNwViF1gsrbbuhH,"Jul 12, 2025, 10:53 AM",Poojitha Arangam,pooji369a@gmail.com,Naga Kiran Varanasi,,Bengaluru,McDonald's,4,$7.25,,pending,Big Spicy Chicken Wrap (Qty: 1); Chicken Maharaja Mac Burger Combo (Qty: 1); Coke (Qty: 1); Indulge Choco Jar Dessert (Qty: 1)
N8iQTI7EKoHEvP4vMxpz,"Jul 11, 2025, 10:18 AM",Nicole Aryn Dela Cruz,nicolearyn.delacruz18@gmail.com,Siddharth Khulbe,,Delhi,Starbucks Coffee,2,$9.42,,pending,Java Chip Frappuccino. (Qty: 1); Chicken Tikka Sandwich? (Qty: 1)
AFS1SwFkK5DMOkR5cEpl,"Jul 10, 2025, 03:30 PM",Ravi Kaju,ravi1337kaji@gmail.com,Aman,,Bengaluru,Glen's Bakehouse,6,$8.30,,pending,Mushroom Puff (Qty: 1); Chicken Puff (Qty: 1); Filled Vanilla Donut (Qty: 1); Blueberry Donut (Qty: 1); Cup Cake Small Red Velvet El  (pack Of 6) (Qty: 1); Cheese Croissant (Qty: 2)
vzNW4SgwGDXPADQpzUUg,"Jul 10, 2025, 03:24 PM",Ravi Kaju,ravi1337kaji@gmail.com,Rhythm,,Patna,KFC,2,$5.64,,pending,Smoky Red Grilled Chicken - 2 pc (Qty: 1); Popcorn Chicken Rice Bowl - Biryani Style (Qty: 1)
GKrFrwD1og3KYjslwNgq,"Jul 10, 2025, 03:17 PM",Ravi Kaju,ravi1337kaji@gmail.com,Aman,,Bengaluru,Subway,1,$3.11,,pending,Tandoori Chicken Tikka Sandwich (Qty: 1)
72oC73mo1yWn8UNYz3u3,"Jul 9, 2025, 04:12 PM",Ravi Kaju,ravi1337kaji@gmail.com,Aman,,Bengaluru,Subway,1,$6.45,,pending,Chicken Keema Melt (Qty: 2)
Qd6x3uNv5GzosswMQ5ku,"Jul 9, 2025, 04:10 PM",Ravi Kaju,ravi1337kaji@gmail.com,Aman,,Bengaluru,The Rameshwaram Cafe,1,$2.18,,pending,Garlic Roast Dosa (Qty: 1)
0jNdFbDVm81RJfrNsygw,"Jul 8, 2025, 11:12 AM",Ravi Kaju,ravi1337kaji@gmail.com,Aman,,Bengaluru,Subway,1,$3.87,,pending,Cheesy American BBQ (Qty: 1)
Aeha8vhIbyw4GHEBykra,"Jul 8, 2025, 04:24 AM",Ravi Kaju,ravi1337kaji@gmail.com,Aman,,Bengaluru,Daily Kitchen - Everyday Homely Meals,1,$3.39,,pending,Masala Chicken - Everyday Thali (Qty: 1)
cRmDs3ha7aRFYB2SIJDO,"Jul 7, 2025, 09:53 PM",Ravi Kaju,ravi1337kaji@gmail.com,Rhythm anand,,Patna,Domino's Pizza,1,$4.21,,pending,Taco Mexicana Non Veg (Qty: 2)
iPCCgwX0VIdep2d8nDui,"Jul 7, 2025, 07:18 PM",Ravi Kaju,ravi1337kaji@gmail.com,Rhythm anand,,Patna,KFC,2,$3.94,,pending,Popcorn Chicken Rice Bowl - Biryani Style (Qty: 1); Virgin Mojito Reusable Bottle (Qty: 1)
2kdX8XyD5l0jlpZXf0rL,"Jul 7, 2025, 04:46 PM",Ravi Kaju,ravi1337kaji@gmail.com,Aman,,Bengaluru,Subway,1,$3.70,,pending,Cheesy Lamb Pepperoni (Qty: 1)
pufXfykqT9a8wYJSq4CN,"Jul 7, 2025, 02:34 PM",Ravi Kaju,ravi1337kaji@gmail.com,Rhythm Anand,,Patna,Pizza Hut,1,$5.76,,pending,Cheezy Cheese Chicken & Loaded BBQ Non-Veg Combo (Qty: 1)
44LoSOohEpbFNhr6QDBL,"Jul 7, 2025, 01:25 PM",Ravi Kaju,ravi1337kaji@gmail.com,Rhythm,,Patna,KFC,1,$4.21,,pending,Hot Chicken Wings - 4 pcs (Qty: 2)
7kdiy04kvJnhAFKVdeGi,"Jul 7, 2025, 01:21 PM",Ravi Kaju,ravi1337kaji@gmail.com,Aman,,Bengaluru,The Morning Crumb,1,$4.47,,pending,Chicken English breakfast (Qty: 1)
EM4pIAkdAlU5HpqXJ04V,"Jul 6, 2025, 08:30 PM",Sukhjot Singh,sukhjotbedi@gmail.com,Jasleen Arora,,Ludhiana,Hutea The Tea Hut,3,$10.46,,pending,Tadka Maggi (Qty: 1); Cigar Rolls (Qty: 1); Hazlenut Cold Coffee (Qty: 1)
PzhkpovnMEx9RxYJjSG4,"Jul 6, 2025, 04:47 PM",Ravi Kaju,ravi1337kaji@gmail.com,Aman,,Bengaluru,Shanmukha Restaurant,1,$3.83,,pending,Shanmukha Chicken Fry Piece Biryani (Qty: 1)
bQc0cbCSs96lqnQvIxeK,"Jul 6, 2025, 04:46 PM",Ravi Kaju,ravi1337kaji@gmail.com,Aman,,Bengaluru,The Rameshwaram Cafe,1,$2.18,,pending,Garlic Roast Dosa (Qty: 1)
nP8DmYklOaBTEF5RBbYG,"Jul 6, 2025, 01:29 PM",Ravi Kaju,ravi1337kaji@gmail.com,Aman,,Bengaluru,Subway,1,$3.87,,pending,Tuna Signature Wrap (Qty: 1)
vUn3ovFpfTtMqK2hbvmJ,"Jul 6, 2025, 09:22 AM",Ravi Kaju,ravi1337kaji@gmail.com,Rhythm Anand,,Patna,KFC,1,$4.70,,pending,Chicken Mingles Bucket (Qty: 1)
anvoFzPYC0v84f5zkHJA,"Jul 6, 2025, 09:20 AM",Ravi Kaju,ravi1337kaji@gmail.com,Rhythm Anand,,Patna,KFC,2,$5.86,,pending,Chicken Popcorn - Large (Qty: 1); Smoky Red Grilled Chicken - 2 pc (Qty: 1)
j3h8yPGN5hxgvRO3qddz,"Jul 6, 2025, 08:33 AM",Satyabrata Majumder,majumder.satyabrata@gmail.com,Prabir Mukherjee,,Kolkata,Hindusthan Sweets,5,$7.36,,pending,Rasogolla (5 Pieces) (Qty: 2); Dalpoori & Aludom (4pcs) (Qty: 1); Amrito Poyodhi (500gm) (Qty: 1); Plain Doi (Qty: 1); Rajbhog (2pcs) (Qty: 2)
aeWBDjUzFm9FL0UZ3Us3,"Jul 6, 2025, 08:04 AM",Poojitha Arangam,pooji369a@gmail.com,Naga Kiran Varanasi,,Bengaluru,Krispy Kreme - Doughnuts & Coffee,1,$10.58,,pending,Party Doughnut Box - Buy 9 Get 3 Free Assorted (Qty: 1)
nhv1YdcwySJAf1pgUtzE,"Jul 6, 2025, 05:56 AM",Ravi Kaju,ravi1337kaji@gmail.com,Aman,,Bengaluru,The Bihari Rasoi,1,$6.47,,pending,Champaran mutton handi (Qty: 1)
7Uh4L3Z659uvzV0PiEKx,"Jul 6, 2025, 05:55 AM",Ravi Kaju,ravi1337kaji@gmail.com,Aman,,Bengaluru,The Bihari Rasoi,1,$6.47,,pending,Champaran mutton handi (Qty: 1)
yEezT1ktZ6Knl8cU2MBF,"Jul 6, 2025, 03:53 AM",Eren Jaeger,erenjaeger2k4@gmail.com,Harjeet Kaur ,,Jalandhar,Luv Bite,2,$6.36,,pending,Mixed Idli 5 pcs (Qty: 2); Paneer Fingers (Qty: 1)
PMrbDVy4x5k3QbNitzir,"Jul 5, 2025, 08:59 AM",Ravi Kaju,ravi1337kaji@gmail.com,Aman,,Bengaluru,Glen's Bakehouse,2,$9.89,,pending,"Lemon Mini Tart (pack Of 6) (Qty: 1); 11"" Sourdough Nonveg Smoked Chicken (Qty: 1)"
j4ZaSudIDtBZD5qWAPcJ,"Jul 5, 2025, 08:10 AM",Ravi Kaju,ravi1337kaji@gmail.com,Rhythm anand,,Patna,KFC,2,$7.63,,pending,Hot Chicken Wings - 4 pcs (Qty: 1); Zinger Pro Burger & Popcorn Meal (Qty: 1)
XeB0tnRs1fKHrRBJB4sd,"Jul 5, 2025, 12:58 AM",Ravi Kaju,ravi1337kaji@gmail.com,Aman,,Bengaluru,Kabab Magic,3,$4.12,,pending,Rumali Roti (Qty: 1); Paratha (Qty: 2); Grilled Chicken (Qty: 1)
71blXJB4jdUbMKq1PNEw,"Jul 5, 2025, 12:53 AM",Ravi Kaju,ravi1337kaji@gmail.com,Aman,,Bengaluru,The Rameshwaram Cafe,1,$2.18,,pending,Garlic Roast Dosa (Qty: 1)
dt8yP8S5gXupp341unQR,"Jul 5, 2025, 12:21 AM",Divleen Kaur,divleen_k81@hotmail.com,Mrs. Jasbir Kaur,,Gurugram,Bakers Oven,4,$13.54,,pending,Black Forest Cake (Qty: 1); Chicken Puff (Qty: 2); Veg Puff (Qty: 2); Paneer Puff (Qty: 2)
YuvFwmjOwTM5UVlIEQhP,"Jul 4, 2025, 03:19 PM",Ravi Kaju,ravi1337kaji@gmail.com,Aman,,Bengaluru,Pizza Hut,1,$5.86,,pending,Create your Melts Box of 2 Non-Veg (Qty: 1)
OqszO0tTcrHmtjVVryqT,"Jul 3, 2025, 08:47 PM",Sukhjot Singh,sukhjotbedi@gmail.com,Jasleen Arora,,Ludhiana,Gujral Vaishno Dhaba,2,$2.91,,pending,Tawa Gobi Paratha (Qty: 2); Tawa Onion Parantha (Qty: 1)
193lCIfDPml4IcICHmAg,"Jul 3, 2025, 08:40 PM",Sukhjot Singh,sukhjotbedi@gmail.com,Jasleen Arora,,Ludhiana,Rekhi Fruit Chaat And Juice,1,$5.41,,pending,Indian Fruit Chaat (400 Gms) (Qty: 2)
KGEVSn8T6oXxx7hb6Btd,"Jul 2, 2025, 04:37 PM",Namrata Chatterjee,namchatterjee@gmail.com,Mita Chatterjee,,Kolkata,Bangaliana,2,$12.48,,pending,Ghugni With Luchi Combo (Qty: 2); Koraishutir Kochuri (4Pc) With aloo dum (Qty: 2)
UecPZpFp1cvn1ZaLwf04,"Jul 1, 2025, 02:07 AM",Gurinder singh,gurindernangla9302@gmail.com,Diksha ,,N/A,Pav Bhaji Express,1,$4.94,,pending,Amul Pav Bhaji (Qty: 3)
3FG8WA0QIeGBlovGf66i,"Jun 29, 2025, 03:49 PM",raghav vadehra,raghavvadehra265@gmail.com,Rakesh vadehra,,Jalandhar,Lovely Sweets,1,$6.50,,pending,Burfi Khoya Brown 1 Kg (Qty: 2)
Zo5ZpbW1MYwdsZdb8RHH,"Jun 29, 2025, 03:45 PM",raghav vadehra,raghavvadehra265@gmail.com,Rakesh vadehra ,,Jalandhar,Lovely Bake Studio,5,$5.66,,pending,Rusk Elaichi Bk 150 Gms (Qty: 1); Veg Patties (Qty: 6); Cream Roll (Qty: 2); Roll Kabab (Qty: 2); White Sauce Pasta Bowl (Qty: 2)
L3DHPXz2zpBjEYSdQeuc,"Jun 29, 2025, 03:40 PM",raghav vadehra,raghavvadehra265@gmail.com,Rakesh vadehra,,Jalandhar,Super Cremica Sweets,1,$3.30,,pending,Super Cremica Special Family Pack (Qty: 1)
UmR5B3JK6U48AmSUtrPi,"Jun 28, 2025, 08:53 PM",Sukhjot Singh,sukhjotbedi@gmail.com,Jasleen Arora,,Ludhiana,Hutea The Tea Hut,2,$7.58,,pending,Cigar Rolls (Qty: 1); Hazlenut Cold Coffee (Qty: 1)
1iwz9KuTlTt65v5hkoZo,"Jun 28, 2025, 01:46 PM",raghav vadehra,raghavvadehra265@gmail.com,Rakesh vadehra,,Jalandhar,Food Bazar,2,$7.42,,pending,Amritsari Kulcha Chana (Qty: 4); Masala Tea (Qty: 2)
6xqtgp5agMYcx96Ped22,"Jun 27, 2025, 09:45 AM",Nick Truxal,nick.truxal@gmail.com,Hari,,Chennai,Id - Chennai's Everyday Soulful,2,$3.12,,pending,Pongal Vada Combo (pongal + Medhu Vada 1 Pcs) (Qty: 1); Tea 200ml (Qty: 1)
pAVCPDO01ZCPxJbxOZEN,"Jun 27, 2025, 07:27 AM",Nick Truxal,nick.truxal@gmail.com,Silky Gulati,,New Delhi,Domino's Pizza,2,$6.09,,pending,Classic Stuffed Garlic Bread (Qty: 1); Farmhouse Cheese Burst (Qty: 1)
UcNbZuPG4OdWrXh0Rs9g,"Jun 27, 2025, 06:20 AM",Nick Truxal,nick.truxal@gmail.com,Alok Singh,,Noida,Dunkin' - Donuts & Coffee,1,$3.53,,pending,Dunkin' Hot Chocolate. (Qty: 1)
53NlAAZh9AjwyxyLUnGA,"Jun 27, 2025, 06:19 AM",Nick Truxal,nick.truxal@gmail.com,Alok Singh,,Noida,The Good Bowl,1,$3.05,,pending,Chicken Biryani Bowl (Boneless) (Qty: 1)
ktW08P2Q93ekgLq27Btt,"Jun 27, 2025, 06:00 AM",Nick Truxal,nick.truxal@gmail.com,Prashant,,Bengaluru,KFC,2,$7.27,,pending,Indian Tandoori Roll Chicken Meal (Qty: 1); Cold Coffee - Reusable Bottle (Qty: 1)
WNUHBI8wxSBBGgkT769H,"Jun 25, 2025, 04:02 AM",George Hopkins,georgehopkins19787@gmail.com,Abhishek,,Patna,Grubbin Cloud kitchen,1,$7.96,,pending,Cheese Ball With Hot & Garlic sauce  (Veg) (Qty: 2)
KUJ8d2ytzaME2rPXNaig,"Jun 25, 2025, 02:31 AM",George Hopkins,georgehopkins19787@gmail.com,Abhishek,,Patna,KFC,1,$3.87,,pending,Zinger Pro Pepsi Bottle Combo (Qty: 1)
0GqqDlaze1431g64w9Ah,"Jun 25, 2025, 02:21 AM",George Hopkins,georgehopkins19787@gmail.com,Abhishek,,Patna,KFC,2,$9.75,,pending,Hot Chicken Wings - 4 pcs (Qty: 2); Saucy Popcorn x CarryMinati (Qty: 2)
pO09eTWjkN6duMvhaoca,"Jun 25, 2025, 12:14 AM",George Hopkins,georgehopkins19787@gmail.com,Abhishek,,Patna,Champaran Meat House,1,$2.81,,pending,Mutton Jeera Rice (Plate)                            (Qty: 1)
eAc5h80XThVvj4dxJf81,"Jun 24, 2025, 01:28 AM",Kushal Sharma,georgehopkins19787@gmail.com,Abhishek,,Patna,Domino's Pizza,3,$10.15,,pending,Chicken Parcel (Qty: 4); Taco Mexicana Non Veg (Qty: 2); Chicken Sausage Pizza (Qty: 1)
DfpTmq18LBBQ5rpFCHmj,"Jun 24, 2025, 01:24 AM",Kushal Sharma,georgehopkins19787@gmail.com,Abhishek,,Patna,Domino's Pizza,1,$9.99,,pending,Korean Chicken Burst (Med) (Qty: 1)
8Rds70mn0DZoZTkTztN8,"Jun 23, 2025, 09:39 PM",Kushal Sharma,georgehopkins19787@gmail.com,Abhishek,,Patna,Raj Champaran Meat House,2,$3.77,,pending,Chicken stew [4 pieces] (Qty: 1); Ghee jeera rice [1 plate] (Qty: 1)
0AcNLbox2CkE4K3jQv8J,"Jun 23, 2025, 08:27 PM",Mihir Jayavant,mihirjay@gmail.com,Nitin Deshpande,,Dombivli,Merwans Cake Stop,18,$15.24,,pending,Dutch Truffle Pastry             (Qty: 1); Pineapple Pastry (Qty: 1); Veg Pattice(1 Pc) (Qty: 6); Mini Veg Pizza (Qty: 2); Vegetable Bun (Qty: 1); Chocolate Crackle Pastry [1Pc] (Qty: 1); Walnut Brownie (Qty: 1); Mawa Samosa Puff (Qty: 2); Veg Kolhapuri Roll (Qty: 2); Calzone Veg (Qty: 1); Paneer Pattice (Qty: 2); Veg Cheese Roll (Qty: 1); Raspberry Baked Cheese Cake (Qty: 1); Vanilla Tres Leches (Qty: 1); Royal Rajbhog Pastry (Qty: 1); Mawa Cupcake [Veg] (Qty: 1); Blueberry[Veg] (Qty: 1); Walnut[Veg] (Qty: 1)
f5YwDTF3X4ISE8VojPFz,"Jun 22, 2025, 10:57 PM",Amruthavarshini Jayapragasam,amruthavarshutj21@gmail.com,SUBRAMANI,,Bengaluru,Meghana Foods,1,$8.24,,pending,Chicken Biryani (Qty: 2)
7Pnx5dt9qXlgoI5lPRFD,"Jun 22, 2025, 08:48 PM",Sukhjot Singh,sukhjotbedi@gmail.com,Jasleen Arora,,Ludhiana,Rekhi Fruit Chaat And Juice,1,$2.71,,pending,Indian Fruit Chaat (400 Gms) (Qty: 1)
D1SqOOyMBC1kNTx90qqt,"Jun 21, 2025, 11:05 PM",Raj Sundaram,rajgt40@gmail.com,Girija Sundaram,,Chennai,Sashwatha Cafe,3,$7.36,,pending,Akki Roti (Qty: 1); Veg Biriyani (Qty: 1); Lunch Special Meal (Qty: 1)
ZCtqISE4UuQ2dnG90mA3,"Jun 21, 2025, 03:28 AM",Kushal Sharma,georgehopkins19787@gmail.com,Shubham,,Patna,Bay Of Biryani,2,$8.76,,pending,Paneer Tikka Kebab [4 Pieces] (Qty: 2); Cheese Balls [4 Pieces] (Qty: 4)
a313uCjrjmszdDpBrrBy,"Jun 21, 2025, 03:19 AM",Kushal Sharma,georgehopkins19787@gmail.com,Shubham,,Patna,"Krazy Kebab Co.-Fried Chicken, Burgers & Meals",1,$2.33,,pending,Southern Fried Chicken Popcorn (Qty: 2)
vOkNrxTGLlb1FhjdFMuh,"Jun 19, 2025, 08:50 PM",Sukhjot Singh,sukhjotbedi@gmail.com,Jasleen Arora,,Ludhiana,Hutea The Tea Hut,3,$8.58,,pending,Aloo Masala Grilled Sandwich  (Qty: 1); Hazlenut Cold Coffee (Qty: 1); Potato wedges (Qty: 1)
XFfZpgT9biuYR7xssL4j,"Jun 18, 2025, 08:21 AM",Eren Jaeger,erenjaeger2k4@gmail.com,Ayush madarchod ,,Gurugram,Pizza Galleria,3,$6.89,,pending,Choco Lava (Qty: 1); Paneer Overloaded Pizza (Qty: 1); Cheese Garlic Bread (Qty: 1)
H6PBG5OrZbbdH23Rd8AG,"Jun 18, 2025, 04:11 AM",raghav vadehra,raghavvadehra265@gmail.com,Rakesh vadehra,,Jalandhar,Bombay Chaupati,3,$4.24,,pending,Vada Pav (Qty: 1); Cheese Salad Burger (Qty: 4); Veg Noodle (Qty: 1)
0Nvgattrshiy2enr5z6S,"Jun 17, 2025, 09:01 PM",Sukhjot Singh,sukhjotbedi@gmail.com,Jasleen Arora,,Ludhiana,Rekhi Fruit Chaat And Juice,1,$5.41,,pending,Indian Fruit Chaat (400 Gms) (Qty: 2)
eAEJQVI1ul3rDFXM9vjP,"Jun 17, 2025, 09:00 PM",Sukhjot Singh,sukhjotbedi@gmail.com,Jasleen Arora,,Ludhiana,Starbucks Coffee,1,$4.88,,pending,Chai Tea Latte (Qty: 1)
aaRqvxvX5jelxQpoNZ7G,"Jun 17, 2025, 07:43 PM",Ravi Kaju,ravi1337kaji@gmail.com,Aman,,Bengaluru,The Rameshwaram Cafe,2,$3.41,,pending,Garlic Roast Dosa (Qty: 1); Carrot Halwa (Qty: 1)
9PYk2gxrAcFJr0EHr0E3,"Jun 17, 2025, 09:17 AM",Poojitha Arangam,pooji369a@gmail.com,Naga Kiran Varanasi,,Bengaluru,McDonald's,2,$5.67,,pending,Big Spicy Chicken Wrap (Qty: 1); Chicken Maharaja Mac Burger Combo (Qty: 1)
S6Uv7t65J9MtuKTWI0P8,"Jun 17, 2025, 08:27 AM",Ravi Kaju,ravi1337kaji@gmail.com,Aman,,Bengaluru,Chowman,2,$15.54,,pending,Crab Meat Soup Withwine (Qty: 2); Seafood Ramen (Qty: 2)
aOGC3NSRQ1JTW8qTpRZT,"Jun 17, 2025, 08:24 AM",Nick Truxal,nick.truxal@gmail.com,Silky Gulati,,New Delhi,Domino's Pizza,1,$4.10,,pending,Farmhouse Cheese Burst (Qty: 1)
f4DCDgZP1Ip2ujp8moAp,"Jun 17, 2025, 07:30 AM",Nick Truxal,nick.truxal@gmail.com,Alok Singh,,Noida,Chelvies Coffee,1,$4.47,,pending,Hot Chocolate 72 (Qty: 1)
wxZH29Bg4Zt3CX7Aj782,"Jun 17, 2025, 07:29 AM",Nick Truxal,nick.truxal@gmail.com,Alok Singh,,Noida,The Postman Kitchen,3,$5.12,,pending,Plain Naan (Qty: 1); Butter Chicken (Qty: 1); Butter Naan (Qty: 1)
1GoumGrk1AQhTEVTbaFi,"Jun 17, 2025, 06:41 AM",Nick Truxal,nick.truxal@gmail.com,Prashant,,Bengaluru,McDonald's,2,$7.85,,pending,Hot Chocolate (R) (Qty: 1); Korean Mc Spicy Premium Chicken Burger Combo (M). (Qty: 1)
fhPhWzC4689E1OH0GPw0,"Jun 17, 2025, 01:20 AM",Tausif Khan,funckewerner@proton.me,Hassan,,Madhupur Part,Freezing Point,6,$23.30,,pending,Butterscotch Sundae (Qty: 4); Chocolate Sundae (Qty: 4); Kesar Pista Sundae (Qty: 4); Strawberry Sundae (Qty: 4); Tutti Frutti Sundae (Qty: 4); Vanilla Sundae (Qty: 4)
vP2dNtrpxXQOrpd2NPUA,"Jun 16, 2025, 07:17 PM",Ravi Kaju,ravi1337kaji@gmail.com,Rhythm,,Patna,KFC,2,$9.98,,pending,Zinger Pro Burger & Popcorn Meal (Qty: 1); Spicy Zinger Burger and Chicken Meal (Qty: 1)
5lak85Oswmd1tdKap8SG,"Jun 16, 2025, 11:14 AM",Ravi Kaju,ravi1337kaji@gmail.com,Aman,,Bengaluru,Louis Burger,3,$12.46,,pending,Smash Lamb Cheese Burger (Qty: 2); Animl Style Fries (Qty: 1); Cheese Sauce (Qty: 2)
TkQl2b91xbPPylupVD9G,"Jun 16, 2025, 02:46 AM",Ravi Kaju,ravi1337kaji@gmail.com,Aman,,Bengaluru,Biggies Burger,2,$7.63,,pending,The Original Lamb Burger (Qty: 1); Afghani Lamb Burger (Qty: 1)
85PZjzNckC3DnA4PUrIK,"Jun 15, 2025, 04:41 AM",Uma Atmakuri,uma.atmakuri@gmail.com,Ramarao atmakuri,,Visakhapatnam,Domino's Pizza,2,$5.45,,pending,Fresh Veggie Pizza (Qty: 1); Taco Mexicana Veg (Qty: 1)
weNQs6Yrouk4oKMICpqR,"Jun 15, 2025, 03:50 AM",Sandeep Kaur,sandhu.sandy10@gmail.com,Avtar Singh Parmar,,Phagwara,Hungry Point,1,$6.70,,pending,Tandoori Paneer Pizza (Qty: 1)
AZw5w98pghl1123EVppi,"Jun 15, 2025, 03:47 AM",Sandeep Kaur,sandhu.sandy10@gmail.com,Avtar Singh Parmar,,Phagwara,Bell's Icecream Gallery,5,$8.33,,pending,Strawberry Surprise Sundae (Qty: 1); Mango Mania Sundae (Qty: 1); Tutti Fruity Glass Sundae (Qty: 1); Hot Chocolate Fudge Sundae (Qty: 1); Butterscotch Fudge Sundae (Qty: 1)
2e4n6SQGwwUeTaSzmA4t,"Jun 15, 2025, 01:29 AM",Poojitha Arangam,pooji369a@gmail.com,Naga Kiran Varanasi,,Bengaluru,RNR Biryani - Taste of 1953,3,$6.67,,pending,Donne Mutton Biryani (Regular Packaging) (Qty: 1); Rnr Special Chicken Kshatriya Kebab (Qty: 1); Thums Up 600ml (Qty: 1)
XbWyWZP6ZA7RDTkYIn24,"Jun 15, 2025, 12:46 AM",Rachna Mathur,mathurachna@gmail.com,Renuka Lal,,Hyderabad,45th Avenue by Karachi Bakery,6,$46.20,,pending,Chilli Fish (Qty: 1); Manchow Soup (Qty: 1); Baked New York Cheese Cake (500 Gms) (Qty: 1); Egg Hakka Rice + Chicken Hot Garlic Sauce + Kimchi Salad (Qty: 1); Belgium Chocolate Cake (Qty: 1); Hot-n-sour Soup (Qty: 1)
urCQWBtdRWB7Vl6CCn9L,"Jun 14, 2025, 09:06 PM",raghav vadehra,raghavvadehra265@gmail.com,Rakesh vadehra,,Jalandhar,Delhi Ke Mashoor Nagpal'S Chole Bhature,1,$1.80,,pending,Spl. Chole Bhature Paneer Wale (Qty: 2)
y7BDpGuMOAEKu1wopy1s,"Jun 14, 2025, 02:48 PM",raghav vadehra,raghavvadehra265@gmail.com,Rakesh vadehra,,Jalandhar,AAR KAY Vaishno Dhaba (Nakodar Road),2,$4.59,,pending,Dal Fry (desi Ghee) (Qty: 2); Aloo Gobi (Qty: 1)
QbIaxYK7euNc9Aa3soL2,"Jun 14, 2025, 02:36 PM",raghav vadehra,raghavvadehra265@gmail.com,Rakesh vadehra,,Jalandhar,Lovely Bake Studio,4,$4.20,,pending,Pastry Butter Scotch Small (Qty: 4); Cream Roll (Qty: 1); Roll Kabab (Qty: 2); Pasta Bowl (Qty: 2)
TvTX23wVLHXz0mJ5Wqe4,"Jun 14, 2025, 02:32 PM",raghav vadehra,raghavvadehra265@gmail.com,Rakesh vadehra,,Jalandhar,AAR KAY Vaishno Dhaba (Nakodar Road),2,$7.53,,pending,Mixed Prantha (Qty: 5); Amritsari Kulcha Chana (Qty: 2)
D0CkMruExSH3VTFYQyaR,"Jun 13, 2025, 10:45 PM",Tausif Khan,funckewerner@proton.me,Hassan,,Madhupur Part,Freezing Point,1,$21.77,,pending,Red Bull (Qty: 10)
eb0EWLZrKa05kFhsPQ1p,"Jun 13, 2025, 10:30 AM",Poojitha Arangam,pooji369a@gmail.com,Naga Kiran Varanasi,,Bengaluru,Meghana Foods,3,$7.44,,pending,Chicken Kabab (Qty: 1); Meghana Special Biryani (Qty: 1); Thums Up Tin 330 Ml (Qty: 2)
v1Nph1d6x7KZoOqcsB35,"Jun 13, 2025, 02:52 AM",raghav vadehra,raghavvadehra265@gmail.com,Rakesh vadehra,,Jalandhar,Ravi Ice Cream and Juice,3,$4.23,,pending,Mix Fruit Juice (Qty: 4); Mango Shake with Ice Cream (Qty: 1); Ro Crystal Ice Cubes (1Kg) (Qty: 1)
HBewjyC0v3BC2hyytQJR,"Jun 12, 2025, 09:51 AM",Poojitha Arangam,pooji369a@gmail.com,Naga Kiran Varanasi,,Bengaluru,Meghana Foods,1,$3.62,,pending,Non Veg Tandoori Today Spl (Qty: 1)
WiB8N3wGUtbs3HyYQq5F,"Jun 12, 2025, 08:44 AM",Amruthavarshini Jayapragasam,amruthavarshutj21@gmail.com,Subramani,,Bengaluru,Thalairaj Biryani,2,$4.28,,pending,Chicken Dum Biryani (650 gms) (Qty: 1); Gulab Jamun (2pcs) (Qty: 1)
2VggtQZL98Qdc5dfHTrf,"Jun 11, 2025, 08:29 AM",Poojitha Arangam,pooji369a@gmail.com,Naga Kiran Varanasi,,Bengaluru,Nandhana Palace,2,$7.15,,pending,Nandhana Special Andhra Single Meal (Qty: 1); Fish Fry (Qty: 1)
u0z9wqSMMq8KEaQmGWHn,"Jun 10, 2025, 11:47 PM",Divleen Kaur,divleen_k81@hotmail.com,Kawaljit,,New Delhi,KFC,4,$11.13,,pending,Hot Chicken Wings - 4pc (Qty: 1); Chicken Popcorn - Medium (Qty: 1); Double Chicken Roll (Qty: 1); Indian Tandoori Roll Chicken Meal (Qty: 1)
3tEwxXLZ2bsJGUy5biDE,"Jun 9, 2025, 10:39 AM",Poojitha Arangam,pooji369a@gmail.com,Naga Kiran Varanasi,,Bengaluru,Meghana Foods,1,$3.18,,pending,Chicken Boneless Biryani (Qty: 1)
xN9eup0iPEFdKLclFqI3,"Jun 9, 2025, 05:29 AM",MEETA SRIVASTAVA,meetasidd@gmail.com,Shri Kapil Kumar,,Vadodara,Bakingo,1,$6.46,,pending,Butterscotch Anniversary Poster Cake (500gm) (Qty: 1)
qh3FBldtVBfa9FEiOmiT,"Jun 7, 2025, 07:03 PM",vijaya b,thirumala.vijaya@gmail.com,munaiah,,N/A,Deccan spice family restaurant,2,$17.17,,pending,Special Chicken Biryani (Qty: 1); Chicken 65 (Qty: 1)
hrqmsgFtQ11cvsYgtMYK,"Jun 7, 2025, 09:38 AM",raghav vadehra,raghavvadehra265@gmail.com,Rakesh vadehra,,Jalandhar,Model Town ke Famous Channa Kulche,2,$4.12,,pending,Channa kulcha [3 pieces] (Qty: 4); Chana Bhature [2 Pieces] (Qty: 1)
O4dqRd0zMlYcWimMoFej,"Jun 7, 2025, 03:59 AM",Poojitha Arangam,pooji369a@gmail.com,Naga Kiran Varanasi,,Bengaluru,McDonald's,3,$8.88,,pending,Big Spicy Chicken Wrap (Qty: 1); Chicken Maharaja Mac Burger Combo (Qty: 1); McSpicy Chicken Burger Combo (Qty: 1)
Z4iJ3Biq9xolhiN3RjdP,"Jun 5, 2025, 10:58 PM",Portia Cooper,portiacooper06@gmail.com,Ferdinand,,Chennai,Krispy Kreme - Doughnuts & Coffee,1,$4.71,,pending,Doughnut Box - Original Glazed Buy 4 Get 2 Free (Qty: 1)
UBeHUbeTatMuOdV7Qznl,"Jun 4, 2025, 09:07 AM",Poojitha Arangam,pooji369a@gmail.com,Naga Kiran Varanasi,,Bengaluru,"Dindigul Thalappakatti - Since 1957
",2,$7.63,,pending,Mutton Liver Roast (Qty: 1); Thalappakatti Naidu Mutton Biryani (Qty: 1)
buTJRYpTPpu4gtpvyDpz,"Jun 4, 2025, 12:59 AM",Sukhjot Singh,sukhjotbedi@gmail.com,Jasleen Arora,,Ludhiana,Tim Hortons,1,$4.47,,pending,Iced Caramel Macchiato (Qty: 1)
y6KU5MSsTNuzASIasYL3,"Jun 4, 2025, 12:33 AM",Sukhjot Singh,sukhjotbedi@gmail.com,Jasleen Arora,,Ludhiana,Rekhi Fruit Chaat And Juice,1,$5.41,,pending,Indian Fruit Chaat (400 Gms) (Qty: 2)
0BcMyoefYSCGX4T3wCGR,"Jun 4, 2025, 12:07 AM",Tausif Khan,funckewerner@proton.me,Hassan Raza,,New Delhi,Biryani Blues,1,$4.70,,pending,Hyderabadi Chicken Dum Biryani (Leg Pcs) (Qty: 1)
rmWXaUJEKNlvIcCwZbuf,"Jun 3, 2025, 07:00 PM",raghav vadehra,raghavvadehra265@gmail.com,Rakesh vadehra,,Jalandhar,Ravi Ice Cream and Juice,1,$3.53,,pending,Pineapple Juice (Qty: 5)
YhozRVcDt5A1Cxm7hsiE,"Jun 3, 2025, 05:18 PM",Mihir Jayavant,mihirjay@gmail.com,Nitin Deshpande,,Dombivli,Merwans Cake Stop,18,$11.39,,pending,Dutch Truffle Pastry             (Qty: 1); Pineapple Pastry (Qty: 1); Butterscotch Pastry [1Pc] (Qty: 1); Chicken Garlic Pattice(1 Pc) (Qty: 1); Walnut Brownie (Qty: 1); Chicken Pizza (Qty: 1); Mawa Samosa Puff (Qty: 1); Veg Kolhapuri Roll (Qty: 1); Tandoori Chicken Tikka Roll (Qty: 1); Tandoori Chicken Pattice(1 Pc) (Qty: 1); Chicken Pattice [1Pc] (Qty: 1); Paneer Pattice (Qty: 1); Chicken Cheese Roll (Qty: 1); Chicken Calzone (Qty: 1); Chicken Bun (Qty: 1); Royal Rajbhog Pastry (Qty: 1); Tandoori Chicken Pizza (1 Slice) (Qty: 1); Mango Tres Leches (Qty: 1)
uHPRCDUJvKPDSay6Flrs,"Jun 2, 2025, 10:41 PM",Tausif Khan,funckewerner@proton.me,Hassan Raza,,New Delhi,California Burrito,1,$21.24,,pending,Red Bull Can (Qty: 10)
Q8dkPoPB1OxFRJjAv3zM,"Jun 2, 2025, 10:38 PM",Tausif Khan,funckewerner@proton.me,Nazim Mansuri,,Madhupur,Freezing Point,1,$21.77,,pending,Red Bull (Qty: 10)
0uWTWCxsmk6Lw3t4Aqdf,"Jun 2, 2025, 05:57 PM",raghav vadehra,raghavvadehra265@gmail.com,Rakesh vadehra,,Jalandhar,Lovely Sweets,2,$5.49,,pending,Burfi Khoya Nariyal 1 Kg (Qty: 1); Ladoo Jodhpuri Motichoor 1 Kg (Qty: 1)
WWRgBdqSo5QsKb9N994l,"Jun 2, 2025, 02:34 AM",Poojitha Arangam,pooji369a@gmail.com,Naga Kiran Varanasi,,Bengaluru,Meghana Foods,3,$9.58,,pending,Lemon Chicken (Qty: 1); Chicken Boneless Biryani (Qty: 1); Paneer Biryani (Qty: 1)
gyx4YGCYV6l9sW3VvDeY,"May 30, 2025, 08:01 PM",Banu M,baanum13@gmail.com,Lakshya lav,,Chennai,Chennai Kalyana Briyani,4,$16.24,,pending,Chicken Lollypop (Qty: 1); Grill Chicken Half (Qty: 1); Chicken 65 Boneless (Qty: 1); Prawn Briyani (650 Gm) (Qty: 1)
x3BAZWhpqBML0IS39HWU,"May 30, 2025, 06:51 PM",Banu M,baanum13@gmail.com,Eswary Agalya ,,Madurai,BtoH - Biriyani To Heaven,9,$28.30,,pending,Lemon Tandoori Chicken (Qty: 1); Butter Garlic Naan (Qty: 1); Chicken 65 (Qty: 1); Chicken Lollypop (Qty: 1); Chettinad Mutton Briyani (Qty: 1); Prawn 65 (Qty: 1); Garlic Chicken Kebab (Qty: 1); Panner Butter Masala (Qty: 1); Andhra Chicken Briayni(bone Less) (Qty: 1)
OHleLym0IOdpbFWmOY0q,"May 30, 2025, 07:41 AM",Poojitha Arangam,pooji369a@gmail.com,Naga Kiran Varanasi,,Bengaluru,Meghana Foods,2,$6.90,,pending,Thums Up Tin 330 Ml (Qty: 1); Tandoori Chicken Platter (Qty: 1)
sL1ydK22MQC5tI3x7fEo,"May 29, 2025, 08:42 AM",Poojitha Arangam,pooji369a@gmail.com,Naga Kiran Varanasi,,Bengaluru,Nandhana Palace,3,$7.61,,pending,Mutton Fry (Qty: 1); Nati Style Donne Mutton Biryani (Qty: 1); Thums Up 600Ml (Qty: 1)
7nXzHTPedKx1yKslDDqs,"May 28, 2025, 09:50 PM",Prishita Ray,prishita.r85@gmail.com,Sutapa Ray,,Bengaluru,Saltlake,3,$6.98,,pending,Chingri Chop (2 Pcs) (Qty: 1); Fish Chop (2 Pcs) (Qty: 1); Radhaballavi 4 Pc Aloo Dum (Qty: 1)
OKFkClT0OrbRyCqovMGJ,"May 28, 2025, 08:55 PM",Sukhjot Singh,sukhjotbedi@gmail.com,Jasleen Arora,,Ludhiana,Oberoi Special,1,$7.83,,pending,Chana Bhature with Milk Badam Combo (Qty: 1)
p24t0OyV4C3fsJh4Ymbn,"May 28, 2025, 05:20 PM",Tausif Khan,funckewerner@proton.me,Hassan Raza,,New Delhi,KFC,2,$3.86,,pending,Spicy Zinger Burger (Qty: 1); Choco Lava Cake (Qty: 1)
FOTEN9CEFF5nj661D3x5,"May 28, 2025, 04:00 PM",raghav vadehra,raghavvadehra265@gmail.com,Rakesh vadehra,,Jalandhar,Prince Chat House,2,$3.77,,pending,Hotdog (Qty: 2); Bhalla papdi chaat (Qty: 4)
3YRYPlRXEI4qTaQXn0jN,"May 27, 2025, 11:35 PM",Sukhjot Singh,sukhjotbedi@gmail.com,Jasleen Arora,,Ludhiana,Starbucks Coffee,1,$3.06,,pending,Masala Chai (Qty: 1)
gUtc0E3m2fv0PDokNqbG,"May 27, 2025, 11:32 PM",Sukhjot Singh,sukhjotbedi@gmail.com,Jasleen Arora,,Ludhiana,Rekhi Fruit Chaat And Juice,1,$5.41,,pending,Indian Fruit Chaat (400 Gms) (Qty: 2)
wSlSGw6pNHrX0Qe9XTkv,"May 27, 2025, 02:27 PM",raghav vadehra,raghavvadehra265@gmail.com,Rakesh vadehra,,Jalandhar,AAR KAY Vaishno Dhaba (Nakodar Road),2,$3.41,,pending,Mix Vegetable (Qty: 1); Dal Fry (desi Ghee) (Qty: 1)
BIJtlCUef86VYB7UuCXa,"May 27, 2025, 02:16 PM",raghav vadehra,raghavvadehra265@gmail.com,Rakesh vadehra,,Jalandhar,Dhanne De Pote Di Hatti,2,$2.30,,pending,Chana Kachori 2 Pcs (Per Plate) (Qty: 1); Poori With Mix Sabzi 2 Pcs (per Plate) (Qty: 2)
LHc13eHGjhR8ApXIqd9q,"May 27, 2025, 06:39 AM",Poojitha Arangam,pooji369a@gmail.com,Naga Kiran Varanasi,,Bengaluru,Harley's Fine Baking,3,$10.86,,pending,Pack Of 4 Cheesecakes And 4 Macarons (Qty: 1); Danish Hazelnut Chocolate Medovik With Macaron (Qty: 1); Millet Chocochip Cookies (Pack Of 6) (Qty: 1)
TQbByvtiU4Nn6m66Z0br,"May 27, 2025, 02:37 AM",Tausif Khan,funckewerner@proton.me,Hassan Raza,,New Delhi,Asif Muradabadi Shahi Biryani & Chicken Corner,1,$3.06,,pending,Beef Biryani (Qty: 1)
QqUacRwFUd27XTuxzHGE,"May 26, 2025, 10:17 PM",raghav vadehra,raghavvadehra265@gmail.com,Rakesh vadehra,,Jalandhar,Dhan Guru Ramdass Sweet Shop,3,$3.77,,pending,Mathi (Qty: 1); Chhota Gulab Jamun (Qty: 1); Til Puga [250 grams] (Qty: 1)
t4dRPRRjNBnTAZ7I5WBk,"May 26, 2025, 09:52 PM",raghav vadehra,raghavvadehra265@gmail.com,Rakesh vadehra,,Jalandhar,Ravi Ice Cream and Juice,1,$4.17,,pending,Mix Fruit Juice (Qty: 6)
0q8cRLN6tLjuAHpNF8dN,"May 25, 2025, 01:23 AM",Poojitha Arangam,pooji369a@gmail.com,Naga Kiran Varanasi,,Bengaluru,Meghana Foods,3,$9.53,,pending,Lemon Chicken (Qty: 1); Chilly Paneer (Qty: 1); Chicken Boneless Biryani (Qty: 1)
f540rbLXVGEhe6vZofas,"May 25, 2025, 12:34 AM",Tausif Khan,funckewerner@proton.me,Hassan Raza,,New Delhi,Thalairaj Biryani,1,$20.97,,pending,Monster Energy Drink (350 Ml) (Qty: 15)
8IhyYPdroO6PgAwx1MIP,"May 24, 2025, 09:31 PM",Sukhjot Singh,sukhjotbedi@gmail.com,Jasleen Arora,,Ludhiana,Rekhi Fruit Chaat And Juice,1,$5.41,,pending,Indian Fruit Chaat (400 Gms) (Qty: 2)
tWBF1rvQPaUHOIbxqVyi,"May 24, 2025, 11:32 AM",raghav vadehra,raghavvadehra265@gmail.com,Rakesh vadehra,,Jalandhar,Kulcha town,3,$4.12,,pending,Chole bhature (Qty: 2); Tandoori Bhtura(2 Piece) (Qty: 2); Rice Chole (Qty: 2)
jyKYYsUZnpRGHLalGrMq,"May 23, 2025, 08:44 AM",Nick Truxal,nick.truxal@gmail.com,Hari,,Chennai,Id - Chennai's Everyday Soulful,2,$3.12,,pending,Pongal Vada Combo (pongal + Medhu Vada 1 Pcs) (Qty: 1); Tea 200ml (Qty: 1)
uc4pb1Mn30KA08qhBkoA,"May 23, 2025, 07:54 AM",Nick Truxal,nick.truxal@gmail.com,Alok Singh,,Noida,BBH The Great Biryani Factory,3,$11.48,,pending,Pepsi Can (Qty: 1); Bawarchi Mutton Biryani [1KG] (Qty: 1); Gulab Jamun Special (Qty: 1)
7QyOAEMNXCdY9KkTM9CW,"May 23, 2025, 05:20 AM",Usha Pedapalli,usha.p7891@gmail.com,Sai Deekshit ,,Bidar,Monginis,1,$5.65,,pending,Black Forest Cake(500gms) (Qty: 1)
9J0nujvabWkbWCcK88kT,"May 22, 2025, 11:17 PM",Sukhjot Singh,sukhjotbedi@gmail.com,Jasleen Arora,,Ludhiana,Starbucks Coffee,1,$3.06,,pending,Masala Chai (Qty: 1)
obAh6ziLvCRJkYaQnghn,"May 22, 2025, 10:58 PM",Sukhjot Singh,sukhjotbedi@gmail.com,Jasleen Arora,,Ludhiana,Rekhi Fruit Chaat And Juice,2,$4.47,,pending,Indian Fruit Chaat (400 Gms) (Qty: 1); Papaya (400 Gms) (Qty: 1)
0l5aPjAtzraZUVshUH1S,"May 20, 2025, 10:05 PM",Sukhjot Singh,sukhjotbedi@gmail.com,Jasleen Arora,,Ludhiana,Bon Gateau,1,$4.94,,pending,Belgian Chocolate Waffle (Qty: 1)
5gq7wiiLw8j4qsGRTi6R,"May 20, 2025, 03:02 AM",Divleen Kaur,divleen_k81@hotmail.com,Kawaljit,,New Delhi,Domino's Pizza,4,$6.53,,pending,Chicken Sausage (Qty: 1); Grilled Wings Lemon Pepper (Qty: 1); Sprite 475ml (Qty: 2); Fanta 475ml (Qty: 2)
sKtZ1wL9GIiIDXYlvucT,"May 19, 2025, 03:38 AM",Rachna Mathur,mathurachna@gmail.com,Renuka Lal,,Hyderabad,Shadab,7,$22.75,,pending,Mutton Boti Kebab (6 Pieces) (Qty: 1); Rumali Roti (Qty: 1); Masala Kulcha (Qty: 1); Apollo Fish (Serves 2-3) (Qty: 1); Dum Ka Mutton (Serves 2-3) (Qty: 1); Chicken Malai Kebab (6 Pcs) (Qty: 1); Banjara Kebab (6 Pcs) (Qty: 1)
zhXcpWaYscGkFdpO0lFN,"May 19, 2025, 03:19 AM",Rachna Mathur,mathurachna@gmail.com,Renuka Lal,,Hyderabad,Roast ,4,$16.55,,pending,Chocolate Delice (Qty: 1); Blueberry Cheese Cake (Qty: 1); Mango Cheesecake (Qty: 1); Chocolate Marquise (Qty: 1)
cHTVl6Zdf98xxzEgVN6H,"May 18, 2025, 09:49 PM",Tausif Khan,funckewerner@proton.me,Hassan Raza,,New Delhi,The Good Bowl,1,$23.48,,pending,Thums Up Can (330 mL) (Qty: 30)
ZWeQXWadBJqghxS5KzOt,"May 17, 2025, 11:32 PM",raghav vadehra,raghavvadehra265@gmail.com,Rakesh vadehra,,Jalandhar,Parveen Bakery and Confectioners,1,$2.94,,pending,Butter Scotch  (Qty: 5)
ssG5aoAvcMylilAzhgAW,"May 17, 2025, 10:56 PM",raghav vadehra,raghavvadehra265@gmail.com,Rakesh vadehra,,Jalandhar,Sharma Snacks,1,$11.44,,pending,Samosa (Qty: 54)
df7jJZRLFMGTh9IUbJXL,"May 17, 2025, 08:49 PM",raghav vadehra,raghavvadehra265@gmail.com,Rakesh vadehra,,Jalandhar,Lovely Bake Studio,12,$19.64,,pending,Tye Ajwain 800 Gms (Qty: 1); Jeera Salted 400 Gms (Qty: 1); Aloo Bhujia Dada Pota 400 Gms (Qty: 2); Bikaneri Bhujiya 400 Gms (Qty: 2); Kashmiri Mix 400 Gms (Qty: 1); Rusk Elaichi Bk 150 Gms (Qty: 1); Rusk Plain Bk 150 Gms (Qty: 1); Rusk Suji Bk 350 Gms (Qty: 1); Cream Roll (Qty: 2); Jeera Butter Cookies 800 Gms (Qty: 1); Choco Lollypop Heart (Qty: 3); Roll Kabab (Qty: 2)
bBnpvu4kapWQsSFIea29,"May 17, 2025, 09:16 AM",Tausif Khan,funckewerner@proton.me,Hassan Raza,,New Delhi,Biryani By Kilo,1,$10.40,,pending,Chicken Hyderabadi Dum Biryani -[1 Kg] Serves 2-3 (Qty: 1)
L2eyTmS1Y1x40SE9J2LU,"May 16, 2025, 07:21 PM",raghav vadehra,raghavvadehra265@gmail.com,Rakesh vadehra,,Jalandhar,Sh Narayan Dass Ji Bare Wale,1,$3.74,,pending,Paneer     [5 Pcs]   Spl.  With Chutney (Qty: 2)
oWuaCD0coxk3MgpJZ3hG,"May 16, 2025, 02:10 AM",Nicole Aryn Dela Cruz,nicolearyn.delacruz18@gmail.com,Siddharth Khulbe,,New Delhi,Starbucks Coffee,1,$6.06,,pending,Iced Belgium Chocolate Latte (Qty: 1)
4wHoQrkseZDWeEEjgCWq,"May 16, 2025, 02:04 AM",Nicole Aryn Dela Cruz,nicolearyn.delacruz18@gmail.com,Siddharth khulbe,,New Delhi,Domino's Pizza,2,$9.02,,pending,Farmhouse Pizza (Qty: 1); Indi Tandoori Paneer Cheese Burst (Qty: 1)
scg2q4o7rCFYXrTAEftG,"May 15, 2025, 08:03 PM",raghav vadehra,raghavvadehra265@gmail.com,Rakesh vadehra,,Jalandhar,Food Bazar,1,$9.42,,pending,Masala Dosa (Qty: 4)
kYSbVlDLg0H2LFXRO5ia,"May 15, 2025, 10:38 AM",Tausif Khan,funckewerner@proton.me,Hassan Raza,,New Delhi,Behrouz Biryani,1,$9.39,,pending,Lazeez Bhuna Murgh Biryani (Dum Chicken Biryani - Serves 1) (Qty: 2)
BnLex4AQOLTYVVbZOLDa,"May 13, 2025, 09:27 PM",Vikram Kalidindi,vikram.kalidindi@gmail.com,Yatharth,,Bengaluru,Nandhana Palace,3,$12.05,,pending,Nellore Mutton Biryani (Qty: 1); Prawns Ghee Roast (Qty: 1); Chicken Pepper Soup (Qty: 1)
B9QzTfRzBMVqj7D1uxiY,"May 13, 2025, 08:21 AM",Tausif Khan,funckewerner@proton.me,Hassan Raza,,New Delhi,PizzaExpress,4,$48.17,,pending,Coca Cola (Qty: 10); Fanta (Qty: 10); Sprite (Qty: 10); Cold Coffee (Qty: 10)
7wl9le460svvmpH10LwR,"May 13, 2025, 07:38 AM",Nick Truxal,nick.truxal@gmail.com,Alok Singh,,Noida,Goila Butter Chicken,1,$11.04,,pending,Goila Butter Chicken Biryani (Qty: 2)
PPWPkGgrWfXw7Lci6572,"May 13, 2025, 12:12 AM",raghav vadehra,raghavvadehra265@gmail.com,Rakesh vadehra,,Jalandhar,New Parkash Ice Cream,1,$0.94,,pending,Khoya Malai Kulfi (Qty: 4)
zy0XVrY5JumRfT8nf8a3,"May 13, 2025, 12:03 AM",raghav vadehra,raghavvadehra265@gmail.com,Rakesh vadehra,,Jalandhar,Sharma Snacks,1,$12.71,,pending,Samosa (Qty: 60)
ucvEJXWDs5JYNp7MRX1o,"May 12, 2025, 09:30 PM",Tausif Khan,funckewerner@proton.me,Hassan Raza,,New Delhi,Biryani Blues,1,$8.92,,pending,Hyderabadi Chicken Dum Biryani Boneless (Qty: 2)
F6y1knU6uQwe1GBfWme9,"May 11, 2025, 05:03 AM",Manpreet singh,manpreetarri1@gmail.com,Palwinder kaur ,,Batala,Hungry Point,2,$4.64,,pending,"7"" Paneer With Capsicum Mania Pizza (Qty: 1); Farm House Pizza (Qty: 1)"
7CGb2irVqVaDG4S3GBdv,"May 11, 2025, 04:17 AM",Rachna Mathur,mathurachna@gmail.com,Renuka Lal,,Hyderabad,Nove -The Italian Kitchen,5,$36.49,,pending,Roasted Pumpkin Soup With Cream (Qty: 1); Lobster Mac & Cheese Pasta (Qty: 1); Quattro Bruschetta (Qty: 1); Fish Skewers (Qty: 1); Chicken Ravioli Al Tartufo (Qty: 1)
4VihfrVjsQMnOi8L6zG1,"May 11, 2025, 04:09 AM",Rachna Mathur,mathurachna@gmail.com,Renuka Lal,,Hyderabad,Concu,2,$7.18,,pending,Chocolate Fudge Cake (Qty: 1); Biscoff Cheesecake (Qty: 1)
6PbO3I93OLEQE1ru3Djz,"May 11, 2025, 04:04 AM",Sandeep Kaur,sandhu.sandy10@gmail.com,Avtar Singh Parmar,,Phagwara,Hungry Point,1,$20.09,,pending,Tandoori Paneer Pizza (Qty: 3)
VuxCiawPhpOQ2NvQXJzv,"May 11, 2025, 01:12 AM",Srinivas R,srini.shank@gmail.com,Banu Ravishankar ,,Bengaluru,Glen's Bakehouse,4,$11.09,,pending,Choco Red Velvet Mousse Cake Pcs (Qty: 1); Red Velvet Pcs (Qty: 1); Creamy Caramel Cheese Cake Pcs (Qty: 1); New York Style Cheese Cake Pcs (Qty: 1)
syJWMZzL90QPELVlI3wz,"May 11, 2025, 12:18 AM",Hari Adapala,hari.teja@yahoo.com,Smt. A. Surya Kumari,,Vijayawada,Haldiram's Restaurant,12,$28.40,,pending,Kurmuri Choupaty Bhel (Qty: 1); Shahi Raj Kachori (Qty: 1); Cheese Pav Bhaji (Qty: 1); Samosa (Qty: 1); Aloo Tikki Chole (Qty: 1); Chole Samosa (Qty: 1); Podi Mini Idli (Qty: 1); Moong Dal Kachori (Qty: 1); Cheese & Corn Spring Roll (Qty: 2); Mumbai Pav Bhaji (Qty: 1); Pani Puri (Qty: 2); Rasmalai (1Pc) (Qty: 4)
zQcAJydwdaAM0Ets3UxT,"May 10, 2025, 11:40 PM",Divleen Kaur,divleen_k81@hotmail.com,Kawaljit,,New Delhi,Anjlika Pastry Shop,9,$11.32,,pending,Black Forest Pastry (Qty: 1); Choco Eclair Pastry (Qty: 1); Chilli Chicken Roll (Qty: 1); Choco Mud Pastry (Qty: 1); Chicken Patty (Qty: 1); Chicken Tikka Sandwich (Qty: 1); Garlic Bread Loaf (Qty: 1); Butter Scotch Pastry (Qty: 1); Chilli Chicken Sandwich  (Qty: 1)
PmJTEMK6zeIr3TxEJ7Ib,"May 10, 2025, 10:12 PM",MEETA SRIVASTAVA,meetasidd@gmail.com,Shri Kapil Kumar,,Vadodara,Lao Thai Restaurant & Cafe,4,$12.95,,pending,Egg (khai) Tom Yum Soup (Qty: 1); Veg Red Thai Curry (Qty: 1); Paneer Schezwan Fried Rice (Qty: 1); Mango Sticky Rice (Qty: 1)
0uclKP6WtQig2nrwazhc,"May 10, 2025, 10:04 PM",MEETA SRIVASTAVA,meetasidd@gmail.com,Pramila Srivastava ,,Mumbai,Theobroma,2,$11.18,,pending,Paneer Junglee Sandwich [Single] (Qty: 2); Eggless Fresh Alphonso Mango Cream Cake [525g] (Qty: 1)
avMMyKs1QJsPqdmMfBK3,"May 10, 2025, 09:24 PM",Aria R,ariareja@gmail.com,Ranu Banerjee ,,Kolkata,Bhojon Bangali,12,$22.07,,pending,Plain paratha (Qty: 2); Chicken kosha [4 pieces] (Qty: 1); Mutton kosha [3 pieces]  (Qty: 1); Egg curry [2 pieces] (Qty: 1); Pabda jhal [2 pieces] (Qty: 1); Aloo posto 300ml (Qty: 1); Plain rice (Qty: 2); Katla macher matha diya dal 500ml  (Qty: 1); Payesh 500ml (Qty: 1); Luchi 5pc with aloo dum  (Qty: 1); Tomato Chutney (Qty: 1); Begun Bhaja Spl (Qty: 1)
XZqaOXcDdrY97E9uvrpJ,"May 10, 2025, 01:32 PM",raghav vadehra,raghavvadehra265@gmail.com,Rakesh vadehra,,Jalandhar,AAR KAY Vaishno Dhaba (Nakodar Road),3,$8.47,,pending,Palak Kofta (Qty: 1); Mix Vegetable (Qty: 2); Tawa Roti (Qty: 12)
A1BdFrMtvtsytwsambPN,"May 10, 2025, 01:16 PM",raghav vadehra,raghavvadehra265@gmail.com,Rakesh vadehra,,Jalandhar,Bikanervala,1,$8.95,,pending,Chole Bhature Combo (Qty: 4)
RIXXRPxIekTXbPGyudCZ,"May 10, 2025, 09:12 AM",Suganya Anand,suganya.anand@gmail.com,sunil Peter,,Bengaluru,Thom's Bakery,4,$6.77,,pending,Butter Biscuit (Qty: 2); Cashewnut Biscuit (Qty: 2); Marble Cake 200gm (Qty: 1); Nan Cuttai Biscut (Qty: 1)
ENal656umAusWqbID3BM,"May 10, 2025, 09:06 AM",Suganya Anand,suganya.anand@gmail.com,Augustine ,,Bengaluru,Kanti Sweets,9,$11.86,,pending,Kala Jamun (Qty: 1); Banana Chips (Qty: 1); Badam Milk (Qty: 1); Groundnut Chikki (Qty: 1); Jamun (1 Pc) (Qty: 1); Jeera Biscuits (250 Gms) (Qty: 1); Coconut Holige 1pc (Qty: 1); Dal Holige 1pc (Qty: 1); Saffron (Qty: 1)
iy50MLomPuCeHOEaGdMb,"May 10, 2025, 09:01 AM",Suganya Anand,suganya.anand@gmail.com,sunil Peter,,Bengaluru,Dindigul Thalappakatti,14,$77.31,,pending,Gobi Manchurian (Qty: 1); Chicken 65 (Qty: 2); Nattu Kozhi Idicha Varuval (Qty: 1); Thalappakatti XL Chicken Biryani (Qty: 2); Paneer Butter Masala (Qty: 1); Gulab Jamun (2 Pcs) (Qty: 4); Dindigul 555 Chicken (Qty: 2); Single Hudugaru Chicken Biryani (Qty: 1); DT Chicken Combo (Qty: 1); Parotta - Chicken Combo (Qty: 2); Parotta - Mutton Combo (Qty: 2); Parotta - Veg Combo (Qty: 1); Saucy Chicken Lollipop (naidus Style Chicken Lollypop) (Qty: 1); Mutton Paya (Qty: 1)
5rWw0skGKx0Dwb6OQ27K,"May 10, 2025, 08:23 AM",Poojitha Arangam,pooji369a@gmail.com,Naga Kiran Varanasi,,Bengaluru,Meghana Foods,3,$6.94,,pending,Lemon Chicken (Qty: 1); Chicken Boneless Biryani (Qty: 1); Thums Up Tin 330 Ml (Qty: 1)
85J3WoG4nvXmN69Hg1ZL,"May 10, 2025, 04:05 AM",Sandeep Kaur,sandhu.sandy10@gmail.com,Avtar Singh Parmar,,Phagwara,Domino's Pizza,3,$27.42,,pending,Peppy Paneer Cheese Burst (Qty: 1); Veggie Paradise Cheese Burst (Qty: 1); Big Big 6in1 Pizza - Veg (Qty: 1)
n2TySeSkGke98CKRMKFS,"May 10, 2025, 04:03 AM",Sandeep Kaur,sandhu.sandy10@gmail.com,Avtar Singh Parmar,,Phagwara,Classic Bakers,1,$9.40,,pending,Butter scotch cake + Greeting card                                         (Qty: 1)
pLddjEudW4q29vnx6LJp,"May 9, 2025, 07:46 AM",Poojitha Arangam,pooji369a@gmail.com,Naga Kiran Varanasi,,Bengaluru,KFC,1,$7.05,,pending,Hot & Crispy Chicken - 8 pcs (Qty: 1)
kscmNjZkSaG48DuIMQLm,"May 9, 2025, 12:22 AM",Divleen Kaur,divleen_k81@hotmail.com,Kawaljit,,New Delhi,Vadilal Hangout,1,$3.60,,pending,Pineapple Titbits  (700 ML + 700 ML) (Qty: 1)
nuruj3CpprxaoByc4Pk9,"May 7, 2025, 08:35 PM",raghav vadehra,raghavvadehra265@gmail.com,Rakesh vadehra,,Jalandhar,Lakshmi Refreshment,2,$5.94,,pending,Badam Milk (Qty: 4); Sugar Free Badam Milk (Qty: 1)
lfUIFuvtBm2xyAdlZFuA,"May 7, 2025, 06:22 PM",raghav vadehra,raghavvadehra265@gmail.com,Rakesh vadehra,,Jalandhar,Manni Dhaba,2,$5.77,,pending,Matar Paneer (Qty: 2); Dal  Makhani (Qty: 2)
iVmxhHLiKkIJCbu6vrq1,"May 5, 2025, 09:08 PM",Dhwani Nijhawan,dhwani.nijhawan@gmail.com,Sheetal,,Vadodara,"Canara Coffee House (Idli, Dosa & More)",2,$5.30,,pending,Canara Special Filter Coffee (150 ML) (Qty: 2); Idli Sambar + Vada Sambar (Qty: 2)
pwY0lG2EWcd42bB8YNSw,"May 5, 2025, 09:02 PM",Dhwani Nijhawan,dhwani.nijhawan@gmail.com,Sheetal ,,Vadodara,Theobroma,1,$7.00,,pending,Eggless Butterscotch & Milk Chocolate Cake [1/2kg] (Qty: 1)
wvFbed6tjPbXGOIr8Ur1,"May 4, 2025, 03:48 AM",Nicole Aryn Dela Cruz,nicolearyn.delacruz18@gmail.com,Siddharth khulbe,,New Delhi,Starbucks Coffee,2,$11.06,,pending,Strawberries & Crème Frappuccino (Qty: 1); Java Chip Frappuccino. (Qty: 1)
7N6wfFzmMo8h2ujCb2Yt,"May 4, 2025, 12:27 AM",Rajeev Singh,rajeevsingh0401@gmail.com,Jeevendra Singh,,Lucknow,Royal Cafe,6,$30.66,,pending,Chicken Hyderabadi Handi Dum Biryani (Qty: 1); Missi Roti (Qty: 2); Veg Galouti Kebab (Qty: 1); Murgh Tandoori (Qty: 1); Milk Badam Shake (Qty: 1); Kesar Pista Shake (Qty: 1)
FaXZHfigMhZgWBexjwUM,"May 3, 2025, 12:53 PM",raghav vadehra,raghavvadehra265@gmail.com,Rakesh vadehra,,Jalandhar,Super Cremica Sweets,1,$6.59,,pending,Super Cremica Special Family Pack (Qty: 1)
lJnPnmlurwKviEc6Tx6M,"May 3, 2025, 12:52 PM",raghav vadehra,raghavvadehra265@gmail.com,Rakesh vadehra,,Jalandhar,New Parkash Ice Cream,1,$1.22,,pending,Khoya Malai Sugar Free Kulfi (Qty: 2)
ADRuVw248f8KjBmHxUJp,"May 3, 2025, 11:08 AM",raghav vadehra,raghavvadehra265@gmail.com,Rakesh vadehra,,Jalandhar,Ahuja Chana Bhatura Corner,1,$5.65,,pending,Chana Bhatoora Paneer Wale (Qty: 4)
lPDwNa5un0lCIYOauohd,"May 3, 2025, 08:08 AM",Poojitha Arangam,pooji369a@gmail.com,Naga Kiran Varanasi,,Bengaluru,Anand Sweets & Savouries,4,$5.48,,pending,Khatta Meetha (200 gms) (Qty: 1); Masala Ground nut (Qty: 1); Roasted Multigrain Mix (Qty: 1); Roasted and Salted Pistachios (150 gms) (Qty: 1)
NhSJTjpRfJvq4HoG9FX4,"May 3, 2025, 08:05 AM",Poojitha Arangam,pooji369a@gmail.com,Naga Kiran Varanasi,,Bengaluru,KFC,2,$3.78,,pending,Chicken Popcorn - Medium (Qty: 1); Zinger Pro Burger (Qty: 1)
Ftt1mpBNnWK1ZfSUErt0,"May 3, 2025, 07:12 AM",Vikram Upparpalli,vikramupparpalli@gmail.com,Hariprasad Upparapalli,,Secunderabad,Scoops,1,$1.47,,pending,Fruit & Nuts Sundae (Qty: 1)
WBL5Ys9CQBhdUgLBBj1l,"May 3, 2025, 04:28 AM",Sandeep Kaur,sandhu.sandy10@gmail.com,Avtar Singh Parmar,,Phagwara,Bell's Icecream Gallery,1,$4.85,,pending,Brownie Blast (Qty: 2)
G8wDYB2gplzWTjj4CvBv,"May 2, 2025, 02:28 PM",raghav vadehra,raghavvadehra265@gmail.com,Rakesh vadehra,,Jalandhar,Model Town ke Famous Channa Kulche,2,$4.12,,pending,Channa kulcha [3 pieces] (Qty: 4); Chana Bhature [2 Pieces] (Qty: 1)
omCt96BGqJ13n7OnJMPp,"May 1, 2025, 06:48 PM",Ayush Sahay,ayush_sahay2001@yahoo.com,Ravindranath Sahay,,Navi Mumbai,Barbeque Nation,1,$15.88,,pending,Barbeque in a Box (Non Veg Overload) (Qty: 1)
T4jqCtg9Wvc3TUgecsxQ,"May 1, 2025, 06:15 AM",Nick Truxal,nick.truxal@gmail.com,Prashant,,Bengaluru,McDonald's,4,$10.05,,pending,Hashbrown (Qty: 2); Fries (Large) (Qty: 2); McFlurry Oreo ( M ) (Qty: 2); Cappuccino Coffee (R) (Qty: 1)
NermIzmQx04PIrX9MOtx,"May 1, 2025, 06:12 AM",Nick Truxal,nick.truxal@gmail.com,Hari,,Chennai,Id - Chennai's Everyday Soulful,2,$6.24,,pending,Pongal Vada Combo (pongal + Medhu Vada 1 Pcs) (Qty: 2); Tea 200ml (Qty: 2)
ElpdfNnHAz6lD6opH759,"Apr 30, 2025, 06:02 PM",Kriparam Faraday,kriparam@gmail.com,Meena Achuthan,,Chennai,Sangeetha Veg Restaurant,4,$12.24,,pending,Rava Kesari (Qty: 1); Veg Fried Rice Large (Qty: 1); Curd Vadai [2 Pcs] (Qty: 1); Malai Koftha Large (Qty: 1)
2ByzLYpalnT2kZGrpOav,"Apr 30, 2025, 09:26 AM",Poojitha Arangam,pooji369a@gmail.com,Naga Kiran Varanasi,,Bengaluru,McDonald's,2,$5.67,,pending,Big Spicy Chicken Wrap (Qty: 1); Chicken Maharaja Mac Burger Combo (Qty: 1)
TZw3aQH8CzLm9zmPNAFT,"Apr 26, 2025, 10:38 PM",Sukhjot Singh,sukhjotbedi@gmail.com,Jasleen Arora,,Ludhiana,The New Shop 24 Hours,3,$5.77,,pending,Truffle Choclate Brownie (Qty: 1); Vegetable maggi (Qty: 1); Chicken Sandwich (Qty: 1)
OyKvmEtOd5bKy2KaTXfO,"Apr 26, 2025, 10:13 AM",raghav vadehra,raghavvadehra265@gmail.com,Rakesh vadehra,,Jalandhar,Bikanervala,3,$13.77,,pending,Kachori With Sabji. (Qty: 6); Idli Sambhar. (Qty: 2); Puri Sabji. (Qty: 1)
5tLqlJqAPoTHS0dqoKhU,"Apr 24, 2025, 10:36 PM",Rajeev Singh,rajeevsingh0401@gmail.com,Pratima Mitra,,Kolkata,Dosa Coffee,6,$14.01,,pending,Upma (Qty: 1); Mysore Dosa (Qty: 1); Kesari Halwa (Qty: 1); Sambar Idli Plate (2pc) (Qty: 1); Medu Vada Plate (2 pc) (Qty: 1); Filter Coffee Flask (250ml) (Qty: 1)
ZQzqaGxKEcq3j2fJyIva,"Apr 24, 2025, 03:20 PM",Rajeev Singh,rajeevsingh0401@gmail.com,Jeevendra Singh,,Lucknow,Netram,4,$13.18,,pending,Netram Special Poori (Box Packing) (Qty: 2); Imarti Rabri(2Pcs) (Qty: 2); Kesariya Milk Badam (Qty: 2); Paratha (2Pcs) (Qty: 1)
YGB2Hwyj6XpgaTklKUMf,"Apr 23, 2025, 01:08 PM",Amruthavarshini Jayapragasam,amruthavarshutj21@gmail.com,Subramani,,Bengaluru,Thalairaj Biryani,1,$3.59,,pending,Chicken Dum Biryani (650 gms) (Qty: 1)
gJYODuMo7bT8rIFr8CG3,"Apr 23, 2025, 09:47 AM",Poojitha Arangam,pooji369a@gmail.com,Naga Kiran Varanasi,,Bengaluru,RNR Biryani - Taste of 1953,2,$5.30,,pending,Chicken Kebab (Qty: 1); Donne Chicken Biryani (Regular Packaging) (Qty: 1)
ZeOOilLmV3l0EsuQshXv,"Apr 22, 2025, 01:04 PM",raghav vadehra,raghavvadehra265@gmail.com,Rakesh vadehra,,Jalandhar,Parkash Bakery,3,$5.90,,pending,Pineapple Pastry (Qty: 6); Cream Roll (Qty: 2); Paneer Tikka Cold Sandwitch (Qty: 2)
u41UTME2M5LzbStJBTjV,"Apr 22, 2025, 01:00 PM",raghav vadehra,raghavvadehra265@gmail.com,Rakesh vadehra,,Jalandhar,Sharma Snacks,3,$2.86,,pending,Spring Roll  (Qty: 3); Samosa (Qty: 8); Bread Pakoda (Qty: 1)
R8FdbCw2jaStf2yaSprW,"Apr 22, 2025, 12:58 PM",raghav vadehra,raghavvadehra265@gmail.com,Rakesh vadehra,,Jalandhar,Manni Dhaba,3,$7.06,,pending,Palak Paneer (Qty: 2); Kadi Pakora (Qty: 1); Dal  Makhani (Qty: 2)
C1OVs3w0bFIZLMEhCZj6,"Apr 21, 2025, 11:49 PM",raghav vadehra,raghavvadehra265@gmail.com,Rakesh vadehra ,,Jalandhar,R Swami Juice Corner,1,$7.03,,pending,Pure Anar Juice (Qty: 3)
ZuZakBn9Tdn8wKcTImot,"Apr 21, 2025, 11:47 PM",raghav vadehra,raghavvadehra265@gmail.com,Rakesh vadehra,,Jalandhar,New Parkash Ice Cream,2,$6.97,,pending,Parkash Special Dry Fruit Milk Badam (Qty: 6); Parkash Special Pineapple Juice (Qty: 1)
KiUftu7rNCnhFUNlTuFK,"Apr 21, 2025, 05:41 AM",Binitha Vasu,binitha@gmail.com,Subhadra ,,Chennai,Dindigul Thalappakatti,7,$24.49,,pending,Crispy Fried Lollipop (full) (Qty: 1); Chicken 65 (Qty: 1); Nethili Fish Fry (Qty: 1); Kadai Chicken Masala (Qty: 1); Butter Naan (Qty: 2); Special Falooda (Qty: 1); Garlic Naan (Qty: 2)
vOsvAl7Q4d4Uf3DaLIG8,"Apr 19, 2025, 04:59 PM",raghav vadehra,raghavvadehra265@gmail.com,Rakesh vadehra,,Jalandhar,Food Bazar,5,$19.48,,pending,Masala Dosa (Qty: 4); Amritsari Kulcha Chana (Qty: 4); Sweet Lassi (Qty: 1); Masala Tea (Qty: 3); Sugar Cane Juice (Qty: 2)
j3DJOqmFcmV6F0ed3V37,"Apr 19, 2025, 08:23 AM",Suganya Anand,suganya.anand@gmail.com,sunil Peter,,Bengaluru,Kanti Sweets,11,$13.50,,pending,Dry Fruit Mixture (Qty: 1); Banana Chips (Qty: 2); Kaju Fry Masala (Qty: 1); Groundnut (Qty: 1); Andhra Muruk (Qty: 2); Kodbale (Qty: 1); Coconut Biscuits (250 Gms) (Qty: 1); Almond Biscuits (250 Gms) (Qty: 1); Dolce Pyramid Chocolate (Qty: 1); Coconut Holige 1pc (Qty: 1); Potato Chips Khara 100 Gms (Qty: 2)
nzh3frIDTcebrMQFdwpi,"Apr 19, 2025, 08:17 AM",Suganya Anand,suganya.anand@gmail.com,sunil Peter,,Bengaluru,Bhagatram Sweets,8,$9.69,,pending,Gulab Jamoon (1 Pc) (Qty: 3); Malai Rasgulla (1 Pc) (Qty: 2); Chandrakala (Qty: 1); Son Halwa (Qty: 1); Rabdi Jalebi (Qty: 1); Dry Fruit Sandwich (Qty: 1); Rabdi/ Basundi (Qty: 1); Onion samosa (Qty: 3)
FZkZK8xIcFiWME4PPJDk,"Apr 19, 2025, 12:45 AM",Poojitha Arangam,pooji369a@gmail.com,Naga Kiran Varanasi,,Bengaluru,KFC,1,$6.43,,pending,Ultimate Savings Chicken Bucket (Qty: 1)
d3bk3C7Jz2Ze0e7W4xeL,"Apr 18, 2025, 09:12 AM",Nick Truxal,nick.truxal@gmail.com,Hari,,Chennai,Id - Chennai's Everyday Soulful,2,$3.12,,pending,Pongal Vada Combo (pongal + Medhu Vada 1 Pcs) (Qty: 1); Tea 200ml (Qty: 1)
FDKAG6sKX6wLZ6uwobte,"Apr 18, 2025, 06:44 AM",Nick Truxal,nick.truxal@gmail.com,Prashant,,Bengaluru,McDonald's,1,$2.48,,pending,Hashbrown + Cappuccino (Qty: 1)
nddNw4jDpJRXiTgGv86I,"Apr 18, 2025, 06:16 AM",Nick Truxal,nick.truxal@gmail.com,Prashant,,Bengaluru,McDonald's,1,$1.52,,pending,McFlurry Oreo ( M ) (Qty: 1)
ZjTQQo1drgFjPPLXiHBX,"Apr 18, 2025, 05:24 AM",Sandeep Kaur,sandhu.sandy10@gmail.com,Avtar Singh Parmar,,Phagwara,Bell's Icecream Gallery,1,$3.63,,pending,Special Falooda Kulfi (Qty: 2)
Aogf1wEKeY4E04zw2kVZ,"Apr 18, 2025, 05:23 AM",Sandeep Kaur,sandhu.sandy10@gmail.com,Avtar Singh Parmar,,Phagwara,Spice N Cool (Ridzee IceCream),1,$1.55,,pending,Mix fruit ice cream glass (Qty: 2)
GclM0v3E6rmgzpYiSAqj,"Apr 17, 2025, 10:40 PM",Sukhjot Singh,sukhjotbedi@gmail.com,Jasleen Arora,,Ludhiana,New Delhi Chole Bhature,3,$8.52,,pending,Aloo Kulcha  (Qty: 2); Gobhi Kulcha (Atta) (Qty: 1); Chhole Bhature [6 pieces] with Special Lassi [3 glass] {Save Rs 40} (Qty: 1)
YkwVutH1ZZ0BxDPdd6z3,"Apr 17, 2025, 10:26 PM",raghav vadehra,raghavvadehra265@gmail.com,Rakesh vadehra,,Jalandhar,AAR KAY Vaishno Dhaba (Nakodar Road),4,$11.01,,pending,Dal Makhani (Qty: 2); Cheese Tomato (Qty: 2); Plain Rice (Qty: 1); Tawa Roti (Qty: 9)
9IiikPqBHkHZaQ1R3MSO,"Apr 16, 2025, 10:07 AM",Devarshi Dhola,devarshidhola563@gmail.com,Nency Rathod,,Surat,Mahesh Pav Bhaji,3,$6.84,,pending,Cheese Paneer Mysore Dosa (Qty: 1); Cheese Bhaji (Qty: 1); Extra Pav (1 Piece) (Qty: 2)
yuQMTAYmE3zag3TNPBjy,"Apr 14, 2025, 10:15 AM",Poojitha Arangam,pooji369a@gmail.com,Naga Kiran Varanasi,,Bengaluru,McDonald's,2,$5.67,,pending,Big Spicy Chicken Wrap (Qty: 1); Chicken Maharaja Mac Burger Combo (Qty: 1)
QRluv0H9fKCbQO46YZem,"Apr 12, 2025, 08:15 PM",Amu,ammusubri@yahoo.com,Malathi,,Bengaluru,Nagarjuna - Since 1984,4,$22.19,,pending,Chicken Biriyani (Qty: 1); Mushroom Curry (Qty: 2); Chapathi (1 No) (Qty: 8); Chicken Gongura (Qty: 1)
BMxjd7VApV8tCxWBxqon,"Apr 12, 2025, 08:07 PM",Amu,ammusubri@yahoo.com,Malathi ,,Bengaluru,Glen's Bakehouse,1,$6.92,,pending,"11"" Pizza Nonveg Peri Peri Chicken (Qty: 1)"
sJ4SLyU6d6KGFkzxaiG4,"Apr 12, 2025, 01:22 AM",Poojitha Arangam,pooji369a@gmail.com,Naga Kiran Varanasi,,Bengaluru,Meghana Foods,4,$8.03,,pending,Chilly Gobi (Qty: 1); Butter Tandoori Roti (Qty: 3); Garlic Naan (Qty: 3); Veg Kadai (Qty: 1)
lg1Y0Hkom8Qc74UNZeK2,"Apr 11, 2025, 08:12 AM",Poojitha Arangam,pooji369a@gmail.com,Naga Kiran Varanasi,,Bengaluru,Andhra Gunpowder,4,$5.13,,pending,Extra Papad (Qty: 2); Ghee Gulab Jamun (4 Pcs) (Qty: 1); Rasam and Poriyal Rice Bowl (Qty: 1); Andhra Chicken Boneless Kebab (Qty: 1)
C7obF7y4xbGwj5oMCpMw,"Apr 11, 2025, 01:29 AM",raghav vadehra,raghavvadehra265@gmail.com,Rakesh vadehra,,Jalandhar,Kulcha town,3,$4.35,,pending,Chole bhature (Qty: 4); Tandoori Bhtura(2 Piece) (Qty: 1); Rice Chole (Qty: 1)
Bz55bpGhBvIzMqKSKJdU,"Apr 10, 2025, 10:07 PM",raghav vadehra,raghavvadehra265@gmail.com,Rakesh vadehra ,,Jalandhar,Lovely Sweets,1,$4.48,,pending,Ladoo Banarsi Motichoor 1 Kg (Qty: 2)
mrwABBUNYQ7j96b7VCGS,"Apr 10, 2025, 07:10 AM",Smitha Vikram,smithaavikram@gmail.com,suguna,,Chennai,Sangeetha Veg Restaurant,4,$22.72,,pending,Veg Briyani Large (Qty: 2); Water Melon Juice (Qty: 2); Veg Briyani Medium (Qty: 2); Fruit Salad With Icecream (Qty: 2)
pWfjZGilETCrXyjqQc80,"Apr 9, 2025, 10:42 PM",raghav vadehra,raghavvadehra265@gmail.com,Rakesh vadehra,,Jalandhar,Parkash Bakery,6,$6.52,,pending,Jam Roll (Qty: 1); Veg Puff Pattie (Qty: 4); Pineapple Pastry (Qty: 3); Cream Roll (Qty: 2); Garlic Rusk (100 Gm ) (Pkt) (Qty: 1); Sugar Free Rusk (Pkt) (Qty: 2)
PPIoNwKYLlcF0rUS66p5,"Apr 9, 2025, 08:55 PM",Sukhjot Singh,sukhjotbedi@gmail.com,Jasleen Arora,,Ludhiana,Burger King,6,$11.29,,pending,Crispy Veg Double Patty Burger (Qty: 1); Crispy Chicken Double Patty Burger (Qty: 1); King Peri Peri Fries (Qty: 2); Coca Cola Medium (Qty: 1); Choco Lava Cup (Qty: 1); Korean Spicy Chicken (4 Pc)! (Qty: 1)
vKHRnztlchCM42vq7NSH,"Apr 8, 2025, 12:08 PM",raghav vadehra,raghavvadehra265@gmail.com,Rakesh vadehra,,Jalandhar,Sh Narayan Dass Ji Bare Wale,2,$3.30,,pending,Samosa  With Chana  [2 Pcs] (Qty: 2); Paneer  With Chana  [2 Pcs] (Qty: 2)
FSSdloWm8W79zm2ImikR,"Apr 7, 2025, 09:47 AM",Poojitha Arangam,pooji369a@gmail.com,Naga Kiran Varanasi,,Bengaluru,The Pizza Project by Oven Story,5,$13.01,,pending,Cheesy Garlic Bread.. (Qty: 1); Coca Cola Bottle (475 mL) (Qty: 1); Dragon Fire Dip (Qty: 2); Double Cheese Clucker Pepperoni Medium Pizza (Qty: 1); Double Cheese Dragonfire Chicken Medium Pizza (Qty: 1)
MzUuWKBzzP6XULSQFBSn,"Apr 5, 2025, 10:07 PM",Prabhu Iyer,prabhuiyer@hotmail.com,Prabha Iyer,,Mumbai,Arya Bhavan,27,$67.03,,pending,Brahmin Idli (Qty: 1); Kanchi Puram Idli (Qty: 1); Coin Butter Idli (6 Pcs) (Qty: 1); Pahadi Grilled Sandwich (Qty: 2); Idiyappam With Coconut Stew (Qty: 1); Paneer Tawa Pulao (Qty: 1); Podi Masala Dosa (Qty: 1); Ginger Lemon Juice(Sugar Free) (Qty: 1); Kesar Falooda (Qty: 2); Mango Falooda (Qty: 1); Rose Falooda (Qty: 2); Mango Milkshake (Qty: 2); Samosa Cheese Grilled Sandwich (Qty: 2); Curd Rice (Qty: 1); Lemon Rice (Qty: 1); Paneer Pulao With Korma (Qty: 1); Ragi Masala Dosa (Qty: 1); Schezwan Masala Dosa (Qty: 1); Schezwan Dosa (Qty: 1); Palak Paneer Masala Dosa (Qty: 1); Palak Masala Dosa (Qty: 1); Podi Dosa (Qty: 1); Mysore Masala Dosa (Qty: 1); Mini Sambhar Idli (Qty: 1); Holi Special Thandai (Qty: 1); Arya Bhavan Special Jeera Rice (Qty: 1); Paniyaram (Qty: 1)
HJ2kAjGwb3IKUnZmNfWG,"Apr 3, 2025, 06:51 PM",Sobha Atmakuri,atmakuri.sobha@gmail.com,Rama rap,,Visakhapatnam,Sri Sairam Parlour - Diamond Park,2,$2.00,,pending,Pongal With Vada (Qty: 1); Plain Dosa (Qty: 1)
h5dTkMYC48aloJbXaDDh,"Apr 2, 2025, 04:57 PM",Prathi Sri,prathimam@outlook.com,Nirmala Srinivas,,Mysuru,Bombay Tiffanys Kuvempu,6,$11.33,,pending,Cashew Nuts Whole (100 gms) (Qty: 1); Anjeer Figs (100 gms) (Qty: 1); Combo Dhokla (3 Pcs) (Qty: 1); Kaju Dry Fruit Rolls(250g.)                                   (Qty: 1); Vegetable Samosas (1 Pc)                   (Qty: 2); Kesar Badam Milk (Best Seller) (250 ml )                    (Qty: 2)
06gqPMXwyPFquVjFjxfA,"Apr 1, 2025, 11:04 PM",Poojitha Arangam,pooji369a@gmail.com,Naga Kiran Varanasi,,Bengaluru,Meghana Foods,2,$7.90,,pending,Chilli Prawns (Qty: 1); Prawns Biryani (Qty: 1)
yE8pvvyccLbTcC85z44i,"Mar 30, 2025, 07:06 PM",sravya naga,cvnagasravya@gmail.com,Anasuya,,Hyderabad,Jaya ragavendra aritaku bojanam,6,$6.59,,pending,Bendi Fry (Qty: 1); Brahmana Bhojanam (Full) (Serves 1-2) (Qty: 1); Dosakaya Pachadi (Qty: 1); Guthi Vankaya (Qty: 1); Pudina Pachadi (Qty: 1); 2 Chapathi and 2 curries (Qty: 1)
0eqEPXr5HAXJjPoZ7sr7,"Mar 30, 2025, 06:28 AM",Smitha Vikram,smithaavikram@gmail.com,suguna,,Chennai,Domino's Pizza,4,$16.05,,pending,Pepsi 475ml (Qty: 2); Classic Stuffed Garlic Bread (Qty: 3); Fresh Veggie Cheese Burst (Qty: 1); Indi Tandoori Paneer Cheese Burst (Qty: 1)
sUUY97PWcbwQTg9L2lwM,"Mar 30, 2025, 02:14 AM",raghav vadehra,raghavvadehra265@gmail.com,Rakesh vadehra,,Jalandhar,New Parkash Ice Cream,2,$2.60,,pending,Khoya Malai Sugar Free Kulfi (Qty: 2); Apple Murabba 500gram (Qty: 1)
HvWm3MSumsQ0hwyF9SRc,"Mar 29, 2025, 02:28 PM",raghav vadehra,raghavvadehra265@gmail.com,Rakesh vadehra,,Jalandhar,Lovely Sweets,2,$5.49,,pending,Burfi Khoya Nariyal 1 Kg (Qty: 1); Ladoo Banarsi Motichoor 1 Kg (Qty: 1)
ndeEHj1vNgxnPsPIpfiS,"Mar 29, 2025, 02:25 PM",raghav vadehra,raghavvadehra265@gmail.com,Rakesh vadehra,,Jalandhar,Bikanervala,3,$13.48,,pending,Ice Cream Mango (Qty: 4); Puri Sabji With Halwa. (Qty: 3); Idli Sambhar. (Qty: 2)
9zvBigDjmTvM7RG19zmV,"Mar 29, 2025, 04:18 AM",Sandeep Kaur,sandhu.sandy10@gmail.com,Avtar Singh Parmar,,Phagwara,Pyramid,1,$8.09,,pending,Walnut Brownie (Qty: 3)
ZmACAjDRo0AamwctH5T0,"Mar 27, 2025, 06:10 PM",raghav vadehra,raghavvadehra265@gmail.com,Rakesh vadehra,,Jalandhar,Model Town ke Famous Channa Kulche,2,$4.12,,pending,Channa kulcha [3 pieces] (Qty: 4); Chana Bhature [2 Pieces] (Qty: 1)
ROa3zeAh7ObRAHGoAuFP,"Mar 25, 2025, 12:51 AM",raghav vadehra,raghavvadehra265@gmail.com,Rakesh vadehra,,Jalandhar,R Swami Juice Corner,1,$7.77,,pending,Gajar Mixtra Vegetables Juice (Qty: 6)
AWBpugmi92bJj4Uce8Lp,"Mar 24, 2025, 01:55 AM",raghav vadehra,raghavvadehra265@gmail.com,Rakesh vadehra,,Jalandhar,Sweety Juice Bar&Restaurant,2,$13.14,,pending,Masala Dosa (Qty: 4); Veg Burger (Qty: 4)
XqraAXJ7YSFeYR5I1jpn,"Mar 23, 2025, 02:29 PM",raghav vadehra,raghavvadehra265@gmail.com,Rakesh vadehra,,Jalandhar,Parkash Bakery,1,$5.74,,pending,Mix Fruit Cake (Qty: 1)
gfZfmcXBFEZQTu43QNZY,"Mar 23, 2025, 02:24 PM",raghav vadehra,raghavvadehra265@gmail.com,Rakesh vadehra,,Jalandhar,Food Bazar,5,$15.30,,pending,Aloo Gobi (Qty: 1); Butter Roti (Qty: 8); Garlic Naan (Qty: 2); Kadi Pakora (Qty: 1); Rajmah (Qty: 1)
fvnTvbX9uhlKSRoNSC6V,"Mar 23, 2025, 12:46 AM",Poojitha Arangam,pooji369a@gmail.com,Naga Kiran Varanasi,,Bengaluru,Meghana Foods,3,$6.94,,pending,Chilly Chicken (Boneless) (Qty: 1); Chicken Boneless Biryani (Qty: 1); Coke Tin 330 Ml (Qty: 1)
kMkBzBMjQCu6T6hl1fvu,"Mar 22, 2025, 04:38 PM",raghav vadehra,raghavvadehra265@gmail.com,Rakesh vadehra,,Jalandhar,Food Bazar,2,$8.00,,pending,"Jammu Poori, Aloo, Chana [2 Pcs] (Qty: 2); Chana Bhatura [2 Pcs] (Qty: 2)"
ooKuxLfP2uJhuwOpuiwL,"Mar 22, 2025, 12:23 AM",Poojitha Arangam,pooji369a@gmail.com,Naga Kiran Varanasi,,Bengaluru,RNR Biryani - Taste of 1953,2,$5.95,,pending,Chicken Kebab (Qty: 1); Donne Mutton Biryani (Regular Packaging) (Qty: 1)
d3m7raOPBOgoj8RKHBC5,"Mar 21, 2025, 10:42 PM",Suganya Anand,suganya.anand@gmail.com,Shakila Royen ,,Chennai,The Grand Sweets and Snacks - Amirtham Restaurant,11,$33.96,,pending,Seedai (250 gms) (Qty: 1); Masala Cashewnut (250 gms) (Qty: 1); Nendhiram Chips (250 gms) (Qty: 1); Special Mixture (250 gms) (Qty: 1); Pista Roll (250 gms) (Qty: 1); Thirattipal (250 gms) (Qty: 1); Badam Kathali (250 gms) (Qty: 1); Soft Mysorepauk (250 Gms) (Qty: 1); Athirasam ( 5 Pcs ) (Qty: 1); Mullu Thenkuzhal ( 250 Gms) (Qty: 1); Special Mixture (500Gms) (Qty: 1)
bKCAAWXTcsteDLAXuQor,"Mar 21, 2025, 03:26 PM",Wat a Life,chandnirattan@gmail.com,Rakesh vadehra,,Jalandhar,Bikanervala,10,$14.38,,pending,Dhokla Plain (Qty: 1); Navratan Mix (Qty: 1); Dry Fruit Kachori 300G (Qty: 1); Aloo Bhujia (Qty: 1); Khatta Meetha (Qty: 1); Puff Aloo Patty (Qty: 4); Kaju Pista 400g (Qty: 1); Jeera Cookies 400g (Qty: 1); Marble 400g (Qty: 1); Biscotti Almond Cookies 200g (Qty: 1)
wnSQ8qEzVGQpUKRCDiGt,"Mar 21, 2025, 10:06 AM",Poojitha Arangam,pooji369a@gmail.com,Naga Kiran Varanasi,,Bengaluru,McDonald's,3,$5.45,,pending,Big Spicy Chicken Wrap (Qty: 1); Chicken Maharaja Mac Burger (Qty: 1); Coke (Qty: 1)
ZrBlW4mNTlXntBFVYkre,"Mar 20, 2025, 11:38 PM",Shreya Mylaram,shreyamlrm@gmail.com,Rahul,,Hyderabad,Swiss Castle,2,$10.02,,pending,Honey Almond (200 Gms) (Qty: 1); Fresh Fruit Cake (Qty: 1)
lo0b4Owg9FaC1NKhGVKP,"Mar 20, 2025, 07:04 AM",Poojitha Arangam,pooji369a@gmail.com,Naga Kiran Varanasi,,Bengaluru,Dindigul Thalappakatti,2,$4.58,,pending,Thalappakatti Naidu Mutton Biryani (Qty: 1); Coke Pet Bottle 475ml (Qty: 1)
qOZ5sMQziWyxL60D76kX,"Mar 17, 2025, 09:18 AM",Poojitha Arangam,pooji369a@gmail.com,Naga Kiran Varanasi,,Bengaluru,Meghana Foods,2,$3.85,,pending,Meghana Special Biryani (Qty: 1); Coke Tin 330 Ml (Qty: 1)
eyxEoFA6deOI9olGe8tB,"Mar 17, 2025, 05:10 AM",Esther Davis,ammu_davis@yahoo.com,Shakunthala,,Coimbatore,A2B - Adyar Ananda Bhavan,3,$4.56,,pending,Kala Kand (Qty: 1); Ellu Murukku 200 Grms (Qty: 1); Kara Boonthi 100 Grams (Qty: 1)
Q7G99dYvophtUZEG6Gks,"Mar 17, 2025, 05:03 AM",Esther Davis,ammu_davis@yahoo.com,Shakunthala,,Coimbatore,Sree Annapoorna,1,$3.88,,pending,Ghee Onion Rava Roast (Qty: 2)
WaXPpwZ3FMfUssTdBMfq,"Mar 12, 2025, 09:07 AM",Poojitha Arangam,pooji369a@gmail.com,Naga Kiran Varanasi,,Bengaluru,Andhra Gunpowder,5,$5.43,,pending,Rasam (350 ml) (Qty: 1); Pappu of the Day (350 ml) (Qty: 1); Extra Papad (Qty: 1); Andhra Pepper Chicken Boneless (Qty: 1); Crisp Potato Vepudu (100 g) (Qty: 1)
Zn0eMZ52U0H12AwxMUtx,"Mar 12, 2025, 05:42 AM",Shipra Gupta,shipragupta3@gmail.com,Pc Gupta,,Jaipur,Kanha,4,$24.54,,pending,Choley Bhature_ (Qty: 1); Rose Gujiya (Qty: 5); Pc Gulab Jamun (Qty: 4); Idli Sambhar (Without Onion Garlic) (Qty: 1)
YLZXeDbuXs23Wafajqp7,"Mar 11, 2025, 05:49 AM",Smitha Vikram,smithaavikram@gmail.com,suguna,,Chennai,Sangeetha Veg Restaurant,4,$13.83,,pending,Aloo Gobi Masala Medium (Qty: 1); Veg Briyani Large (Qty: 1); Rava Dosai (Qty: 3); Phulka[3Pcs] (Qty: 2)
jwtSCru59kbwYX95VIep,"Mar 8, 2025, 05:29 PM",Wat a Life,chandnirattan@gmail.com,Rakesh vadehra,,Jalandhar,Food Bazar,2,$9.42,,pending,Amritsari Kulcha Chana (Qty: 4); Chana Bhatura [2 Pcs] (Qty: 2)
j8ZuGa6PnDyYFj8ipSOt,"Mar 7, 2025, 08:25 AM",Poojitha Arangam,pooji369a@gmail.com,Naga Kiran Varanasi,,Bengaluru,Domino's Pizza,3,$7.83,,pending,Pepsi 475ml (Qty: 2); Cheese Volcano Double Chicken (Qty: 1); Spiced Double Chicken Pizza (Qty: 1)
W1E7ZOTEqx38UziMgqcV,"Mar 6, 2025, 07:43 AM",Poojitha Arangam,pooji369a@gmail.com,Naga Kiran Varanasi,,Bengaluru,McDonald's,2,$4.48,,pending,Chicken Maharaja Mac Burger (Qty: 1); McSpicy Deluxe Chicken Burger (Qty: 1)
Lwas1zY6W1fQymuT7ivs,"Mar 5, 2025, 06:11 PM",Kriparam Faraday,kriparam@gmail.com,Meena Achuthan,,Chennai,Sangeetha Veg Restaurant,6,$15.60,,pending,Methi Roti (Qty: 1); Garlic Naan (Qty: 1); Kashmiri Naan (Qty: 1); Rava Kesari (Qty: 1); Malai Kofta Sweet Gravy Large (Qty: 1); Oregano Chilly Babycorn (Qty: 1)
4MLd8iBrbVRAsJnCKEDW,"Mar 3, 2025, 12:18 AM",Natasha Kaur,tashu.j18@gmail.com,Abhinav,,Ghaziabad,Domino's Pizza,4,$10.35,,pending,Double Cheese Margherita Pizza (Qty: 1); Pepsi 475ml (Qty: 1); Chicken Dominator Pizza (Qty: 1); Garlic Breadsticks + Pepsi (Qty: 1)
hrvJL14Pp75FbvvTwKqP,"Mar 1, 2025, 04:02 AM",Sandeep Kaur,sandhu.sandy10@gmail.com,Avtar Singh Parmar,,Phagwara,Wok Fusion,2,$12.35,,pending,Veg China Town Pizza [10 inches] (Qty: 1); Veg Hakka Noodles (Qty: 2)
OSCXg3huAzyebQ5tpx1G,"Feb 24, 2025, 08:04 PM",MEETA SRIVASTAVA,meetasidd@gmail.com,Pramila Srivastava ,,Mumbai,Theobroma,4,$6.83,,pending,Eggless Dutch Truffle Pastry [1 Piece] (Qty: 1); Eggless Fresh Cream Pineapple Pastry [1 Piece] (Qty: 1); Eggless Dark Chocolate Mousse Pastry [1 Piece] (Qty: 1); Eggless Red Velvet Pastry [1 Piece] (Qty: 1)
eNFDhUBd4KnYairRGR0p,"Feb 22, 2025, 09:19 PM",Raj Sundaram,rajgt40@gmail.com,Girija Sundaram,,Chennai,Sashwatha Cafe,6,$12.54,,pending,Maddur Vada (Qty: 2); Akki Roti (Qty: 1); Rose Kesari Bath (Qty: 1); Bisi Bele Bath (Qty: 1); Curd Rice (Qty: 1); Variety Rice (Qty: 1)
Sf8Spuo1HGnAIyzspJqn,"Feb 21, 2025, 09:43 PM",Yogesh Vishnu Jamkar,yogeshjamkar10@gmail.com,Mangesh Jamkar,,Mondha,Rajisthan Bikaner Mithaiwala,3,$7.36,,pending,Malai Kesar Roll (Qty: 1); Rasmalai (Qty: 1); Lacha Rabddi (Qty: 1)
cTxOrPzmOwxOBwgE1Ira,"Feb 21, 2025, 09:20 AM",Poojitha Arangam,pooji369a@gmail.com,Naga Kiran Varanasi,,Bengaluru,McDonald's,3,$5.65,,pending,Big Spicy Chicken Wrap (Qty: 1); Chicken Maharaja Mac Burger Combo (Qty: 1); Tomato Ketchup Sachet (Qty: 5)
Bappo56OCHqVxZ5WzZkk,"Feb 19, 2025, 06:56 AM",Smitha Vikram,smithaavikram@gmail.com,suguna,,Chennai,Sangeetha Veg Restaurant,3,$9.06,,pending,Gobi Masala Medium (Qty: 1); Veg Pulao Medium (Qty: 1); Fig And Honey Shake (Qty: 1)
pj6JR0tTUKYKUtj0nGWr,"Feb 18, 2025, 11:59 PM",Poojitha Arangam,pooji369a@gmail.com,Naga Kiran Varanasi,,Bengaluru,KFC,1,$5.73,,pending,Wednesday Chicken Strips Meal Bucket (Qty: 1)
dnn1BEBuIV66uj3AXvuo,"Feb 18, 2025, 10:10 PM",Arvind Naidu,arvind.raj.naidu@gmail.com,Lakshmi,,Chennai,Domino's Pizza,2,$8.75,,pending,Loaded Peppy Paneer (Qty: 1); Spiced Double Chicken Pizza (Qty: 1)
dgL7J8Splmx7J1Oa2Q29,"Feb 15, 2025, 11:42 PM",jyothsna yasarapu,jyothsna.yasarapu@gmail.com,Aditi,,Noida,Blue Tokai Coffee Roasters,4,$8.52,,pending,Buttercrust Milk Bread (Qty: 1); Mix Berry Smoothie (Qty: 1); Banana Bread (Qty: 1); Pistachio Orange Marmalade Cake Slice (Qty: 1)
ATSXmGo7jMpFrNTGlmmN,"Feb 13, 2025, 08:38 AM",Poojitha Arangam,pooji369a@gmail.com,Naga Kiran Varanasi,,Bengaluru,McDonald's,2,$4.45,,pending,Big Spicy Chicken Wrap (Qty: 1); Chicken Maharaja Mac Burger (Qty: 1)
Eurwt3N3O8PjO3l6wDBd,"Feb 12, 2025, 07:54 PM",sravya naga,cvnagasravya@gmail.com,Anasuya,,Hyderabad,Minerva Coffee Shop,3,$17.05,,pending,Grand Thali (Qty: 2); Dal Makhani [mcs] (Qty: 1); Kaju Mutter Pulao (Qty: 1)
TY6Sd5SMyETvndcIrW1O,"Feb 11, 2025, 08:35 AM",Suganya Anand,suganya.anand@gmail.com,Augustine ,,Bengaluru,A2B - Adyar Ananda Bhavan,5,$8.30,,pending,Dry Jamoon (Qty: 1); Butter Murukku 200 Grams (Qty: 1); Ribbon Pakoda 200 Grms (Qty: 1); Madras Mixture 250grams (Qty: 1); Kara Boonthi 200 Grams (Qty: 1)
bQoxGFWrjodtJwzipqYf,"Feb 11, 2025, 08:08 AM",Suganya Anand,suganya.anand@gmail.com,Augustine ,,Bengaluru,IYENGER'S CAKE PALACE BAKERY,3,$3.50,,pending,Banan chips [200 grams] (Qty: 1); Special mixture [200 grams] (Qty: 1); Masala peanut [200 grams] (Qty: 1)
kWSva4ObREjg9SjELPOm,"Feb 10, 2025, 09:17 PM",Arvind Naidu,arvind.raj.naidu@gmail.com,Lakshmi,,Chennai,Behrouz Biryani,3,$9.72,,pending,Falafel-E-Khaas (Qty: 1); Hara Bhara Kebab (Qty: 2); Gosht Haleem (Mutton Haleem) (Qty: 1)
t81tUNthxgHBbNBPGN9a,"Feb 8, 2025, 09:57 PM",Poojitha Arangam,pooji369a@gmail.com,Naga Kiran Varanasi,,Bengaluru,SMOOR,1,$2.99,,pending,Teddy Au Choco (Qty: 1)
TM6UUKXBckLmoFjXtCRk,"Feb 8, 2025, 01:28 AM",Poojitha Arangam,pooji369a@gmail.com,Naga Kiran Varanasi,,Bengaluru,Meghana Foods,3,$7.53,,pending,Lemon Chicken (Qty: 1); Chicken Boneless Biryani (Qty: 1); Thums Up Tin 330 Ml (Qty: 2)
FRy6FfVzuHSDAzrsbE06,"Feb 6, 2025, 10:36 PM",raghav vadehra,raghavvadehra265@gmail.com,Rakesh vadehra,,Jalandhar,Sh Narayan Dass Ji Bare Wale,1,$3.30,,pending,Samosa  With Chana  [2 Pcs] (Qty: 4)
pAW756YSILVd5cHpekpA,"Feb 5, 2025, 08:31 AM",Poojitha Arangam,pooji369a@gmail.com,Naga Kiran Varanasi,,Bengaluru,McDonald's,5,$7.83,,pending,Big Spicy Chicken Wrap (Qty: 1); Chicken Maharaja Mac Burger Combo (Qty: 1); Tomato Ketchup Sachet (Qty: 10); Chocolate Overload McFlurry with Oreo Medium (Qty: 1); Mint Lime Cooler (Qty: 1)
pLktI1smEbUUntRjRSDf,"Feb 3, 2025, 01:30 AM",Poojitha Arangam,pooji369a@gmail.com,Naga Kiran Varanasi,,Bengaluru,Meghana Foods,2,$3.85,,pending,Meghana Special Biryani (Qty: 1); Thums Up Tin 330 Ml (Qty: 1)
NUD4Nhx8itcQmlwlnVSr,"Feb 1, 2025, 01:11 AM",jyothsna yasarapu,jyothsna.yasarapu@gmail.com,Neha Sanwal,,New Delhi,ETSU,2,$8.95,,pending,Thukpa (Qty: 1); Basil Chicken Dimsum (Qty: 1)
FhFXNpMJkR7VGyl9mN00,"Jan 29, 2025, 09:41 AM",Kushal Kapoor,kapoorkushal1993@gmail.com,Dhanishtha Shakya,,Ahmedabad,The Belgian Waffle Co.,1,$2.18,,pending,Lotus Biscoff Waffle (Qty: 1)
ttqO6vhBGj8YPcxJvX6E,"Jan 29, 2025, 09:35 AM",Kushal Kapoor,kapoorkushal1993@gmail.com,Dhanishtha Shakya ,,Ahmedabad,The Belgian Waffle Co.,1,$2.18,,pending,Lotus Biscoff Waffle (Qty: 1)
jFLboue7Ij09VikIri10,"Jan 29, 2025, 06:47 AM",Only for Shopping,onlyforshopping30@gmail.com,Abhiti Dalvi,,Mumbai,Persian Darbar,2,$13.06,,pending,Chicken Banjara Tikka Kebab (6 Pieces) (Qty: 1); Chicken Persian Special Biryani (6 Pieces) (Qty: 1)
dOBq4QQmrbmG930WA0Gx,"Jan 28, 2025, 04:27 AM",raghav vadehra,raghavvadehra265@gmail.com,Rakesh vadehra,,Jalandhar,Kamal Vaishno Dhaba,1,$1.06,,pending,Dal Fry (Mah)  (Qty: 2)
nXLsrpq2FqIOv1atlSvM,"Jan 28, 2025, 04:03 AM",raghav vadehra,raghavvadehra265@gmail.com,Rakesh vadehra,,Jalandhar,Food Plaza,1,$3.77,,pending,Veg  special bunger (Qty: 4)
5eEoiQAWL9LjFIslWtmR,"Jan 26, 2025, 12:08 AM",raghav vadehra,raghavvadehra265@gmail.com,Rakesh vadehra ,,Jalandhar,Sharma Snacks,1,$1.69,,pending,Samosa (Qty: 8)
d7fWRsfOfwpSbqFK7vAh,"Jan 25, 2025, 10:09 PM",Naman Lakhanpal,lakhanpalnaman@gmail.com,Ritu Sharma,,Phagwara,Chai Sutta Bar,4,$11.53,,pending,Veg burger                                                                                      (Qty: 3); Margherita pizza                                                                                              (Qty: 1); Veggie delight pizza                                                                                                        (Qty: 1); Veggie grilled sandwich                (Qty: 1)
uCL3jP20YQNArtZSE6Ec,"Jan 24, 2025, 10:07 AM",Poojitha Arangam,pooji369a@gmail.com,Naga Kiran Varanasi,,Bengaluru,McDonald's,3,$6.51,,pending,Big Spicy Chicken Wrap (Qty: 1); Chicken Maharaja Mac Burger Combo (Qty: 1); Coke (Qty: 1)
CZsrXN9EdNxa0yk9LyqF,"Jan 23, 2025, 04:53 AM",binitha vasu,binitha.vasu@gmail.com,Subhadra ,,Chennai,Pizza Hut,2,$6.21,,pending,Classic Bread Stix (Qty: 1); Triple Chicken Feast (Qty: 1)
1H79G8is8tTdGU0rFwuS,"Jan 22, 2025, 10:06 PM",Devarshi Dhola,devarshidhola563@gmail.com,Nency Rathod,,Surat,Famous Frankie,2,$2.71,,pending,Schezwan Cheese Mayo Frankie (Qty: 1); Paneer Cheese Blast Frankie (Qty: 1)
037RI61c30BdP0kdlwxq,"Jan 21, 2025, 08:26 PM",Mihir Jayavant,mihirjay@gmail.com,Nitin Deshpande,,Dombivli,Domino's Pizza,6,$15.76,,pending,Mirinda 475ml (Qty: 1); Chicken Keema Paratha Pizza (Qty: 1); Indi Chicken Tikka Pizza (Qty: 1); Cheesy Dip (Qty: 2); Classic Stuffed Garlic Bread (Qty: 1); Pepper Barbecue Chicken (Qty: 1)
tXZhgF4dlwVdnxIBnekP,"Jan 21, 2025, 04:24 AM",binitha vasu,binitha.vasu@gmail.com,Subhadra ,,Chennai,Copper Kitchen,5,$16.36,,pending,Chicken 65 Boneless (Qty: 1); Bbq Chicken Pepper (Qty: 1); Sez Chicken Fried Rice (Qty: 1); Sez Chicken Noodles (Qty: 1); Chicken Manchu Fried Rice (Qty: 1)
3taKXNVD1lFj9qZWF2pV,"Jan 20, 2025, 07:07 PM",Dhwani Nijhawan,dhwani.nijhawan@gmail.com,Sheetal Sunil,,Vadodara,Jagdish Farshan Pvt Ltd,9,$13.48,,pending,Sada Khaman (Qty: 1); Lilva Kachori (Qty: 1); Methi Gota (Qty: 1); Dal Vada (Qty: 1); Tam Tam Khaman (Qty: 1); Sabudana Wada (Qty: 1); Sabudana Khichdi Spicy (250gms) (Qty: 1); Aloo Tikki Chaat (Qty: 2); Elaichi Shrikhand (Qty: 1)
QoO80q4NayRLmYDvRMER,"Jan 20, 2025, 04:24 PM",Dhwani Nijhawan,dhwani.nijhawan@gmail.com,Sheetal Sunil,,Vadodara,Theobroma,1,$6.65,,pending,Eggless Butterscotch & Milk Chocolate Cake [1/2kg] (Qty: 1)
qmW8oya6JwRIi2tTUySU,"Jan 20, 2025, 07:17 AM",Smitha Vikram,smithaavikram@gmail.com,suguna,,Chennai,Sangeetha Veg Restaurant,6,$17.85,,pending,Methi Roti (Qty: 2); Aloo Gobi Masala Medium (Qty: 1); Veg Makhanwala Medium (Qty: 1); Roti (Qty: 5); Basundhi [ 1 Pc] (Qty: 4); Phulka (Qty: 2)
DwEPzAXPKlRXlz6qGqO4,"Jan 17, 2025, 09:28 PM",Devarshi Dhola,devarshidhola563@gmail.com,Nency Rathod,,Surat,La Pino'z Pizza,1,$3.63,,pending,Cheezy-7  Pizza (Qty: 1)
XGzRDaeCC5gDQISNfKDp,"Jan 17, 2025, 01:16 PM",raghav vadehra,raghavvadehra265@gmail.com,Rakesh vadehra,,Jalandhar,Sharma Snacks,2,$3.17,,pending,Spring Roll  (Qty: 5); Samosa (Qty: 8)
pYv4PZkMjOHGx40yDHyY,"Jan 17, 2025, 01:07 PM",raghav vadehra,raghavvadehra265@gmail.com,Rakesh vadehra,,Jalandhar,New Parkash Ice Cream,2,$11.06,,pending,Desi Ghee Gajrella [500Gram] (Qty: 2); Til Bhugga[250gm] (Qty: 2)
f4zKiBona1DqdHi0akpk,"Jan 17, 2025, 06:59 AM",Poojitha Arangam,pooji369a@gmail.com,Naga Kiran Varanasi,,Bengaluru,McDonald's,4,$6.67,,pending,Choco Brownie (Qty: 1); Chicken Maharaja Mac Burger Combo (Qty: 1); McSpicy Premium Chicken Burger (Qty: 1); Tomato Ketchup Sachet (Qty: 6)
rko95VHVjs0u2kqsNaPg,"Jan 16, 2025, 08:22 PM",miloni mehta,mehta.miloni@gmail.com,Yashodhara Kamat,,Mumbai,Zinque Patisserie,1,$19.48,,pending,Assorted Box Of 4 Mini Cakes (vegan & Gluten-free) (Qty: 1)
y2jTj2R3SHRANMALEoB0,"Jan 15, 2025, 07:48 PM",raghav vadehra,raghavvadehra265@gmail.com,Rakesh vadehra,,Jalandhar,Lovely Bake Studio,5,$5.00,,pending,Australian Cookies 60 Gms (Qty: 2); Coconut Cookies 60 Gms (Qty: 2); Rusk Elaichi Bk 150 Gms (Qty: 2); Rusk Plain Bk 150 Gms (Qty: 1); Cream Roll (Qty: 4)
YCSPacimo6Or8yF7i6wC,"Jan 13, 2025, 04:39 PM",raghav vadehra,raghavvadehra265@gmail.com,Rakesh vadehra,,Jalandhar,Model Town ke Famous Channa Kulche,2,$4.94,,pending,Channa kulcha [3 pieces] (Qty: 5); Chana Bhature [2 Pieces] (Qty: 1)
dcpJdEr2P1IJidboqYj3,"Jan 12, 2025, 08:22 AM",Ratna Kalluri,ratna_kalluri@yahoo.com,Bulusu,,Secunderabad,Dadu's,5,$27.45,,pending,"Kaju Pakodi (Qty: 2); Kesaria Jalebi (250 gms)  +  Aloo Samosa (4 pcs) (Qty: 1); Motichur Laddu (250 gms) + Aloo Samosa (4 pcs) (Qty: 1); Putharekulu Assorted 6 pcs (Qty: 1); Ghewar Box  6"" (Qty: 1)"
2bIqYF6m1XKltAD6C7FB,"Jan 11, 2025, 05:55 PM",Domnic Fernandez,domnic8899@gmail.com,Louis Fernandes,,Hyderabad,Hotel Udupi Home,4,$7.42,,pending,Mysore Bajji (4pcs) (Qty: 1); Poori Korma (3 Pcs) (Qty: 2); Mysore Bajji (4 Pcs) (Qty: 1); 2 Idli + 1 Vada                                      (Qty: 2)
s9lvIJUVJdeCZt6Zi1JJ,"Jan 10, 2025, 04:02 AM",Preethi Shriram,preetsmilin@gmail.com,Shriram,,Chennai,Geetham Veg Restaurant,1,$3.88,,pending,Hot & Sour Soup (Qty: 2)
2QWGSBpbgGpy8Op5E9Ji,"Jan 9, 2025, 12:09 AM",Poojitha Arangam,pooji369a@gmail.com,Naga Kiran Varanasi,,Bengaluru,Meghana Foods,3,$6.94,,pending,Lemon Chicken (Qty: 1); Chicken Boneless Biryani (Qty: 1); Thums Up Tin 330 Ml (Qty: 1)
hktoUVHtujAht5g0ppbO,"Jan 7, 2025, 07:34 AM",Poojitha Arangam,pooji369a@gmail.com,Naga Kiran Varanasi,,Bengaluru,Krispy Kreme - Doughnuts & Coffee,1,$4.59,,pending,Doughnut Box - Assorted Buy 4 Get 2 Free (Qty: 1)
KC8vYkGQeYhlmJEDrkQY,"Jan 7, 2025, 07:28 AM",Poojitha Arangam,pooji369a@gmail.com,Naga Kiran Varanasi,,Bengaluru,McDonald's,3,$6.51,,pending,Big Spicy Chicken Wrap (Qty: 1); Coke (Qty: 1); Chicken Maharaja Mac Burger Combo (Qty: 1)
zqLTykmIg4D1NKdx6Vuo,"Jan 5, 2025, 10:28 PM",Poojitha Arangam,pooji369a@gmail.com,Naga Kiran Varanasi,,Bengaluru,Pattikattan Biriyani,2,$8.24,,pending,Madurai Mutton Meals (Qty: 1); Chicken 65 Biryani  Jeera (Qty: 1)
lW16mW4FGpLLeRjoZ2ze,"Jan 4, 2025, 11:27 AM",raghav vadehra,raghavvadehra265@gmail.com,Rakesh vadehra,,Jalandhar,Sh Narayan Dass Ji Bare Wale,2,$3.30,,pending,Samosa  With Chana  [2 Pcs] (Qty: 2); Kachori  With Chana  [2 Pcs] (Qty: 2)
fhMv74QKfjhlhQgbPxyu,"Jan 3, 2025, 11:03 PM",Rea Mammen,reamammen09@gmail.com,Ishan,,Mumbai,The Belgian Waffle Co.,1,$1.83,,pending,Belgian Chocolate Milk Waffle (Qty: 1)
Jd5g81esrh0qrjRHH4xq,"Jan 3, 2025, 10:58 PM",Rea Mammen,reamammen09@gmail.com,Ishan Rungta,,Mumbai,The Belgian Waffle Co.,1,$1.83,,pending,Belgian Chocolate Milk Waffle (Qty: 1)
dxyXd4e4ikQ0RDR5ZKr0,"Jan 3, 2025, 09:15 PM",Naman Lakhanpal,lakhanpalnaman@gmail.com,Ritu Sharma,,Amritsar,Pizza Story,4,$13.34,,pending,Cheese Corn [Medium] (Qty: 1); Makhani Paneer [Regular] (Qty: 1); Spicy Corn Lover [Regular]  (Qty: 1); Veggie Burger  (Qty: 6)
7jvRrfHcCJmYcKHLEc8E,"Jan 3, 2025, 07:52 PM",Amarnath Maitra,amarnathmaitra@gmail.com,Bimal Maitra,,Shyamnagar,Kolkata Kathi Roll,2,$8.66,,pending,Double Egg Double Chicken Kathi Roll (Qty: 2); Chicken Fried Momos (Qty: 2)
wU9khr8NmjG38b3cGvcP,"Jan 2, 2025, 09:55 PM",Devarshi Dhola,devarshidhola563@gmail.com,Nency Rathod,,Surat,Jani Locho,2,$6.00,,pending,Cheese Locho(250gm) & Sev (Qty: 1); Cheese PaneerSamosa(250Grm) (Qty: 1)
QAsBkSn0gZeTQxSRuSXW,"Jan 1, 2025, 11:38 AM",raghav vadehra,raghavvadehra265@gmail.com,Rakesh vadehra,,Jalandhar,AAR KAY Vaishno Dhaba (Nakodar Road),3,$6.24,,pending,Dal Makhani (Qty: 2); Mix Vegetable (Qty: 1); Kadhi Pakora (Qty: 1)
zgyicQiPl7b9Rgd0f0CU,"Jan 1, 2025, 08:43 AM",raghav vadehra,raghavvadehra265@gmail.com,Rakesh vadehra,,Jalandhar,Food Bazar,1,$5.30,,pending,Pineapple (450 Gms) (Qty: 1)
Jz7P5MTv3Ze8Ui9HcYKw,"Jan 1, 2025, 01:29 AM",Madhuri Rapaka,madhuri.rap@gmail.com,R V S Paul,,Hyderabad,Ohri's Cake Nation,2,$28.65,,pending,Death By Chocolate Cake 1kg (Qty: 1); Rasmalai Vanilla Cake 1kg (Qty: 1)
pxbxqgjnd476kjbkOxKc,"Dec 31, 2024, 06:15 PM",raghav vadehra,raghavvadehra265@gmail.com,Rakesh vadehra,,Jalandhar,Food Bazar,1,$9.42,,pending,Masala Dosa (Qty: 4)
erKllBwFecBbwpdxss7w,"Dec 31, 2024, 06:10 PM",raghav vadehra,raghavvadehra265@gmail.com,Rakesh vadehra,,Jalandhar,Lovely Sweets,2,$4.71,,pending,Ladoo Banarsi Motichoor 1 Kg (Qty: 1); Ladoo Rajasthani Motichoor 1 Kg (Qty: 1)
GhzNyG0cz8zDdWpuYwtY,"Dec 31, 2024, 05:07 PM",L Chandra,lolita.us@gmail.com,Ranjita Mondol,,Kolkata,Chili's American Grill And Bar,6,$33.60,,pending,Molten Chocolate Cake (Qty: 1); Southwest Chicken Pizza (Qty: 1); Margherita Flatbread (Qty: 1); Cheesecake (Qty: 1); BBQ Quesadillas (Qty: 1); Grilled Himalayan Trout (Qty: 1)
bMw1Wg8B7WEnzNPr4vAA,"Dec 30, 2024, 10:26 PM",Latha Kaps,sailathak@gmail.com,Durgaprasad Sarma,,Hyderabad,Domino's Pizza,1,$6.69,,pending,Fresh Veggie Pizza (Qty: 2)
vgNWeuWiHZOZQODgaBP7,"Dec 30, 2024, 10:16 PM",Latha Kaps,sailathak@gmail.com,Durgaprasad Sarma,,Hyderabad,Minerva Coffee Shop,2,$8.12,,pending,Crispy Corn (Qty: 1); Veg Sweet Corn Soup (Qty: 1)
u34JP6qpNG2EjouM9c2J,"Dec 30, 2024, 06:45 PM",Ezekiel Devanur,ezekiel.devanur@hotmail.com,Sheela Sundar Devanur & Lalitha,,Bengaluru,Ambur Star Briyani Since 1890,5,$25.75,,pending,Chicken Pepper Fry (Qty: 1); Paneer Butter Masala (Qty: 1); Chicken Manchurian Dry (Qty: 1); Butter Naan (Qty: 4); Mutton Mini Bucket (Qty: 1)
K2UH2IUAm4ynQJUTaw94,"Dec 30, 2024, 06:27 PM",raghav vadehra,raghavvadehra265@gmail.com,Rakesh vadehra,,Jalandhar,Super Creamica Sweets,1,$5.30,,pending,Rasmalai Sugar Free  (Qty: 1)
crC3KWMsV2YiEyj3MM5b,"Dec 30, 2024, 06:22 PM",raghav vadehra,raghavvadehra265@gmail.com,Rakesh vadehra,,Jalandhar,Dhan Guru Ramdass Sweet Shop,1,$3.53,,pending,Gulab Jamun (Qty: 1)
QxdYMzdr4Jmgkgp9bArC,"Dec 30, 2024, 06:09 PM",raghav vadehra,raghavvadehra265@gmail.com,Rakesh vadehra ,,Jalandhar,Sh Narayan Dass Ji Bare Wale,2,$3.30,,pending,Bare  With Chana  [2 Pcs] (Qty: 2); Paneer  With Chana  [2 Pcs] (Qty: 2)
mLoueQg0ehkyJ5MQ7L52,"Dec 27, 2024, 07:15 PM",raghav vadehra,raghavvadehra265@gmail.com,Rakesh vadehra,,Jalandhar,Food Bazar,2,$12.24,,pending,Aloo Tikki Burger (Qty: 4); Special Dahi Bhalla (Qty: 4)
ABIVPcYfcnhFCXx731Ig,"Dec 27, 2024, 07:49 AM",Poojitha Arangam,pooji369a@gmail.com,Naga Kiran Varanasi,,Bengaluru,McDonald's,3,$5.36,,pending,Big Spicy Chicken Wrap (Qty: 1); Chicken Maharaja Mac Burger (Qty: 1); Coke (Qty: 1)
dbDe2WPCweS1ASYYtpF0,"Dec 24, 2024, 10:07 PM",Poojitha Arangam,pooji369a@gmail.com,Naga Kiran Varanasi,,Bengaluru,KFC,4,$10.55,,pending,Hot Chicken Wings - 4 pcs (Qty: 1); Chicken Popcorn - Large (Qty: 1); Wednesday Chicken Strips Meal Bucket (Qty: 1); Thai Spicy Chicken Roll (Qty: 1)
WJ4o1hdioXxUACWvqTzS,"Dec 24, 2024, 06:59 PM",Ezekiel Devanur,ezekiel.devanur@hotmail.com,Anand Katawati,,Bengaluru,Ambur Star Briyani Since 1890,3,$49.26,,pending,Mutton Mini Bucket (Qty: 1); Mutton Bucket Biryani Large (Qty: 1); Chicken 65 (boneless) (Qty: 3)
G5pxasmJ5uGPBVyDKtjY,"Dec 24, 2024, 06:13 PM",Amanda Umavi Subasinghe,amandaumavisubasinghe@gmail.com,Warren D’cruz,,Ernakulam,Milano Ice Cream,1,$3.30,,pending,Three Flavours Ice cream (Qty: 1)
pScjKWsyR9HKpRYZE3Jx,"Dec 24, 2024, 05:58 PM",Amanda Umavi Subasinghe,amandaumavisubasinghe@gmail.com,Warren D’cruz,,Ernakulam,Milano Ice Cream,1,$3.30,,pending,Three Flavours Ice cream (Qty: 1)
l1tVpP6cuhC9fgotmpE2,"Dec 23, 2024, 06:35 PM",Ezekiel Devanur,ezekiel.devanur@hotmail.com,Sheela Sundar Devanur & Lalitha,,Bengaluru,Ambur Star Briyani Since 1890,2,$15.04,,pending,Mutton Mini Bucket (Qty: 1); Chicken 65 (boneless) (Qty: 1)
N8oPYFPrsK29UnlTNr6q,"Dec 22, 2024, 05:15 PM",Ezekiel Devanur,ezekiel.devanur@hotmail.com,Sheela Sundar Devanur & Lalitha,,Bengaluru,Udupi Vaibhav,2,$2.82,,pending,Idli (2 Pcs)                              (Qty: 3); Vada (1 Pc)                              (Qty: 2)
R7sK1yMpDzZ0oWsA9Rpd,"Dec 22, 2024, 10:49 AM",prem swaroop,pyppremswaroop@gmail.com,Pallavi,,Bengaluru,The Belgian Waffle Co.,1,$3.67,,pending,Kiki & Oreo Cream Waffle (Qty: 2)
HU2N4SUfkkuRikko1IkL,"Dec 21, 2024, 12:09 AM",Poojitha Arangam,pooji369a@gmail.com,Naga Kiran Varanasi,,Bengaluru,Domino's Pizza,4,$10.40,,pending,Pepsi 475ml (Qty: 1); Choco Lava Cake (Qty: 1); Indi Chicken Tikka Cheese Burst (Qty: 1); Double Cheese Margherita Cheese Burst (Qty: 1)
MVi2cMMapw1TZBnFZ0Kw,"Dec 20, 2024, 10:43 PM",Praveen Bandaru,praveen6.007@gmail.com,Sanju,,Ballepally,POTLAM BIRYANI,2,$5.30,,pending,Potlam Special Chicken Biryani (Qty: 1); Extra Chicken Piece (Qty: 1)
nxT9B11woE91jgQoUpAT,"Dec 19, 2024, 11:19 PM",Latha Kaps,sailathak@gmail.com,Durga Prasad Sarma,,Hyderabad,Minerva Coffee Shop,2,$7.00,,pending,Veg Soft Noodles (Qty: 1); Tomato Soup (Qty: 1)
qONR67p2HzBBtBRnJxUo,"Dec 19, 2024, 07:05 PM",raghav vadehra,raghavvadehra265@gmail.com,Rakesh vadehra,,Jalandhar,Lovely Bake Studio,5,$4.30,,pending,Butter Pista Cookies 60 Gms (Qty: 1); Coconut Cookies 60 Gms (Qty: 1); Jeera Salted 200 Gms (Qty: 2); Rusk Elaichi Bk 150 Gms (Qty: 1); Rusk Plain Bk 150 Gms (Qty: 1)
pZPXjCcPVwn8Q0mkLG5x,"Dec 19, 2024, 06:15 PM",raghav vadehra,raghavvadehra265@gmail.com,Rakesh vadehra,,Jalandhar,AAR KAY Vaishno Dhaba (Nakodar Road),2,$8.47,,pending,Dal Makhani (Qty: 2); Cheese Tomato (Qty: 2)
galRR2O5HN9APq5wXuWv,"Dec 19, 2024, 11:59 AM",raghav vadehra,raghavvadehra265@gmail.com,Rakesh vadehra,,Jalandhar,Food Bazar,2,$12.06,,pending,Masala Dosa (Qty: 4); Jalebi (Qty: 3)
bavwNjpJ3EIbkE8eJvYG,"Dec 19, 2024, 09:06 AM",Somenath Gupta,sgupta210@gmail.com,Tapasi Mukherjee ,,Kolkata,Crazy 4 Cakes,1,$6.73,,pending,1LB RICH PLUM CAKE  (Qty: 1)
vSuNswElNk7KmXP6dcJf,"Dec 19, 2024, 08:03 AM",Poojitha Arangam,pooji369a@gmail.com,Naga Kiran Varanasi,,Bengaluru,McDonald's,2,$4.45,,pending,Big Spicy Chicken Wrap (Qty: 1); Chicken Maharaja Mac Burger (Qty: 1)
EvtgVhSXvLVAJHpbWXYo,"Dec 16, 2024, 10:52 PM",Latha Kaps,sailathak@gmail.com,Durga Prasad Sarma,,Hyderabad,Minerva Coffee Shop,2,$7.53,,pending,Veg Pulao (Qty: 1); Veg Sweet Corn Soup (Qty: 1)
CbmCaibrvQ5hkYLz6gn6,"Dec 13, 2024, 11:44 PM",raghav vadehra,raghavvadehra265@gmail.com,Rakesh vadehra,,Jalandhar,Manni Dhaba,3,$7.06,,pending,Mix Veg (Qty: 2); Cheese Chilly (Qty: 1); Mushroom Matar (Qty: 1)
iW9RJWMRDDbOkP3w37Yg,"Dec 13, 2024, 11:41 PM",raghav vadehra,raghavvadehra265@gmail.com,Rakesh vadehra,,Jalandhar,Dhan Guru Ramdass Sweet Shop,3,$12.12,,pending,"Moti Choor Ladoo [1 kg, 1 Box] (Qty: 2); Dhokla [250 grams] (Qty: 1); Til Puga [250 grams] (Qty: 3)"
0ZmnIzihfzjwOy4sedKD,"Dec 13, 2024, 07:35 PM",raghav vadehra,raghavvadehra265@gmail.com,Rakesh vadehra,,Jalandhar,Model Town ke Famous Channa Kulche,2,$4.94,,pending,Channa kulcha [3 pieces] (Qty: 5); Chana Bhature [2 Pieces] (Qty: 1)
aO7fT8Bz8GJhnZvpMfxM,"Dec 12, 2024, 11:07 PM",raghav vadehra,raghavvadehra265@gmail.com,Rakesh vadehra,,Jalandhar,Super Cremica Sweets,2,$20.54,,pending,Gajrella (Qty: 2); Moong Dal Halwa (Qty: 1)
Wgy3b6REPcWhpy6uN3pY,"Dec 12, 2024, 06:42 PM",Raj H,raj.honnaya@gmail.com,Valpadi Honnaya,,Mangaluru,Machli Sea Food,5,$12.48,,pending,Prawns Ghee Roast (Qty: 1); Bangda(Fish) (Qty: 1); Chapathi (Qty: 2); Prawns Biryani (Qty: 1); Veg Kolhapuri               (Qty: 1)
FfkWanmqFdzj8SEc1zYC,"Dec 11, 2024, 09:38 PM",Siddharth Pandey,sidhomeacc@gmail.com,P N Pandey,,Varanasi,Delicious Food And Bakery,1,$8.71,,pending,Black forest                                                                                                                              (Qty: 1)
0CNWgoLzI6gZnrreju78,"Dec 11, 2024, 07:40 PM",Siddharth Pandey,sidhomeacc@gmail.com,P N Pandey,,Varanasi,Taste King,4,$30.13,,pending,Aloo Tikki Cheese Burger (Qty: 10); Chilly Paneer Gravy (Qty: 2); Veg Fried Rice (Qty: 1); Veg Chowmein (Qty: 1)
MRsN4Fq4LaGG7yk8nMW8,"Dec 8, 2024, 07:23 PM",guy langdon,kiotdl4@gmail.com,Tanaya Pai,,Mumbai,The Bagel Shop,2,$6.00,,pending,Blueberry Muffin (Qty: 1); Flavoured Cream Cheese Bagel Sandwich (Qty: 1)
MzPmR4jGfNZ83B9IeD79,"Dec 7, 2024, 11:37 PM",Arvind Naidu,arvind.raj.naidu@gmail.com,Chairmen Dixit,,Mumbai,Brijwasi sweets,3,$8.24,,pending,Peri Peri Potato Wafers 200 Gms (Qty: 1); Blueberry Shrikhand 250 Gms  (Qty: 1); Dryfruit Shrikhand 250 Gms (Qty: 1)
vHT4V2579D6ElXTU9Ai1,"Dec 7, 2024, 04:14 PM",Rachna Mathur,mathurachna@gmail.com,Renuka Lal,,Hyderabad,Thinespo,4,$37.00,,pending,Greek Salad (Qty: 1); Grilled Salmon (Qty: 1); Brunt Chilli Prawns (Qty: 1); Chicken Lasgna Pink Sauce (Qty: 2)
rVoGr5VMU5aQNi7VIDFe,"Dec 7, 2024, 04:01 PM",Rachna Mathur,mathurachna@gmail.com,Renuka Lal,,Hyderabad,Concu,1,$14.36,,pending,Chocolate Fudge Cake (Qty: 4)
zfmZEZ6c4hMQ8Mt03642,"Dec 6, 2024, 09:40 PM",Manisha Guha,manisha.guha@gmail.com,Sitansu guha,,Kolkata,Aminia Restaurant,1,$4.24,,pending,Chicken Reshmi Kebab (Qty: 1)
8Eqs5E6S7pUV3ghVpToh,"Dec 6, 2024, 09:35 PM",Manisha Guha,manisha.guha@gmail.com,Sitansu guha,,Kolkata,Kasturi Restaurant,2,$10.59,,pending,Sukto (Qty: 2); Diamond Fish Fry With Kasundi (2 Pcs) (bhetki) (Qty: 2)
ProXTbR5ak3xnBNetAkF,"Dec 6, 2024, 01:34 AM",Poojitha Arangam,pooji369a@gmail.com,Naga Kiran Varanasi,,Bengaluru,Nahdi Mandi Restaurant,3,$9.43,,pending,Turkish alfaham mandi (Qty: 1); Turkish alfaham only (Qty: 1); Grilled mutton only (Qty: 1)
ceCwGOPTZO3nX7s4z1xm,"Dec 3, 2024, 05:49 PM",Yatin Rao,yatin.rao@gmail.com,Aparna Patil,,Kalyan,Bangalore Iyengar's Bakery,1,$1.53,,pending,Veg Patties [4 Pieces] (Qty: 1)
uonAPhphdJkY5gBlwXBl,"Dec 3, 2024, 07:39 AM",Poojitha Arangam,pooji369a@gmail.com,Naga Kiran Varanasi,,Bengaluru,Meghana Foods,2,$3.51,,pending,Chicken Boneless Biryani (Qty: 1); Thums Up [600ml] (Qty: 1)
Tarh9szJrbdNAPcS2BCK,"Dec 2, 2024, 12:56 AM",Poojitha Arangam,pooji369a@gmail.com,Naga Kiran Varanasi,,Bengaluru,McDonald's,2,$3.10,,pending,4 Pcs Chicken Nuggets (Qty: 1); Big Spicy Chicken Wrap (Qty: 1)
hgJzJlbh7ve9Y3m35V7b,"Dec 2, 2024, 12:41 AM",Poojitha Arangam,pooji369a@gmail.com,Naga Kiran Varanasi,,Bengaluru,McDonald's,2,$4.31,,pending,Chicken Maharaja Mac Burger (Qty: 1); McSpicy Chicken Burger (Qty: 1)
XNbl7hUliVINKrwhqcGK,"Dec 1, 2024, 07:17 PM",raghav vadehra,raghavvadehra265@gmail.com,Rakesh vadehra,,Jalandhar,Sharma Snacks,1,$11.48,,pending,Samosa (Qty: 65)
2cclPkfracUc6c3mObHM,"Nov 30, 2024, 09:55 PM",Merlyn Johnson,merlynjohnson@gmail.com,Mercy,,Chennai,A2B - Adyar Ananda Bhavan,6,$31.32,,pending,Kaju Kathily (Qty: 1); Veg Fried Rice - Veg Manchurian Gravy (Qty: 1); Veg Fried Rice -Chilly Panner Dry (Qty: 1); Veg Noodles- Gobi Manchurian Dry (Qty: 1); Kaju Mysore Pak (Qty: 1); Panneer Butter Masala (Qty: 1)
WUGdawu2r7v33YJfSEWS,"Nov 30, 2024, 12:37 PM",raghav vadehra,raghavvadehra265@gmail.com,Rakesh vadehra,,Jalandhar,Cake House,9,$10.00,,pending,Dry Fruit Biscooti (Qty: 1); Brown Bread (Qty: 1); Paneer Patty (Qty: 4); Cream Roll (Qty: 2); Atta Cookies 500Gm (Qty: 1); Sweet Bun(Pack Of 2) (Qty: 1); Kulcha (Pack Of 5) (Qty: 1); Chocolate Muffin (Qty: 2); Vanilla Muffin (Qty: 2)
s6wRdIicRk1QsisUOnAS,"Nov 30, 2024, 12:22 PM",raghav vadehra,raghavvadehra265@gmail.com,Rakesh vadehra,,Jalandhar,AAR KAY Vaishno Dhaba (Nakodar Road),2,$6.83,,pending,Dal Makhani (Qty: 2); Mix Vegetable (Qty: 2)
QdBOBE4BDH1faPihRbpG,"Nov 30, 2024, 12:18 PM",raghav vadehra,raghavvadehra265@gmail.com,Rakesh vadehra,,Jalandhar,Food Bazar,3,$10.36,,pending,"Masala Dosa (Qty: 1); Jammu Poori, Aloo, Chana [2 Pcs] (Qty: 2); Chana Bhatura [2 Pcs] (Qty: 2)"
uyJaR2jfEoV6kn0xjOsU,"Nov 22, 2024, 10:10 PM",Devarshi Dhola,devarshidhola563@gmail.com,Nency Rathod,,Surat,Domino's Pizza,4,$7.04,,pending,Choco Lava Cake (Qty: 1); Pepsi 475ml (Qty: 1); Garlic Breadsticks + Cheesy Dip (Qty: 1); Double Cheese Margherita Cheese Burst (Qty: 1)
39qCmAEckEbHTZ0CFF29,"Nov 22, 2024, 09:57 PM",Poojitha Arangam,pooji369a@gmail.com,Naga Kiran Varanasi,,Bengaluru,Pizza Hut,3,$7.19,,pending,Pepsi 475ml (Qty: 1); Chicken Pepperoni (Qty: 1); Awesome American Cheesy Chicken (Qty: 1)
YMUBP36fwrXk4AqdsJsk,"Nov 21, 2024, 09:08 PM",Jacintha Vimal,vimhcl@gmail.com,G K Varghese,,Chennai,Sea Shell,1,$4.71,,pending,Mutton Bone Soup (Qty: 2)
iGnbxb18aOzowJ2LiMFM,"Nov 21, 2024, 04:56 AM",Poojitha Arangam,pooji369a@gmail.com,Naga Kiran Varanasi,,Bengaluru,McDonald's,2,$5.46,,pending,Chicken Maharaja Mac Burger Combo (Qty: 1); McSpicy Chicken Burger (Qty: 1)
PT3mBvaBat20UCyyksmg,"Nov 20, 2024, 10:20 PM",Dhwani Nijhawan,dhwani.nijhawan@gmail.com,Sheetal,,Vadodara,Raju Omlet Centre (Roc Express Delivery),2,$4.94,,pending,BUTTER BHURJI (1 Eggs) (Qty: 2); BUTTER Omlet(1 Egg) (Qty: 2)
cHD4CP4p10HDpTpVlHFw,"Nov 20, 2024, 08:46 PM",Dhwani Nijhawan,dhwani.nijhawan@gmail.com,Sheetal,,Vadodara,Theobroma,2,$10.48,,pending,Wheat Bread Loaf [400g] (Qty: 1); Hazelnut Praline Mousse Cake [1/2kg] (Qty: 1)
hMBSemJ1wV0nWaIvb6ZV,"Nov 19, 2024, 02:57 AM",raghav vadehra,raghavvadehra265@gmail.com,Rakesh vadehra,,Jalandhar,Kamal Vaishno Dhaba,2,$2.35,,pending,Dal Fry (Mah)  (Qty: 1); Aloo Matter Paneer  (Qty: 1)
br1toBsTsZTOvL3vYOOg,"Nov 19, 2024, 02:53 AM",raghav vadehra,raghavvadehra265@gmail.com,Rakesh vadehra,,Jalandhar,Ludhiana Ke Mashoor Chole Kulche,1,$5.05,,pending,Amul butter bharwa kulcha (Qty: 11)
Fv81EjVfamRZfk7JyMnY,"Nov 15, 2024, 09:39 AM",Poojitha Arangam,pooji369a@gmail.com,Naga Kiran Varanasi,,Bengaluru,Meghana Foods,2,$3.60,,pending,Meghana Special Biryani (Qty: 1); Thums Up [600ml] (Qty: 1)
uRw1oEDWOV3UtoNtgPbR,"Nov 11, 2024, 08:35 AM",Poojitha Arangam,pooji369a@gmail.com,Naga Kiran Varanasi,,Bengaluru,Andhra Gunpowder,2,$2.98,,pending,Sambar Rice Bowl (Qty: 1); Rasam and Poriyal Rice Bowl (Qty: 1)
ZNKw4eKhwm8OG0MXCtqD,"Nov 10, 2024, 11:13 PM",Poojitha Arangam,pooji369a@gmail.com,Naga Kiran Varanasi,,Bengaluru,Meghana Foods,3,$6.69,,pending,Chilly Chicken (Andhra Style) (Qty: 1); Chicken Boneless Biryani (Qty: 1); Thums Up [600ml] (Qty: 1)
loMJ8GpEy7OrwlzUBKLK,"Nov 10, 2024, 08:53 AM",Poojitha Arangam,pooji369a@gmail.com,Naga Kiran Varanasi,,Bengaluru,WarmOven Cake & Desserts,2,$3.34,,pending,Death By Chocolate (DBC) Jar Cake (Qty: 1); Chocolate Truffle Jar (Qty: 1)
XX3QAz8W4UHj5HOkZIee,"Nov 6, 2024, 11:40 PM",Aasheesh Kolli,kolliaasheesh@gmail.com,Dhiraj Mehta,,Mumbai,Sheetal Restaurant and Bar,1,$7.30,,pending,Butter Chicken Roll (Qty: 1)
dP9YLCz3oRSjsoHewHat,"Nov 6, 2024, 02:49 PM",raghav vadehra,raghavvadehra265@gmail.com,Rakesh vadehra,,Jalandhar,Sharma Snacks,1,$1.41,,pending,Samosa (Qty: 8)
Hr3YXa8iGXqv4jagwplr,"Nov 5, 2024, 08:16 PM",Rohit Lobo,rohitlobo.m@gmail.com,Jennifer Lobo,,Mangaluru,Macchhi Sea Food Restaurant,4,$12.24,,pending,Bangude Rava Fry (Qty: 1); Pomfret Ghee Roast (Qty: 1); Fish Thali(Boiled Rice) (Qty: 1); Chicken Gheeroast Biriyani (Qty: 1)
ED2BNVWE91PHhveNYnzB,"Nov 5, 2024, 07:57 PM",Poojitha Arangam,pooji369a@gmail.com,Naga Kiran Varanasi,,Bengaluru,Sitara Veg,4,$4.28,,pending,Kara Dosa (Qty: 1); Paneer Cheese Grilled Sandwich (Qty: 1); Poori Chana Masala ( 3 Pcs) (Qty: 1); Vada( 1 Pc) (Qty: 2)
2MvBvKgXVKUZeAJsdv4f,"Nov 5, 2024, 08:34 AM",Devarshi Dhola,devarshidhola563@gmail.com,Nency Rathod,,Surat,Theobroma,3,$9.77,,pending,Eggless Walnut Brownie [1 Piece] (Qty: 2); Eggless Fresh Cream Pineapple Pastry [1 Piece] (Qty: 2); Hazelnut Praline Mousse Pastry [1 Piece] (Qty: 2)
FluDoWCg5cfpJ74TSP4A,"Nov 4, 2024, 10:08 PM",Poojitha Arangam,pooji369a@gmail.com,Naga Kiran Varanasi,,Bengaluru,KFC,1,$6.43,,pending,Ultimate Savings Chicken Bucket (Qty: 1)
tCUVLchh0BsBrBqTxiOs,"Nov 4, 2024, 01:41 AM",raghav vadehra,raghavvadehra265@gmail.com,Rakesh vadehra,,Jalandhar,Bittu Pardesi,2,$5.88,,pending,Noodles Burger (Qty: 4); Chaat (Qty: 4)
PZe4Kh0bfIjn5ojJrQoA,"Nov 2, 2024, 09:45 PM",sravya naga,cvnagasravya@gmail.com,Laxmi ,,Hyderabad,Karachi Bakery,1,$2.12,,pending,Red Velvet Muffins (Pack Of 6) [o] (Qty: 1)
EpZu4MAcHlZBDf3JciEJ,"Nov 2, 2024, 09:36 PM",sravya naga,cvnagasravya@gmail.com,Laxmi ,,Hyderabad,Maheshwari Chaat,2,$4.46,,pending,Butter Samosa Chaat (Qty: 3); Pani Puri (12 Pcs) (Qty: 2)
B0xKcI7DwvXS1OMrHIqg,"Nov 2, 2024, 09:30 PM",Naman Lakhanpal,lakhanpalnaman@gmail.com,Jai Lakhanpal,,Phagwara,"Virsa Pizza, Snacks & Coffee Bar",5,$12.01,,pending,Spicy Veg Pizza (Qty: 1); Paneer Makhani Pizza (Qty: 1); Fresh Lime Soda (Qty: 2); Cheese Corn Sandwich (Qty: 1); Cheese Seekh Kabab (Qty: 1)
nhYTmdk8TeqkTgZbb4ad,"Nov 2, 2024, 01:02 PM",raghav vadehra,raghavvadehra265@gmail.com,Rakesh vadehra,,Jalandhar,AAR KAY Vaishno Dhaba (Nakodar Road),3,$8.24,,pending,Mix Vegetable (Qty: 2); Gobhi Parantha (Qty: 2); Kadhi Pakora (Qty: 2)
fwzopWoR9RF0cfzwvnyq,"Nov 2, 2024, 01:00 PM",raghav vadehra,raghavvadehra265@gmail.com,Rakesh vadehra,,Jalandhar,Food Bazar,1,$5.65,,pending,Chana Bhatura [2 Pcs] (Qty: 3)
WixCOJV3jLvaE2sU6ydG,"Nov 1, 2024, 10:34 PM",sravya naga,cvnagasravya@gmail.com,Anasuya,,Hyderabad,Brahmana Vantillu,3,$4.49,,pending,Gutti Vankaya Curry Dry (Qty: 1); Sambar (Qty: 1); Roti Pachadi (Qty: 1)
RERKAxO0rcDZGytjd1Sd,"Nov 1, 2024, 03:17 AM",sarbjeet Manku,sarbjeetksidhu5@gmail.com,Gurinder ,,Barnala,Amrit's Bikaner Mishthan Bhandar,3,$6.00,,pending,Black Gulab Jamun (Qty: 1); Kesar Laddu (Qty: 1); Besan Burfi Desi Ghee [250 Grams]   (Qty: 1)
ouMKnRQfBdw1AMSuGg5E,"Oct 31, 2024, 03:00 PM",Tejas,tejashah94@gmail.com,Daksha Shah,,Mumbai,Kantilal Damodar Mithaiwala,1,$4.29,,pending,Kaju Rose Ball. (Qty: 1)
Ou60yST3PF88g4L9AXES,"Oct 31, 2024, 05:29 AM",Nallur,sunitha.nallur@gmail.com,G.Y.Narayana,,Hyderabad,NIC Ice Creams,3,$9.48,,pending,Stick Kesar Pista Kulfi (Qty: 2); Alphonso Mango Ice Cream 750ml (Qty: 1); French Vanilla Ice Cream 500ml (Qty: 1)
BBHMecHY3HiAaFJmjrGK,"Oct 31, 2024, 05:29 AM",Nallur,sunitha.nallur@gmail.com,G.Y.Narayana,,Hyderabad,NIC Ice Creams,3,$9.48,,pending,Stick Kesar Pista Kulfi (Qty: 2); Alphonso Mango Ice Cream 750ml (Qty: 1); French Vanilla Ice Cream 500ml (Qty: 1)
jgwJk5OJYW4BXpcY4FxV,"Oct 31, 2024, 04:13 AM",Puja Sharma,krishav.sharma@gmail.com,Muskan Gulati,,Patiala,Kohli Sweets (Tripuri),4,$7.85,,pending,Chamcham  (Qty: 1); Paan Petha  (Qty: 1); Dry Kachori (Qty: 1); Dry Samosa (Qty: 1)
rfLzcJh01lSDIYsIw5Uj,"Oct 30, 2024, 08:30 PM",Nivy M,niveditameethan@gmail.com,Meena Achuthan,,Chennai,Sangeetha Veg Restaurant,12,$25.08,,pending,Stuffed Paratha Aloo (Qty: 1); Bhindi Masala Medium (Qty: 1); Rava Kesari (Qty: 1); Garlic Naan (Qty: 1); Panneer Kulcha (Qty: 1); Butter Naan (Qty: 1); Kashmiri Naan (Qty: 1); Hariyali Paneer Tikka Medium (Qty: 1); Veg Malai Kofta Curry Medium (Qty: 1); Malai Kofta [ Sweet Gravy ] Medium (Qty: 1); Chilly Garlic Fried Rice Medium (Qty: 1); Badham Halwa [50 Gms] (Qty: 1)
rcZLNDNoFgCVV458OnMU,"Oct 30, 2024, 08:50 AM",Vikram Kalidindi,vikram.kalidindi@gmail.com,Aditi Murthy,,Bengaluru,Magnolia Bakery,7,$17.74,,pending,CHOCOLATE HAZELNUT HAND PIE (Qty: 1); Carrot Cupcakes - Pack of Two (Qty: 1); MAGIC COOKIE BAR (Qty: 1); German Chocolate Cupcake - Pack of Two (Qty: 1); Apple Crumb Pie Cupcake - Pack of Two (Qty: 1); PISTACHIO BISCOTTI JAR (Qty: 1); EGGLESS DOUBLE FUDGE (Qty: 1)
NlMDF2VLEnSKXxdOTkfz,"Oct 30, 2024, 08:29 AM",Arvind Naidu,arvind.raj.naidu@gmail.com,Anjiah,,Chennai,Erode Amman Mess,4,$5.14,,pending,Mutton Milagu Gravy (Qty: 1); Idichha Podi Paniyaram (5pcs) (Qty: 1); Muttai Paniyaram 5pcs (Qty: 1); Paniyaram (5pcs) (Qty: 1)
fMvLOMIYFq7iLZVhiB7r,"Oct 30, 2024, 06:31 AM",Nancy Raj,raj.nancy@gmail.com,Louis fernandes,,Hyderabad,Mandi king arabian restaurant,4,$23.29,,pending,Mutton Chops (Qty: 1); Mutton Sheek Kabab (Qty: 1); Mutton Juicy Mandi (Qty: 1); Blue Lagoon Mojito (Qty: 2)
fSODS3RUtTdta1xD5kUG,"Oct 29, 2024, 10:03 PM",Wat a Life,chandnirattan@gmail.com,Rakesh Vadehra ,,Jalandhar,Lovely Bake Studio,8,$28.12,,pending,A Mix Dry Fruit Cake 500 Gms (Qty: 1); Naan Khatai 800 Gms (Qty: 1); Almond Roasted 60 Gms (Qty: 1); Coconut Cookies 60 Gms (Qty: 1); Jeera Salted 400 Gms (Qty: 1); Gift Hamper 3 Pc Cylinder (Qty: 1); Gift Cookies Hut Gift Hampers (Qty: 1); Butter Pista Cookies 200gm (Qty: 1)
jc2IORmsZgDt8WtwGrI2,"Oct 29, 2024, 07:33 PM",Domnic Fernandez,domnic8899@gmail.com,Louis Fernandes,,Hyderabad,Punjabi Paratha House,6,$8.24,,pending,Veg Curry of the Day (Qty: 2); Gobi Paratha (Qty: 1); Aloo Methi Paratha (Qty: 2); Mixed Veg Paratha (Qty: 1); Aloo Palak Paratha (Qty: 1); Mooli Paratha (Qty: 2)
OCXaFos5LXLuPJbGXG7E,"Oct 29, 2024, 07:28 PM",Oscar Fernandes,oscarfernandes999@gmail.com,Louis Fernandes,,Hyderabad,Theobroma,1,$7.36,,pending,Dutch Truffle Cake [1/2kg] (Qty: 1)
s4qm5S2NeBDDbgS0zWER,"Oct 28, 2024, 04:56 AM",Smitha Vikram,smithaavikram@gmail.com,suguna,,Chennai,Sangeetha Veg Restaurant,3,$6.10,,pending,Tomato Soup (Qty: 2); Idly [2 Pc] (Qty: 3); Extra Rasam [100 Ml] (Qty: 2)
v77wSL9l1bFiY95P0MmU,"Oct 27, 2024, 06:26 PM",Smitha Vikram,smithaavikram@gmail.com,suguna,,Chennai,Sangeetha Veg Restaurant,2,$3.12,,pending,Ghee Roast (Qty: 1); Rava Kitchadi (Qty: 1)
BWzR3WSqrtp0h5p2QM51,"Oct 27, 2024, 09:46 AM",Poojitha Arangam,pooji369a@gmail.com,Naga Kiran Varanasi,,Bengaluru,McDonald's,3,$10.58,,pending,Big Spicy Chicken Wrap (Qty: 1); Chicken Maharaja Mac Burger (Qty: 1); McSpicy Premium Burger Chicken Combo (Qty: 1)
WfB3fYvkEzkiN7NWvd2f,"Oct 26, 2024, 09:25 PM",Raj Sundaram,rajgt40@gmail.com,Durga ,,Egattur,Ibaco,1,$11.81,,pending,Almond Pistachio Ice Cream Cake (Qty: 1)
LD6Apf20p2XeClTB5Lsi,"Oct 26, 2024, 06:26 PM",Santhosh Kumar,augusanthosh@gmail.com,Sandy,,Chennai,Shri Gowri Krishnaa,3,$4.44,,pending,Pongal (Qty: 1); Mini Tiffin (Qty: 1); Idli (2 Pcs) (Qty: 1)
UO0TWbBRSHZgHpKb15nE,"Oct 22, 2024, 11:13 AM",Devarshi Dhola,devarshidhola563@gmail.com,Nency Rathod,,Surat,Domino's Pizza,1,$3.75,,pending,Cheese Volcano Veg Paradise (Qty: 1)
ShZCPySs4Vs6pkwxqYuw,"Oct 22, 2024, 07:30 AM",Poojitha Arangam,pooji369a@gmail.com,Naga Kiran Varanasi,,Bengaluru,Bite Me Cupcakes,3,$2.30,,pending,Red Velvet Cupcake (Qty: 1); Chocolate Truffle Cupcake (Qty: 1); Irish Coffee Cupcake (Qty: 1)
sOoyKCbFI97iGeg6lMid,"Oct 22, 2024, 07:28 AM",Poojitha Arangam,pooji369a@gmail.com,Naga Kiran Varanasi,,Bengaluru,Meghana Foods,2,$8.59,,pending,Lemon Chicken (Qty: 1); Meghana Special Biryani (Qty: 1)
ITTme5qclb7YKCbbeUfY,"Oct 22, 2024, 03:39 AM",Rajeev Singh,rajeevsingh0401@gmail.com,Sunita Singh,,Lucknow,Rollarappaa,3,$11.85,,pending,Achari Chicken Roll (Qty: 1); Double Egg Double Chicken Roll (Qty: 1); Assorted Cutting Rolls Pack Of 4 [Veg] (Qty: 1)
gJVyqyRvYTiBl9ThjFaT,"Oct 20, 2024, 08:19 AM",Poojitha Arangam,pooji369a@gmail.com,Naga Kiran Varanasi,,Bengaluru,Hotel Empire,1,$4.38,,pending,Empire Special Chicken Kebab (Qty: 3)
CPVTOc6BykYsRqthwyym,"Oct 19, 2024, 06:56 AM",Poojitha Arangam,pooji369a@gmail.com,Naga Kiran Varanasi,,Bengaluru,Pizza Hut,4,$9.70,,pending,Choco Volcano (Qty: 1); Pepsi 475ml (Qty: 1); Chicken Sausage (Qty: 1); Awesome American Cheesy Chicken (Qty: 1)
NO5hLiVyjZD5jlxnKlnd,"Oct 19, 2024, 01:12 AM",raghav vadehra,raghavvadehra265@gmail.com,Rakesh vadehra,,Jalandhar,Lovely Sweets,1,$4.48,,pending,Ladoo Jaipuri Motichoor 1 Kg (Qty: 2)
pu0Gjy3V0RyMWmfsmoF0,"Oct 19, 2024, 01:06 AM",raghav vadehra,raghavvadehra265@gmail.com,Rakesh vadehra,,Jalandhar,Bikanervala,3,$6.76,,pending,Mathi Mitthi Desi Ghee (Qty: 1); Lal Fiki Pheni 200G (Qty: 2); Rasgulla (Qty: 10)
9OLPkptcSzrDkNQhwUf7,"Oct 19, 2024, 12:56 AM",raghav vadehra,raghavvadehra265@gmail.com,Rakesh vadehra,,Jalandhar,Kamal Vaishno Dhaba,5,$10.83,,pending,Shahi Paneer (Qty: 2); Malai Kofta  (Qty: 2); Mixed Veg  (Qty: 2); Tawa Butter Chapati (Qty: 14); Jeera Rice    (Qty: 1)
18YZsL2qExvi4FI3Zs9c,"Oct 19, 2024, 12:45 AM",raghav vadehra,raghavvadehra265@gmail.com,Rakesh vadehra,,Jalandhar,Food Bazar,3,$9.77,,pending,Masala Dosa (Qty: 1); Chana Bhatura [2 Pcs] (Qty: 3); Idli Vada (2pcs.) (Qty: 1)
oWk8mutRyoSQzVTuFjO6,"Oct 17, 2024, 08:56 PM",Arvind Naidu,arvind.raj.naidu@gmail.com,Lakshmi,,Chennai,Erode Amman Mess,2,$4.86,,pending,Erode Mutton Chukka Thokku B/l (Qty: 1); Muttai Paniyaram 5pcs (Qty: 1)
WgZTbCtFUH61WPwAz0iN,"Oct 17, 2024, 03:55 PM",Prathi Sri,prathimam@outlook.com,Nirmala Srinivas,,Mysuru,Bombay Tiffanys Kuvempu,7,$11.50,,pending,Samosa (best Seller) (Qty: 3); Khaman Dhokla[plain 2pcs.] (Qty: 3); Combo Dholka (3 Pcs) (Best Seller) (Qty: 1); Pepper Cashew Nuts (100 Gms) (Qty: 1); Kesar Badam Milk (Best Seller) (250 ml ) (Qty: 2); 500gms. Bengali Sweets Mix                                   (Qty: 1); Plain Khamand Dhokla(2pcs) (Qty: 2)
MOdO6coGMTbXS71oMthY,"Oct 14, 2024, 09:08 PM",sravya naga,cvnagasravya@gmail.com,V anasuya,,Hyderabad,Milan Juice Center,2,$7.49,,pending,Carrot Juice (Qty: 2); Beetroot Juice (Qty: 2)
rqWaIynR1gZB1ANZMK1Z,"Oct 14, 2024, 05:01 PM",sravya naga,cvnagasravya@gmail.com,V anasuya,,Hyderabad,Vellanki Foods,7,$12.82,,pending,Bobbatlu (Qty: 1); Dry Fruit Laddu (Qty: 1); Chegodi (Small) (Qty: 1); Jowar Flakes Mixture (Qty: 1); Redchilli Gongura (Qty: 1); Karivepaku Karam (Qty: 1); Kakarakaya Pakoda - 150Grms (Qty: 1)
YUcZrX85c6TOUtkZlgVG,"Oct 14, 2024, 09:20 AM",Poojitha Arangam,pooji369a@gmail.com,Naga Kiran Varanasi,,Bengaluru,McDonald's,2,$7.47,,pending,Big Spicy Chicken Wrap (Qty: 1); Chicken Maharaja Mac Burger Combo (Qty: 1)
mi7zNkvICaa551uUOJC7,"Oct 12, 2024, 08:58 AM",Franco Davis,francodavis@gmail.com,Baby Davis,,Chennai,Thaligai Veg Restaurant,16,$33.07,,pending,Arisi Koozh Vadam - Green Chilli Vadam (Qty: 2); Palkova 100 Gms (Qty: 3); Manoharam (250 Gram) (Qty: 2); Thamarai Thandu Vathal (Qty: 1); Kuchi Vathal (Qty: 1); Oma Podi Vadam (Qty: 1); Kothavarangai Vathal (Qty: 1); Thengai Podi 200 Gms (Qty: 2); Paruppu Podi 200 Gms (Qty: 1); Karuvepilai Podi 200 Gms (Qty: 3); Karam Narthangai 100 Gms (Qty: 1); Pagarkai Vathal 100 Gms (Qty: 1); Pachai Payar Vathal 100 Gms (Qty: 1); Vazhai Thandu Vathal 100 Gms (Qty: 1); Red Chilli Vadam 100 Gms (Qty: 1); Manthakkali Vathal 100gms (Qty: 1)
ngsDLObYWT4ZDysji7PL,"Oct 12, 2024, 08:03 AM",Poojitha Arangam,pooji369a@gmail.com,Naga Kiran Varanasi,,Bengaluru,McDonald's,2,$9.30,,pending,Chicken Maharaja Mac Burger Combo (Qty: 1); McSpicy Premium Burger Chicken Combo (Qty: 1)
HjjxR8rLDJFtvFMwc2KD,"Oct 12, 2024, 05:33 AM",Ratna Kalluri,ratna_kalluri@yahoo.com,K R Bulusu,,Secunderabad,Dadu's,2,$21.76,,pending,New DryFruit Mixture (Qty: 1); Mix Sweet (ghee/khova) 1 kg (Qty: 1)
28mMqUMzmvC7XWlvfL7K,"Oct 11, 2024, 09:33 PM",Amu,ammusubri@yahoo.com,Mouna ,,Bengaluru,Nagarjuna - Since 1984,3,$25.36,,pending,Chicken Nagarjuna Gravy (Qty: 1); Mutton Biriyani (Qty: 3); Veg Biriyani (Qty: 2)
MxW9UuUwpBXxRZWT8Hgr,"Oct 11, 2024, 01:49 PM",raghav vadehra,raghavvadehra265@gmail.com,Rakesh vadehra,,Jalandhar,Dua Sweets,3,$4.47,,pending,Rasgulla (Qty: 3); Gulabjamun (Qty: 3); Beasan Barfi (Qty: 1)
EyAXWIT1D7Ae9xEtdrCp,"Oct 11, 2024, 12:49 PM",raghav vadehra,raghavvadehra265@gmail.com,Rakesh vadehra,,Jalandhar,Sharma Snacks,2,$2.26,,pending,Spring Roll  (Qty: 6); Bread Pakora (Qty: 4)
LAu1pY6M9Pkovsy3K8pF,"Oct 9, 2024, 05:34 PM",raghav vadehra,raghavvadehra265@gmail.com,Rakesh vadehra,,Jalandhar,Lovely Sweets,2,$6.39,,pending,Burfi Desi Ghee Strawberry Nariyal 1 Kg (Qty: 1); Ladoo Rajasthani Motichoor 1 Kg (Qty: 1)
paEtFdx7jUGgThUBePal,"Oct 9, 2024, 05:23 PM",raghav vadehra,raghavvadehra265@gmail.com,Rakesh vadehra,,Jalandhar,R Swami Juice Corner,1,$4.24,,pending,Anar Mixed Juice  (Qty: 6)
QTZoXCOJkAX4Chpaba92,"Oct 9, 2024, 09:44 AM",Poojitha Arangam,pooji369a@gmail.com,Naga Kiran Varanasi,,Bengaluru,Meghana Foods,1,$4.24,,pending,Chicken Boneless Biryani (Qty: 1)
ucsTK4rSRCKZ1gp8oVPP,"Oct 9, 2024, 02:43 AM",raghav vadehra,raghavvadehra265@gmail.com,Rakesh vadehra,,Jalandhar,Manni Dhaba,1,$3.18,,pending,Matar Paneer (Qty: 2)
7TiqiFcXHxXTfjwwtU85,"Oct 8, 2024, 05:12 PM",raghav vadehra,raghavvadehra265@gmail.com,Rakesh vadehra,,Jalandhar,Sh Narayan Dass Ji Bare Wale,2,$3.30,,pending,Bare  With Chana  [2 Pcs] (Qty: 2); Kachori  With Chana  [2 Pcs] (Qty: 2)
vl357dAqjCODcu7qfUpm,"Oct 8, 2024, 09:40 AM",Nikita Diyora,nikisjourney@gmail.com,Mihir Maru,,Ahmedabad,Tomato's,1,$3.71,,pending,Veg Khowsuey Soup (210 Gm) (Qty: 1)
z1EnHCRepCueLe4TBYFN,"Oct 8, 2024, 05:45 AM",Rachna Mathur,mathurachna@gmail.com,Renuka Lal,,Hyderabad,Ci Gusta!,6,$31.00,,pending,Spinach And Cheese Ravioli (Qty: 1); Chicken Lasagne Rolls (Qty: 1); Burnt Bisque Cheesecake (Qty: 1); Milk Chocolate Devilcake (Qty: 1); Lemon Chilly Fish (Qty: 1); Peri Peri Chicken (Qty: 1)
c7hD4psoQ5eY66glRB9E,"Oct 7, 2024, 02:55 PM",raghav vadehra,raghavvadehra265@gmail.com,Rakesh vadehra,,Jalandhar,Model Town ke Famous Channa Kulche,1,$4.12,,pending,Channa kulcha [3 pieces] (Qty: 5)
uzYtDfFJr2wFc1gF6kD6,"Oct 7, 2024, 06:27 AM",Kartik Chaturvedi,kartikc19@gmail.com,Anupam,,Mumbai,P Bhagat Tarachand,2,$16.24,,pending,Special Thali (Qty: 1); Supreme PBTC Thali (Qty: 2)
QhggahmWx09GxOcRxzI6,"Oct 5, 2024, 12:47 PM",raghav vadehra,raghavvadehra265@gmail.com,Rakesh vadehra,,Jalandhar,Kamal Vaishno Dhaba,3,$6.36,,pending,Dal Makhani (Mah)  (Qty: 2); Palak Kofta (Qty: 2); Kadhi Pakora  (Qty: 1)
2ArI60FS2QurIUZYrF5p,"Oct 5, 2024, 12:43 PM",raghav vadehra,raghavvadehra265@gmail.com,Rakesh vadehra,,Jalandhar,Food Bazar,1,$7.53,,pending,Chana Bhatura [2 Pcs] (Qty: 4)
NWTKLuYi0Sk2SxEX2hMa,"Oct 5, 2024, 09:21 AM",Poojitha Arangam,pooji369a@gmail.com,Naga Kiran Varanasi,,Bengaluru,McDonald's,1,$4.53,,pending,Chicken Maharaja Mac Burger Combo (Qty: 1)
ryQrWONtK6UGyMJnqYjz,"Oct 4, 2024, 07:44 PM",Franco Davis,francodavis@gmail.com,Baby Davis,,Chennai,Mambalam Annashree,1,$2.47,,pending,Annalakshmi Meals (Qty: 1)
s7JZWHLNIZwxbLg4CExF,"Oct 4, 2024, 04:55 PM",raghav vadehra,raghavvadehra265@gmail.com,Rakesh vadehra,,Jalandhar,Ahuja Chana Bhatura Corner,1,$5.41,,pending,Chana Bhatoora -2 Plate (Qty: 2)
iH4c6jwV1cZhyyyvyCqN,"Oct 3, 2024, 09:58 PM",Arvind Naidu,arvind.raj.naidu@gmail.com,Lakshmi,,Chennai,Glen's Bakehouse,2,$14.41,,pending,"11"" Pizza Veg Paneer Goes Mexican (Qty: 1); 11"" Pizza Nonveg Peri Peri Chicken (Qty: 1)"
5FvSds08ZUaODUS9H2XN,"Oct 2, 2024, 01:17 AM",Poojitha Arangam,pooji369a@gmail.com,Naga Kiran Varanasi,,Bengaluru,Nandhini Deluxe,1,$4.34,,pending,Tandoori Chicken (Qty: 1)
Flqkp0i6Kwsnt57WpEGk,"Oct 1, 2024, 04:33 AM",Nancy Raj,nancyraj@yahoo.com,Margaret Louis fernandes,,Hyderabad,Cafe Niloufer,3,$12.95,,pending,Tres Leches Dream Cake (Qty: 1); Belgian Chocolate  Croissant (Qty: 2); Rich Almond Croissant (Qty: 2)
SGJBnkIW69nD7VGQQLT3,"Sep 30, 2024, 02:57 PM",Domnic Fernandez,domnic8899@gmail.com,Margaret Fernandez,,Hyderabad,Pooriwala,3,$7.97,,pending,Aloo With Ajwain Poori (Qty: 1); Aloo With Methi Poori (Qty: 1); Chole Bhature (Qty: 1)
psDgQzjHW1cC3O6Zc52P,"Sep 28, 2024, 10:05 PM",Amu,ammusubri@yahoo.com,Malathi ,,Bengaluru,Hoskote Biryani House,4,$19.60,,pending,Naati Mutton Dum Biryani (Qty: 2); Chicken Lollipop (Qty: 1); Kaalu Menasina Koli Dry (chicken Pepper Dry) (Qty: 1); Nammoor Kuri Chops (mutton Pepper Dry) (Qty: 1)
kyneJLpgkcrR6Y1OZc2f,"Sep 27, 2024, 10:04 PM",Franco Davis,francodavis@gmail.com,Baby Davis,,Chennai,Bhavyam Veg,1,$3.94,,pending,Bhavya Bhojanam (Qty: 1)
2vBbsAWu1D6hGsTy93EV,"Sep 25, 2024, 08:43 PM",raghav vadehra,raghavvadehra265@gmail.com,Rakesh vadehra,,Jalandhar,Kamal Vaishno Dhaba,2,$2.12,,pending,Rajma  (Qty: 2); Kadhi Pakora  (Qty: 2)
7fpa1OitNQnukfLlHk2L,"Sep 25, 2024, 05:02 PM",raghav vadehra,raghavvadehra265@gmail.com,Rakesh vadehra,,Jalandhar,Model Town ke Famous Channa Kulche,2,$4.12,,pending,Channa kulcha [3 pieces] (Qty: 4); Chana Bhature [2 Pieces] (Qty: 1)
bD9KXUizlfPVOCk1uOGr,"Sep 22, 2024, 10:11 AM",Poojitha Arangam,pooji369a@gmail.com,Naga Kiran Varanasi,,Bengaluru,McDonald's,2,$5.69,,pending,Big Spicy Chicken Wrap (Qty: 1); Chicken Maharaja Mac Burger (Qty: 1)
gIZ87yzh4HsCP67ehZHA,"Sep 21, 2024, 09:17 PM",Nikita Deshpande,deshpande.nikita48@gmail.com,Nitin Deshpande,,Dombivli,Domino's Pizza,5,$18.99,,pending,Chicken Fiesta Pizza (Qty: 1); Indi Chicken Tikka Pizza (Qty: 1); Garlic Breadsticks (Qty: 1); Cheesy Dip (Qty: 2); Chicken Keema Paratha Pizza (Qty: 1)
DVJ0XmyvKJFnlKmDu0PA,"Sep 21, 2024, 11:20 AM",raghav vadehra,raghavvadehra265@gmail.com,Rakesh vadehra,,Jalandhar,Manni Dhaba,2,$6.00,,pending,Mix Veg (Qty: 2); Dal  Makhani (Qty: 2)
gzvxXV3fIriqT67hTXHE,"Sep 21, 2024, 11:14 AM",raghav vadehra,raghavvadehra265@gmail.com,Rakesh vadehra,,Jalandhar,Food Bazar,1,$4.71,,pending,Masala Dosa (Qty: 2)
FlEPdDwFoD1n8QzCmf6P,"Sep 21, 2024, 11:09 AM",raghav vadehra,raghavvadehra265@gmail.com,Rakesh vadehra,,Jalandhar,Sunny Food Corner,2,$4.94,,pending,Aloo Kulcha (1 Pc) (Qty: 5); Sweet Lassi (Qty: 2)
XYctvyOqHbcwUU1DSKsF,"Sep 18, 2024, 11:53 PM",Poojitha Arangam,pooji369a@gmail.com,Naga Kiran Varanasi,,Bengaluru,Meghana Foods,3,$8.92,,pending,Lemon Chicken (Qty: 1); Chicken Boneless Biryani (Qty: 1); Thums Up [600ml] (Qty: 1)
LQaqYYYV7DS3dCTalbaR,"Sep 16, 2024, 11:40 PM",sarbjeet Manku,sarbjeetksidhu5@gmail.com,Gurinder,,Barnala,Amrit's Bikaner Mishthan Bhandar,2,$2.18,,pending,Samosa [1 Piece] (Qty: 5); Burger[1piece] (Qty: 2)
4dUlfMVROccDi8Gg4lsp,"Sep 16, 2024, 10:59 PM",sarbjeet Manku,sarbjeetksidhu5@gmail.com,Gurinder ,,Barnala,Burger Bar,3,$5.30,,pending,Garden pizza (Qty: 1); Rainbow veggie pizza (Qty: 1); Farmhouse veggie pizza (Qty: 2)
h5K53Hbea9xGBaGgyoiD,"Sep 16, 2024, 06:36 PM",Franco Davis,francodavis@gmail.com,Baby Davis,,Chennai,Id - Chennai's Everyday Soulful,1,$3.18,,pending,South Indian Meals (Qty: 1)
WKt4iK3UvpY4od6DavM6,"Sep 14, 2024, 08:06 PM",Franco Davis,francodavis@gmail.com,Sr. Rosarita,,Bengaluru,Ammachide Kaippunnyam,5,$43.31,,pending,Chacka Chips (Qty: 6); Sharkara Varatty (Qty: 6); Banana   Chips (Qty: 6); Palada Pradhaman (Qty: 4); Vattayappam (Qty: 6)
j6tpI2kdfpq6fu3es8eD,"Sep 14, 2024, 11:59 AM",Franco Davis,francodavis@gmail.com,Sr. Rosarita,,Bengaluru,Aloft Bengaluru Whitefield,2,$42.28,,pending,Palada Pradhaman (Qty: 4); Unniyappam (Qty: 4)
AI3fVBkrRXgeOnt15si0,"Sep 11, 2024, 11:55 PM",Poojitha Arangam,pooji369a@gmail.com,Naga Kiran Varanasi,,Bengaluru,Easybites By Empire,1,$5.87,,pending,Peri Peri Wings Bucket (Qty: 1)
1lyvcAU3mF96dSrHXs7h,"Sep 11, 2024, 06:56 PM",raghav vadehra,raghavvadehra265@gmail.com,Rakesh vadehra ,,Jalandhar,Ravi Ice Cream and Juice,1,$5.23,,pending,Special Milk Badam [275ml] (Qty: 6)
3Jn46VXkGk4hdrNsPGRG,"Sep 11, 2024, 06:50 PM",raghav vadehra,raghavvadehra265@gmail.com,Rakesh vadehra ,,Jalandhar,Food Bazar,3,$10.12,,pending,Masala Dosa (Qty: 2); Chilli Garlic Noodles (Qty: 1); Special Dahi Bhalla (Qty: 2)
AxcmdAStoK1cW5OMDSE2,"Sep 11, 2024, 08:45 AM",Poojitha Arangam,pooji369a@gmail.com,Naga Kiran Varanasi,,Bengaluru,Kanti Sweets,5,$10.14,,pending,Kaju Rim Jhim (Qty: 2); Banaras Soan Papdi (Qty: 1); Motichoor Laddu (Qty: 1); Kaju Katli (Qty: 1); Kaju Fry Masala (Qty: 2)
jFGbOYPtOFEOEBrHRKo6,"Sep 9, 2024, 10:07 AM",Poojitha Arangam,pooji369a@gmail.com,Naga Kiran Varanasi,,Bengaluru,Easybites By Empire,3,$5.64,,pending,Chilli Cheesy Fries With Popcorn (Qty: 1); Peri Peri Popcorn (Qty: 1); Coca Cola 750ml (Qty: 4)
CwITfEfN9QpvpjJrSkwm,"Sep 9, 2024, 10:01 AM",Poojitha Arangam,pooji369a@gmail.com,Naga Kiran Varanasi,,Bengaluru,Vedam,1,$1.77,,pending,Carrot Halwa (Qty: 1)
7yVyCTWJoCzajv8jztqe,"Sep 7, 2024, 11:27 PM",Poojitha Arangam,pooji369a@gmail.com,Naga Kiran Varanasi,,Bengaluru,McDonald's,2,$6.30,,pending,McCheese Burger Chicken (Qty: 1); Chicken Maharaja Mac Burger (Qty: 1)
q5vuZPLLcAt2OJ2TAync,"Sep 7, 2024, 07:37 PM",raghav vadehra,raghavvadehra265@gmail.com,Rakesh vadehra,,Jalandhar,Pahwa Refreshments,1,$1.77,,pending,Kulfi Sugar Free (With Faluda) (1 Pc) (Qty: 1)
ck1BqVcLFdv2Kl6Mr3im,"Sep 7, 2024, 07:32 PM",raghav vadehra,raghavvadehra265@gmail.com,Rakesh vadehra,,Jalandhar,Super Cremica Sweets,1,$6.59,,pending,Super Cremica Special Family Pack (Qty: 1)
7vE9Q5SARhA8dFVnXVql,"Sep 7, 2024, 07:21 PM",raghav vadehra,raghavvadehra265@gmail.com,Rakesh vadehra,,Jalandhar,Food Bazar,1,$6.83,,pending,Chana Bhatura [2 Pcs] (Qty: 4)
yZT8QA5NZA8P54VCb4rD,"Sep 7, 2024, 06:03 PM",raghav vadehra,raghavvadehra265@gmail.com,Rakesh vadehra ,,Jalandhar,Lovely Sweets,1,$4.48,,pending,Ladoo Banarsi Motichoor 1 Kg (Qty: 2)
Av9X1tk9JyEe7GkFs1qz,"Sep 7, 2024, 05:45 PM",raghav vadehra,raghavvadehra265@gmail.com,Rakesh vadehra ,,Jalandhar,Cake House,10,$7.94,,pending,Multigrain (Qty: 1); Brown Bread (Qty: 2); Choco Lava (Qty: 1); Aloo Patty (Qty: 4); Cream Roll (Qty: 4); Garlic Loof (Qty: 1); Sweet Bun(Pack Of 2) (Qty: 2); Kulcha (Pack Of 5) (Qty: 1); Chocolate Muffin (Qty: 1); Vanilla Muffin (Qty: 2)
1EiVw8Ii08Zm9XO2lSSg,"Sep 6, 2024, 03:28 PM",raghav vadehra,raghavvadehra265@gmail.com,Rakesh vadehra,,Jalandhar,Model Town ke Famous Channa Kulche,2,$4.12,,pending,Channa kulcha [3 pieces] (Qty: 4); Chana Bhature [2 Pieces] (Qty: 1)
qwIfHjnuZQSRCbbaOcnb,"Sep 5, 2024, 09:59 PM",raghav vadehra,raghavvadehra265@gmail.com,Rakesh vadehra,,Jalandhar,Maddi Refreshments,1,$3.30,,pending,Samosa (2 Pieces) with Chana (Qty: 4)
EesvnTV0wOXYpmyuuQCS,"Sep 4, 2024, 05:55 PM",L Chandra,lolita.us@gmail.com,Ira Chandra,,Kolkata,Pizza Hut,7,$29.80,,pending,Cheese Garlic Bread (Qty: 1); Chicken Tikka (Qty: 1); Tear & Share Non-Veg (Qty: 1); Exotica Veggie Garlic Bread (Qty: 1); Masala Keema Garlic Bread (Qty: 2); Nawabi Murg Makhni (Qty: 1); Chicken Pepperoni Thin n Crispy (Qty: 1)
49vphbjJOtdbk1ZK72k8,"Sep 4, 2024, 10:10 AM",Poojitha Arangam,pooji369a@gmail.com,Naga Kiran Varanasi,,Bengaluru,Meghana Foods,1,$4.35,,pending,Meghana Special Biryani (Qty: 1)
2XISzLmv3GHmvVXwDy7K,"Sep 3, 2024, 08:30 AM",Poojitha Arangam,pooji369a@gmail.com,Naga Kiran Varanasi,,Bengaluru,Village Restaurant,2,$6.54,,pending,Grill Chicken Half (4 Pcs) (Qty: 1); Thum Up 330ml (Qty: 4)
hl2J3hPMQfYESCPNtnSJ,"Sep 3, 2024, 01:12 AM",sarbjeet Manku,sarbjeetksidhu5@gmail.com,Gurinder,,Barnala,Burger Bar,7,$7.65,,pending,Soft drink (Qty: 1); Spring fling pizza (Qty: 1); Garden pizza (Qty: 1); Paneer tandoori pizza (Qty: 1); Rainbow veggie pizza (Qty: 1); Paprika paneer pizza (Qty: 1); Farmhouse veggie pizza (Qty: 1)
dni5jodM5jMyA7QBQ4J0,"Sep 3, 2024, 12:04 AM",sarbjeet Manku,sarbjeetksidhu5@gmail.com,Gurinder,,Barnala,Bake N cake,1,$3.67,,pending,Butterscotch Cake [1pound] (Qty: 1)
EKrpv4qNBZLVAJXdkjU0,"Aug 31, 2024, 07:52 AM",Poojitha Arangam,pooji369a@gmail.com,Naga Kiran Varanasi,,Bengaluru,Polar Bear,1,$2.41,,pending,Choco Brownie Fudge  Sundae (Qty: 1)
VGvOdnqeQsdXoANToyVb,"Aug 29, 2024, 06:12 AM",Devarshi Dhola,devarshidhola563@gmail.com,Nency Rathod,,Surat,Mahalaxmi Juice And Fast Food Corner,2,$3.02,,pending,Strawberry Thickshake [250 Ml] (Qty: 1); Veg Cheese Grilled Sandwich (Qty: 1)
HtohdihlbK0dztceGpVZ,"Aug 27, 2024, 10:33 PM",Poojitha Arangam,pooji369a@gmail.com,Naga Kiran Varanasi,,Bengaluru,RNR Biryani - Taste of 1953,1,$4.46,,pending,Donne Mutton Biryani (Regular Packaging) (Qty: 1)
M8FCJQSFtXLyikSfNDqn,"Aug 25, 2024, 08:21 PM",Poojitha Arangam,pooji369a@gmail.com,Naga Kiran Varanasi,,Bengaluru,The Fruit Bowl,1,$3.99,,pending,Immunity Boost Fruit Bowl [600gms 264kcal] (Qty: 1)
pXonrjA7h8lSyWhxyCFI,"Aug 25, 2024, 05:12 PM",raghav vadehra,raghavvadehra265@gmail.com,Rakesh vadehra,,Jalandhar,Sharma Snacks,3,$2.41,,pending,Samosa (Qty: 4); Cheese Pakora (Qty: 4); Mixed Pakora (250 Gms)  (Qty: 1)
EeWv0IeodECYzG19egRu,"Aug 24, 2024, 11:35 PM",Poojitha Arangam,pooji369a@gmail.com,Naga Kiran Varanasi,,Bengaluru,KFC,1,$8.58,,pending,Ultimate Savings Special Bucket (Qty: 1)
XDQRIGvF73CjnyQd4tVT,"Aug 24, 2024, 11:44 AM",raghav vadehra,raghavvadehra265@gmail.com,Rakesh vadehra,,Jalandhar,Food Bazar,2,$6.47,,pending,Bhalla Papri Chaat (Qty: 2); Chana Bhatura [2 Pcs] (Qty: 2)
yOGqakEY61miX2gLjz0D,"Aug 24, 2024, 08:55 AM",Poojitha Arangam,pooji369a@gmail.com,Naga Kiran Varanasi,,Bengaluru,Andhra Gunpowder,2,$6.45,,pending,Pappu Rice Bowl (Qty: 1); Chicken Vepudu (Qty: 1)
NWzM5h7f9yjpuL1mNEP5,"Aug 23, 2024, 10:18 PM",raghav vadehra,raghavvadehra265@gmail.com,Rakesh vadehra,,Jalandhar,Maddi Refreshments,3,$2.71,,pending,Samosa (2 Pieces) with Chana (Qty: 2); Bread Pakora (1 Pc) (Qty: 2); Paneer Pakora (1 Pc) (Qty: 2)
su5SJiZq8uixStHziPqv,"Aug 23, 2024, 11:55 AM",Poojitha Arangam,pooji369a@gmail.com,Naga Kiran Varanasi,,Bengaluru,Pizza Hut,3,$8.18,,pending,Pepsi 475ml (Qty: 1); Chicken Sausage (Qty: 1); Awesome American Cheesy Chicken (Qty: 1)
vZx3OttXhcBiKcgFO64Q,"Aug 23, 2024, 01:16 AM",Poojitha Arangam,pooji369a@gmail.com,Naga Kiran Varanasi,,Bengaluru,Meghana Foods,1,$5.65,,pending,Mutton Biryani (Qty: 1)
ADRocQr41vvT34R6sXhd,"Aug 22, 2024, 08:16 AM",Poojitha Arangam,pooji369a@gmail.com,Naga Kiran Varanasi,,Bengaluru,McDonald's,1,$4.53,,pending,Chicken Maharaja Mac Burger Combo (Qty: 1)
B2qIVRU2id0f77ZfVsOP,"Aug 21, 2024, 09:32 PM",Arvind Naidu,arvind.raj.naidu@gmail.com,Lakshmi,,Chennai,Sangeetha Veg Restaurant,6,$11.71,,pending,Masala Bread Toast (Qty: 1); Curd Vadai [2 Pcs] (Qty: 1); Hot Badam Milk (Qty: 1); Corn Cheese Sandwich (Qty: 1); Bhindi Fry Medium (Qty: 1); Paneer Pudhina Masala Medium (Qty: 1)
Ca7Q3JhDFNKgZZ223mWh,"Aug 21, 2024, 07:34 AM",Arvind Naidu,arvind.raj.naidu@gmail.com,Lakshmi,,Chennai,Pulusu Ruchulu,2,$7.06,,pending,Nellore Cheppala Pulusu (Qty: 1); Mamsam Pulusu (Qty: 1)
3f0dlNktLSrbTF8WNWpa,"Aug 19, 2024, 06:23 AM",Raj H,raj.honnaya@gmail.com,Vishwanath,,Pune,Ovenfresh Cakes And Desserts,1,$6.34,,pending,Best Bro Ever Photo Cupcakes- 6 Pc (Qty: 1)
9TrqCpLYLIZWRutbXuGn,"Aug 19, 2024, 06:09 AM",Raj H,raj.honnaya@gmail.com,Honnaya Valpadi,,Mangaluru,Pabbas Ideal Cafe,2,$0.82,,pending,Tea (Qty: 1); Dip Vada Sambar (Qty: 1)
PLhKRrFuTU9zlCx1IRZp,"Aug 18, 2024, 10:00 PM",sarbjeet Manku,sarbjeetksidhu5@gmail.com,Gurinder,,Barnala,Friends Fast Food,3,$6.24,,pending,Limca 2 Ltr  (Qty: 1); Double Tikki Noodles Burger                          (Qty: 5); Cheese Pizza + Cheese Noodles  (Qty: 1)
blhvTc3iLatd9pyMpslL,"Aug 16, 2024, 03:26 AM",Poojitha Arangam,pooji369a@gmail.com,Naga Kiran Varanasi,,Bengaluru,McDonald's,1,$4.53,,pending,Chicken Maharaja Mac Burger Combo (Qty: 1)
h8XzSOadhYbtnhgZWPQm,"Aug 14, 2024, 08:48 PM",Amu,ammusubri@yahoo.com,Siddappa,,Bengaluru,Nagarjuna - Since 1984,1,$14.22,,pending,Carrier Meal (andhra Meal For 2-3 People) (Qty: 2)
QW9KrBlIyx2AH9IbRCiC,"Aug 14, 2024, 01:42 AM",raghav vadehra,raghavvadehra265@gmail.com,Rakesh vadehra,,Jalandhar,Sharma Snacks,1,$9.00,,pending,Samosa (Qty: 51)
77XCuEpDPcoKkULJF2Gs,"Aug 14, 2024, 01:38 AM",raghav vadehra,raghavvadehra265@gmail.com,Rakesh vadehra,,Jalandhar,Hari Burger,2,$6.12,,pending,Aloo Tikki Burger (Qty: 4); Veg Noodles (Qty: 2)
RUf5YX2aLTgPenegN4bQ,"Aug 13, 2024, 08:48 PM",Wat a Life,chandnirattan@gmail.com,Rakesh vadehra,,Jalandhar,Lovely Sweets,2,$9.42,,pending,Burfi Chana Double Roasted 1 Kg (Qty: 1); Desi Ghee Milk Cake 1 Kg (Qty: 1)
lX8PznRqEgNyYFbxHXSQ,"Aug 13, 2024, 04:50 AM",raghav vadehra,raghavvadehra265@gmail.com,Rakesh vadehra,,Jalandhar,AAR KAY Vaishno Dhaba (Nakodar Road),3,$9.06,,pending,Dal Makhani (Qty: 2); Cheese Chilli (Qty: 2); Aloo Gobi (Qty: 1)
lAjMDHuqrsTfGJYlDyNB,"Aug 13, 2024, 01:39 AM",raghav vadehra,raghavvadehra265@gmail.com,Rakesh vadehra,,Jalandhar,Cake House,7,$10.30,,pending,Multigrain (Qty: 1); Brown Bread (Qty: 1); Mix Fruit Cake (Qty: 1); Aloo Patty (Qty: 4); Cream Roll (Qty: 2); Kulcha (Pack Of 5) (Qty: 1); Burger Bun(Pack Of 4) (Qty: 1)
4qGZz7q6wx70OHGXFnRP,"Aug 12, 2024, 11:48 PM",raghav vadehra,raghavvadehra265@gmail.com,Rakesh vadehra,,Jalandhar,Bikanervala,9,$11.83,,pending,Chana Dal Namkeen 200g (Qty: 1); Chana Masala 200g (Qty: 1); Aloo Bhujia (Qty: 3); Khatta Meetha (Qty: 3); Moong Dal Plain (Qty: 1); Milk Kaju Cookies 400g (Qty: 1); Jeera Cookies 400g (Qty: 1); Ajwain Cookies 400g (Qty: 1); Suji Rusk 600g (Qty: 2)
11Cu43xM1O5B41Umqb7b,"Aug 11, 2024, 02:22 AM",Abdullah Mohammed,abdullahmoha.ksa@gmail.com,ABDULLAH MOHAMMED,,Hyderabad,Vasista's Srilakshmi,4,$7.91,,pending,Kadai Chicken (Qty: 1); Hyderabad Chicken Dum Biryani (Qty: 1); Tandoori Roti (Qty: 1); Butter Roti (Qty: 1)
yugF7pyYsuCrWhQFLfEn,"Aug 10, 2024, 08:17 AM",Rachna Mathur,mathurachna@gmail.com,Renuka Lal,,Hyderabad,Ohri's Ming's Court,6,$32.81,,pending,Tai Pei Chicken (Qty: 1); Red Chilli Fish (Qty: 1); Dragon Prawns (Qty: 1); Drums Of Heaven (Qty: 1); Hot & Sour Chicken (Qty: 2); Cantonese Fried Noodles Shrimps (Qty: 1)
JRoklBBgfkNx02YssGkU,"Aug 10, 2024, 05:48 AM",raghav vadehra,raghavvadehra265@gmail.com,Rakesh vadehra,,Jalandhar,McDonald's,1,$2.73,,pending,McAloo Tikki Burger ® (Qty: 4)
hWtb8nK7HPzruzNTHtqG,"Aug 10, 2024, 05:16 AM",raghav vadehra,raghavvadehra265@gmail.com,Rakesh vadehra,,Jalandhar,Food Bazar,1,$3.41,,pending,Chana Bhatura [2 Pcs] (Qty: 2)
FXaLUHYDWFlTsLkKZzSN,"Aug 9, 2024, 10:21 PM",Sarb Jäger,sarabnoorsingh123@gmail.com,Harleen Kaur,,Jalandhar,Aggarwal Vaishno Dhaba,3,$7.65,,pending,Dal Makhani (Qty: 1); Shahi Paneer (Qty: 1); Butter Naan (Qty: 4)
wK20iEeSN40ikzP4nFYb,"Aug 9, 2024, 06:50 AM",Sangeetha Jayaraman,sangeetha_gopikrishna@yahoo.com,Sathia Bama,,Chennai,Anjappar,4,$13.58,,pending,Mutton Kothu Parotta (Qty: 1); Mutton Paya (Qty: 1); Idly Combo (Qty: 1); Chicken '65' (b/l) (Qty: 1)
KsdGRzhQ58e8HQ5TZ29K,"Aug 8, 2024, 11:58 PM",raghav vadehra,raghavvadehra265@gmail.com,Rakesh vadehra,,Jalandhar,Cool Point,1,$3.21,,pending,Pudina Lemon (Qty: 7)
T2hZQetj6iEMqhjlpQqY,"Aug 8, 2024, 11:56 PM",raghav vadehra,raghavvadehra265@gmail.com,Rakesh vadehra,,Jalandhar,Oberoi Special Chana Bhatura,2,$3.41,,pending,Channa Bhatura Aloo Wala [2Pcs] (Qty: 2); Aloo Plate (Qty: 1)
1i5bSWrHuE2GOXrvKxI1,"Aug 8, 2024, 10:30 PM",Devarshi Dhola,devarshidhola563@gmail.com,Nency Rathod,,Surat,Domino's Pizza,2,$4.19,,pending,Pepsi 475ml (Qty: 1); Cheese Volcano Peppy Paneer (Qty: 1)
l4cK8QBBtyczkEgNE2Lx,"Aug 8, 2024, 07:14 PM",Prishita Ray,prishita.r85@gmail.com,Sutapa Ray,,Bengaluru,Bengali Fun Foods,2,$6.94,,pending,Parotta Chicken Kosha (Qty: 2); Egg Devil (2 Pcs) (Qty: 1)
zt2QDWro2SDIDeflSv9h,"Aug 7, 2024, 11:28 PM",Sarb Jäger,sarabnoorsingh123@gmail.com,Harleen Kaur,,Jalandhar,Ahuja Chana Bhatura Corner,1,$1.41,,pending,Chana Bhatoora (Qty: 1)
b8YiSFKyAmllcqmA83m1,"Aug 3, 2024, 11:38 PM",Sangeetha Jayaraman,sangeetha_gopikrishna@yahoo.com,Sathia Bama,,Chennai,Anjappar,3,$13.06,,pending,Mutton Biriyani (Qty: 1); Vanjaram Fish Fry (Qty: 1); Prawn Masala (Qty: 1)
qiR4BX4zH4AhVWKrhMWM,"Aug 3, 2024, 06:28 AM",raghav vadehra,raghavvadehra265@gmail.com,Rakesh vadehra,,Jalandhar,Hari Burger,2,$2.65,,pending,Aloo Tikki Burger (Qty: 2); Veg Noodles (Qty: 1)
mRn9jp1ZHpyumKc20UoJ,"Aug 3, 2024, 06:09 AM",raghav vadehra,raghavvadehra265@gmail.com,Rakesh vadehra,,Jalandhar,Food Bazar,2,$8.71,,pending,Amritsari Kulcha Chana (Qty: 4); Special Dahi Bhalla (Qty: 2)
J20opnOdaeWSlynoNGJ5,"Aug 2, 2024, 07:58 PM",Bithi Ghosh,parama1970@hotmail.com,Pompi Ghosh,,Kolkata,Kolkata@99,5,$8.46,,pending,Chanar Dalna [4 Pieces] (Qty: 1); Ilish Paturi [1pcs] (Qty: 2); Basmati Rice With  Paneer Curry (Qty: 1); Pulao With  Paneer Curry (Qty: 1); Pulao With Chana Masala (Qty: 1)
keSes2LLfn5nzgH6Su3D,"Aug 1, 2024, 11:37 AM",raghav vadehra,raghavvadehra265@gmail.com,Rakesh vadehra ,,Jalandhar,Kulcha town,1,$2.30,,pending,Chole bhature (Qty: 3)
14DlEUy61xvs0INpJIoy,"Aug 1, 2024, 05:08 AM",Devarshi Dhola,devarshidhola563@gmail.com,Nency Rathod,,Surat,La Pino'z Pizza,3,$4.33,,pending,Jalapeno Dip (Qty: 1); Peri Peri Dip (Qty: 1); Cheezy-7  Pizza (Qty: 1)
oIXlPyYbx40A5in3KXwJ,"Jul 30, 2024, 08:57 AM",jyothsna yasarapu,jyothsna.yasarapu@gmail.com,Aditi Kumar,,New Delhi,Salad Days,3,$9.50,,pending,Smoked Chicken Pita Pocket (Qty: 1); Asian Chicken & Egg Broth (Qty: 1); Coffee Walnut Peanut Butter Pudding (Qty: 1)
9r2otY38dIwTSSowEjoX,"Jul 29, 2024, 10:11 PM",Amanda Umavi Subasinghe,amandaumavisubasinghe@gmail.com,Warren D’cruz,,Ernakulam,KFC,2,$9.74,,pending,2 X Chicken Krisper Burgers (Qty: 1); All in One Chicken Bucket (Qty: 1)
puNeKjko2bCMS1vVSEDT,"Jul 27, 2024, 11:01 PM",Rahul Bagchi,rabagchi@gmail.com,Subrata Bagchi,,Kolkata,Baker's Nest,2,$15.07,,pending,Risotto Paella Fusion (Qty: 2); Baked Fish With Basa                (Qty: 1)
gCFl3rCweDz2DYTATLRg,"Jul 27, 2024, 09:32 AM",raghav vadehra,raghavvadehra265@gmail.com,Rakesh vadehra ,,Jalandhar,Lovely Sweets,1,$4.26,,pending,Ladoo Banarsi Motichoor 1 Kg (Qty: 2)
gYA7zYBvhEK5o2JqEmu5,"Jul 26, 2024, 08:30 PM",Santosh Gupta,santoshgupta251@gmail.com,Rama munjal,,Gurugram,Bikanervala,10,$51.25,,pending,Cold Coffee (Qty: 4); Bhalla Papdi (Qty: 2); Veg Sandwich (Qty: 4); Choley Bhature (Qty: 2); Chinese Platter (Qty: 2); Bedmi Puri With Aloo Subji (Qty: 2); Malai Rabri Cup (Qty: 4); Special Thali with Tandoori Roti (Qty: 3); Rasmalai 6 Pc (Qty: 1); Royal Rasgulla (16 Pcs) (Qty: 1)
FNz0BsNzdlJ2mrCYlXbZ,"Jul 26, 2024, 01:23 PM",raghav vadehra,raghavvadehra265@gmail.com,Rakesh vadehra,,Jalandhar,Food Bazar,3,$12.71,,pending,Chana Bhatura [2 Pcs] (Qty: 4); Pineapple Juice (Qty: 2); Sugar Cane Juice (Qty: 4)
JQdwJOQs3M3hFBfv0pnc,"Jul 26, 2024, 05:37 AM",Ayush Sahay,ayush_sahay2001@yahoo.com,Ravindranath Sahay,,Navi Mumbai,Barbeque Nation,1,$14.70,,pending,Barbeque in a Box (Non Veg) Premium (With Prawns and Mutton) (Qty: 1)
Hon505TuNxF8vuq5Y7E7,"Jul 26, 2024, 03:54 AM",Abdullah Mohammed,abdullahmoha.ksa@gmail.com,ABDULLAH MOHAMMED,,Hyderabad,Imperial Multi-Cusine Restaurant,5,$10.59,,pending,Grilled Chicken (Qty: 1); Boneless Butter Chicken (Qty: 1); Chicken 65 (dry)(half) (Qty: 1); Naan (Qty: 2); Virgin Mojito (lime) (Qty: 1)
Pg3jUF2jSdpF7vrutArn,"Jul 24, 2024, 08:35 PM",Manas Shukla,manas.nine@gmail.com,Neeti Shukla,,Gurugram,Theobroma,3,$35.78,,pending,Fresh Cream Pineapple Cake [1/2kg] (Qty: 1); Eggless Butterscotch & Milk Chocolate Cake [1/2kg] (Qty: 2); Gift Bag (Luxury) (Qty: 1)
7vKGwxyetPjUOZqQKj7C,"Jul 23, 2024, 03:26 AM",Abdullah Mohammed,abdullahmoha.ksa@gmail.com,ABDULLAH MOHAMMED,,Hyderabad,Mehfil,4,$6.47,,pending,Tandoori Roti (Qty: 1); Butter Naan (Qty: 1); Chicken Biryani Full (Qty: 1); Butter Chicken (Qty: 1)
lqJbmiTULgRfa8a9Vs79,"Jul 22, 2024, 06:24 PM",Nikita Deshpande,deshpande.nikita48@gmail.com,Nitin Deshpande ,,Dombivli,Monginis Cake Shop,7,$11.06,,pending,"Chicken Burger (Qty: 1); Chicken Tikka Roll (Qty: 1); Paneer Pattice (Qty: 1); Chicken Pizza 4"" Square Shape (Qty: 1); Dutch Chocolate Cake (Qty: 1); Spicy Chicken Pattice (Qty: 2); Veg Pattice  (Qty: 4)"
XNZoCxIbUgKIzHWWwMYx,"Jul 22, 2024, 05:06 AM",Susan Koshy,skoshy30@gmail.com,Mary Cherian ,,Kakkanad,Khaleesi Restaurant,3,$9.65,,pending,Hakka Noodles Chicken (Qty: 1); Chilli Chicken Gravy (Qty: 1); Fried Rice Chicken (Qty: 1)
51NmtAEujrMLAUO6phna,"Jul 18, 2024, 03:33 AM",jyothsna yasarapu,jyothsna.yasarapu@gmail.com,Minu Sagar,,Hosahalli,Third Wave Coffee,2,$6.71,,pending,Classic Cold Coffee (Qty: 1); Basque Cheese Cake (Qty: 1)
oZwqWbzrIC8IPVQDS3BX,"Jul 18, 2024, 01:54 AM",jyothsna yasarapu,jyothsna.yasarapu@gmail.com,Aditi Kumar,,New Delhi,Thaicrate - Fresh Authentic Thai,3,$15.30,,pending,"""thai"" Minced Chicken Salad (Qty: 1); Chicken Tom Yum Dimsum (Qty: 1); Chicken Thai Green Curry (Qty: 1)"
h1np3uiLirdQOnVrgu0L,"Jul 18, 2024, 12:41 AM",jyothsna yasarapu,jyothsna.yasarapu@gmail.com,Neha Sanwal,,New Delhi,Third Wave Coffee,2,$6.82,,pending,Classic Cold Coffee (Qty: 1); European Ham & Cheese Bagel (Qty: 1)
mdCIHdRh1dcvOOIs2NFH,"Jul 17, 2024, 01:07 AM",raghav vadehra,raghavvadehra265@gmail.com,Rakesh vadehra,,Jalandhar,Kulffi,1,$6.99,,pending,Badam Milk [1  Bottle] (Qty: 6)
MqJyPpgiIB2mjQCX4ooC,"Jul 17, 2024, 12:13 AM",raghav vadehra,raghavvadehra265@gmail.com,Rakesh vadehra,,Jalandhar,Sh.Narayan Dass Ji Bare Wale (Phagwara Gate),1,$3.30,,pending,Paneer Pakoda Chana 2 Pieces (Qty: 4)
DrMzzMOFOv452StOHQRW,"Jul 15, 2024, 10:09 PM",raghav vadehra,raghavvadehra265@gmail.com,Rakesh vadehra,,Jalandhar,R Swami Juice Corner,3,$6.30,,pending,Anar Mixed Juice  (Qty: 2); Pineapple Juice  (Qty: 1); Banana Shake (Qty: 5)
yhcaMp1h3HIWmaM4jabz,"Jul 13, 2024, 06:35 AM",raghav vadehra,raghavvadehra265@gmail.com,Rakesh vadehra,,Jalandhar,New Parkash Ice Cream,1,$2.30,,pending,Rabri Badam Kulfi (Qty: 5)
ZxVFBmXyzJ6X3Xeeq5a9,"Jul 13, 2024, 06:32 AM",raghav vadehra,raghavvadehra265@gmail.com,Rakesh vadehra,,Jalandhar,Ludhiana Ke Mashoor Chole Kulche,1,$2.07,,pending,Simple chole kulcha (Qty: 3)
yo4buzhHgfjqqDFF1tWc,"Jul 13, 2024, 06:30 AM",raghav vadehra,raghavvadehra265@gmail.com,Rakesh vadehra,,Jalandhar,Delhi Ke Mashoor Nagpals Chole Bhature,1,$3.77,,pending,Special Chole Bhature Paneer Wale With Lassi (Qty: 2)
3SdrEICcKb8D0Plsq6DS,"Jul 12, 2024, 06:33 PM",raghav vadehra,raghavvadehra265@gmail.com,Rakesh vadehra ,,Jalandhar,Food Bazar,1,$10.71,,pending,Paneer Kulcha (Qty: 7)
uXZEWEgnSShQa1rXuJuK,"Jul 11, 2024, 12:39 AM",Vanita Nemali,vnemali@gmail.com,Kamakshi Rao,,Secunderabad,Geetha Tiffins,2,$2.33,,pending,Curd Rice (Qty: 1); Idli (2 Pcs) (Qty: 2)
x69PlNKSqC5P4SuNZN9c,"Jul 7, 2024, 03:52 AM",Srinivas R,srini.shank@gmail.com,Banu Ravishankar ,,Bengaluru,Glen's Bakehouse,2,$6.56,,pending,Black Forest Pcs (Qty: 1); Red Velvet Pcs (Qty: 2)
A6E5MtbVT25Vw7iDlRXo,"Jul 7, 2024, 12:08 AM",John Alphonse,johnalp@outlook.com,Gemma Alphonse,,Chennai,Geetham Veg restaurant,2,$5.47,,pending,Tamil Nadu Meals (Qty: 1); Curd Vada (2 Pcs) (Qty: 1)
l89F3VZShSDWCjEDMLfh,"Jul 6, 2024, 03:28 PM",Satyabrata Majumder,majumder.satyabrata@gmail.com,Prabir Mukherjee,,Kolkata,Opar Bangla Eparei,3,$17.73,,pending,Pabda Thali (Qty: 1); Hilsa Thali (ilish Thali) (Qty: 1); Bhetki Paturi (1 Pc) (Qty: 2)
ALsxvY5VZ2eco3DQMh5Z,"Jul 6, 2024, 07:46 AM",raghav vadehra,raghavvadehra265@gmail.com,Rakesh vadehra,,Jalandhar,Ravi Ice Cream and Juice,1,$3.11,,pending,Stick Pista Kulfi (Qty: 8)
FwIUpKpWtCB84cltr4HU,"Jul 6, 2024, 07:37 AM",raghav vadehra,raghavvadehra265@gmail.com,Rakesh vadehra ,,Jalandhar,Model Town ke Famous Channa Kulche,2,$5.77,,pending,Channa kulcha [3 pieces] (Qty: 4); Chana Bhature [2 Pieces] (Qty: 3)
evLgLoPS8wBk9Zl4lJHw,"Jul 5, 2024, 07:57 PM",raghav vadehra,raghavvadehra265@gmail.com,Rakesh vadehra,,Jalandhar,Nagpal Cholle Bhature,1,$2.47,,pending,Special Chole Bhature Paneer Wale (Qty: 3)
uGa4SrlPJLYR6z5iz2PC,"Jul 4, 2024, 02:27 AM",raghav vadehra,raghavvadehra265@gmail.com,Rakesh vadehra,,Jalandhar,Sagar Ratna,2,$8.12,,pending,Masala Dosa (Qty: 2); Dal Vada(4pcs) (Qty: 1)
r7zrxovcoTDjSnynB23F,"Jul 3, 2024, 06:29 AM",Devarshi Dhola,devarshidhola563@gmail.com,Nency Rathod,,Surat,Mahalaxmi Juice And Fast Food Corner,2,$3.02,,pending,Strawberry Thickshake [250 Ml] (Qty: 1); Veg Cheese Grilled Sandwich (Qty: 1)
hYiPZdbR48WFiyrSKnHJ,"Jul 2, 2024, 01:03 AM",raghav vadehra,raghavvadehra265@gmail.com,Rakesh vadehra,,Jalandhar,R Swami Juice Corner,2,$10.17,,pending,Pudina Lemon  (Qty: 8); milk badam  (Qty: 4)
9Kkfk3221ZUxFkfgzvwO,"Jun 29, 2024, 11:38 PM",manick sundaram,smvasakam@gmail.com,Sundaram,,Uthangudi,Anjappar,4,$15.25,,pending,Chilly Chicken Dry (Qty: 1); Chicken Biriyani (Qty: 1); Egg Biriyani (Qty: 1); Mutton Biriyani (Qty: 1)
Oo0GmrN6dbgmywDczcCn,"Jun 29, 2024, 03:26 PM",raghav vadehra,raghavvadehra265@gmail.com,Rakesh vadehra,,Jalandhar,Food Bazar,3,$9.53,,pending,Gobhi Parantha [1 Pc] (Qty: 4); Salted Lassi (Qty: 2); Sugar Cane Juice (Qty: 4)
nz6az4Tj1kj2pQebWQce,"Jun 29, 2024, 03:23 PM",raghav vadehra,raghavvadehra265@gmail.com,Rakesh vadehra,,Jalandhar,Epitome By Hotel Sekhon Grand,2,$6.18,,pending,Cheese Tomato (Qty: 1); Stuffed Kulcha (Qty: 5)
CXat4wTgtanZBhJ1DWRu,"Jun 28, 2024, 10:14 AM",raghav vadehra,raghavvadehra265@gmail.com,Rakesh vadehra ,,Jalandhar,Manni Dhaba,4,$9.91,,pending,Karahi Paneer (Qty: 2); Veg Pulao (Qty: 3); Dal  Makhani (Qty: 2); Tawa Chapati (Qty: 6)
2iEOOew0aou5nNJBDHfe,"Jun 27, 2024, 04:57 AM",Nicole Trinh,trinhn002@gmail.com,"Mariano Novoa, Room 711",,Kothaguda,Mamagoto,4,$29.97,,pending,Teriyaki Chicken Skewers (Qty: 1); Old School Chicken Gyoza (Qty: 1); Spicy Tuna Uramaki (Qty: 1); Pan Fried Chicken Bao (4pcs) (Qty: 1)
cvvjRRPdzueiAzcEUoBo,"Jun 27, 2024, 12:42 AM",Siddharth Pandey,sidhomeacc@gmail.com,P N Pandey,,Greater Noida,Dunkin' - Donuts & Coffee,1,$10.83,,pending,"Favourite Box (Buy8,Get4 Free) (Qty: 1)"
Jy6ncEHu9oX4BpUG1ln1,"Jun 26, 2024, 12:29 AM",jyothsna yasarapu,jyothsna.yasarapu@gmail.com,Aditi Kumar,,New Delhi,Suchali's Artisan Bakehouse,4,$15.89,,pending,Basque Cheesecake (Qty: 1); Seed Feast Sourdough (Qty: 1); Grilled Chicken Spaghetti Aglio E Olio (Qty: 1); Cold Coffee (Qty: 1)
4dxcEfi9T58XlbjXOxZ8,"Jun 25, 2024, 09:23 AM",Gurinder Singh,filling-fallen.0z@icloud.com,Diksha,,Pathankot,Kwality Walls Frozen Dessert and Ice Cream Shop,1,$0.82,,pending,"Cornetto Oreo, 110ml (Qty: 1)"
GPUKY4Kn6eVZFGATLBcN,"Jun 25, 2024, 07:39 AM",Siddharth Pandey,sidhomeacc@gmail.com,P N Pandey,,Greater Noida,Sagar Ratna,3,$12.54,,pending,Plain Dosa (Qty: 2); Medu Vada(4Pcs) (Qty: 1); Rice Idli(2Pcs) (Qty: 3)
E6HMJYanUKvVk1U0CVwv,"Jun 24, 2024, 11:06 PM",Joan Chandran,19archana@gmail.com,Shanthi,,Chennai,Buhari Hotel,8,$31.07,,pending,Garlic Naan (Qty: 2); Chicken Fried Rice (Qty: 1); Sweet corn Chicken Soup (Qty: 2); Schezwan Chicken Noodles (Qty: 1); Dragon Prawns (Qty: 1); Mutton Chaap Masala (Qty: 1); Mutton Keema Samosa (5 Pcs) (Qty: 2); CHICKEN LOLYPOP (Qty: 1)
vsEfy3dKvtJitIAnvGbE,"Jun 24, 2024, 07:01 PM",Joan Chandran,19archana@gmail.com,Shanthi,,Chennai,A2B - Adyar Ananda Bhavan,3,$7.47,,pending,Mini Tiffen (Qty: 2); Onion Uttapam (Qty: 1); Sambar Vadai [1 Pc] (Qty: 1)
B9NKmCPugcNjy9hwb3nL,"Jun 23, 2024, 09:54 PM",Ratna Kalluri,ratna_kalluri@yahoo.com,Bulusu,,Hyderabad,Dadu's,5,$24.73,,pending,Navratan Mixture (Qty: 2); Motichur Laddu (Qty: 1); Fruit Cookies (Qty: 2); New DryFruit Mixture (Qty: 1); Rasmalai (6 pcs) + Aloo Samosa (6 pcs) (Qty: 1)
5sqoBNoSjrtbtSoz1ST0,"Jun 23, 2024, 08:20 PM",raghav vadehra,raghavvadehra265@gmail.com,Rakesh vadehra,,Jalandhar,Food Bazar,2,$9.24,,pending,"Lemon Soda (Qty: 5); Jammu Poori, Aloo, Chana [2 Pcs] (Qty: 2)"
vQxRzGdIfhA8DxMtBxK6,"Jun 23, 2024, 06:08 PM",Nikita Deshpande,deshpande.nikita48@gmail.com,Nitin Deshpande ,,Dombivli,Monginis Cake Shop,11,$13.56,,pending,"Chicken Cutlet (Qty: 2); Chicken Burger (Qty: 1); Chicken Tikka Roll (Qty: 1); Paneer Tikka Roll (Qty: 1); Paneer Pattice (Qty: 1); Chicken Pizza 4"" Square Shape (Qty: 1); Veg Burger (Qty: 1); Veg Pattice  (Qty: 2); Spicy Chicken Pattice (Qty: 2); Dutch Chocolate Cake (Qty: 1); Pan Pizza Veg (Qty: 1)"
49b0RoMU2y0nk66hvabM,"Jun 23, 2024, 02:11 AM",Malik Ansari,malik.ansari@gmail.com,Sumera,,Hyderabad,Udipi's Upahar,2,$8.71,,pending,Idli (Qty: 2); Mysore Masala Dosa (Qty: 5)
ryPj5StvKpHqVTiffMmo,"Jun 22, 2024, 07:41 PM",Siddharth Pandey,sidhomeacc@gmail.com,P N Pandey,,Greater Noida,Breakfast Xpress,4,$7.84,,pending,2 Aloo Pyaz Kachori + Dahi + Acchar (Qty: 1); Chatpata Poha (Qty: 2); Chole Chaat [Dry] Khulcha Special (Qty: 1); Aloo Kale Chane Kulcha Special (Qty: 1)
LAF9QK0LTGiFECOvXFnS,"Jun 21, 2024, 07:44 PM",Siddharth Pandey,sidhomeacc@gmail.com,P N Pandey,,Greater Noida,Sagar Ratna,2,$9.52,,pending,Madras Idli Fries (Qty: 2); Breakfast Combo-3 (4 Rice Idli + 4 Medu Vada ) (Qty: 1)
Kf8jVv90JmE5B1lheLNh,"Jun 20, 2024, 10:40 PM",Devarshi Dhola,devarshidhola563@gmail.com,Nency Rathod ,,Surat,Domino's Pizza,2,$6.32,,pending,Double Cheese Margherita Pizza (Qty: 1); Garlic Breadsticks + Cheesy Dip (Qty: 1)
YO6vp27jrFeAIxXfsaUT,"Jun 18, 2024, 12:25 AM",raghav vadehra,raghavvadehra265@gmail.com,Rakesh vadehra,,Jalandhar,R Swami Juice Corner,3,$7.89,,pending,Banana Shake (Qty: 5); Vanila Brick (Qty: 1); Gajar Mix Vegetable Juice (Qty: 2)
EwdOQ8wHs78jgaRpuiAO,"Jun 17, 2024, 04:12 AM",raghav vadehra,raghavvadehra265@gmail.com,Rakesh vadehra,,Jalandhar,Lovely Sweets,1,$4.26,,pending,Ladoo Double Tasty Motichoor 1 Kg (Qty: 2)
54x4dCva0Vnr1ngUEbzJ,"Jun 16, 2024, 04:33 AM",Shivin Kapur,shivinkapur@gmail.com,Rajesh Kumar,,Delhi,Bol Gappe,3,$3.71,,pending,Samosa Chaat (Qty: 1); Raj Kachori (Qty: 1); Gol Gappe (6 Pcs) (Qty: 1)
kWVBsxMRWtgpnhQZXE1i,"Jun 16, 2024, 04:26 AM",Shivin Kapur,shivinkapur@gmail.com,Sanjiv Kapur,,Mumbai,Theobroma,1,$1.77,,pending,Fresh Mango and Custard Pastry [1 Piece] (Qty: 1)
474KitkLC67RWuIG4LP1,"Jun 16, 2024, 03:10 AM",Hemant Dhankani,hemantdhankani@gmail.com,Ranjan Kumar,,Delhi,Bakingo,2,$4.66,,pending,Black Forest Pastry (Qty: 2); Pineapple Pastry (Qty: 2)
dPqg3lPXmGs0zawoqn2h,"Jun 15, 2024, 09:26 PM",Madhuri Rapaka,madhuri.rap@gmail.com,Arun Rapaka,,Hyderabad,Mawa Chinese,7,$26.81,,pending,Chicken 65 (Qty: 1); Prawn 65 (Qty: 2); Chicken Fried Rice (Qty: 1); Egg Fried Rice (Qty: 1); Prawn Fried Rice (Qty: 1); Phulka (Qty: 3); Kadai Chicken (Qty: 1)
WWdPHxmiJEUTWXwhTZxm,"Jun 15, 2024, 06:20 PM",raghav vadehra,raghavvadehra265@gmail.com,Rakesh vadehra,,Jalandhar,Food Bazar,3,$7.53,,pending,Salted Lassi (Qty: 2); Soft Drinks (can) (Qty: 3); Pineapple Juice (Qty: 2)
qjLfDP1IryT54c3my6Fm,"Jun 15, 2024, 05:36 PM",Binit Patel,binitp1729@gmail.com,Amisha Mishra,,Indore,Apna Sweets,1,$1.51,,pending,Milk Cake (Qty: 1)
F7dCZqozIvxMrROacyJ1,"Jun 15, 2024, 05:25 PM",raghav vadehra,raghavvadehra265@gmail.com,Rakesh vadehra,,Jalandhar,New Parkash Ice Cream,2,$5.38,,pending,Khoya Malai Kulfi (Qty: 4); Parkash Special Fruit Ice Cream (Qty: 5)
5tDdeDRprplj8MNxuXpS,"Jun 15, 2024, 05:21 PM",raghav vadehra,raghavvadehra265@gmail.com,Rakesh vadehra,,Jalandhar,Food Bazar,3,$9.42,,pending,Bhalla Papri Chaat (Qty: 2); Pav Bhaji (Qty: 2); Dahi Vada (1 Pc.) (Qty: 2)
Z8LO9hYMKd37xhjVoMuB,"Jun 15, 2024, 05:10 PM",raghav vadehra,raghavvadehra265@gmail.com,Rakesh vadehra ,,Jalandhar,Mix N Match - The Maya Hotel,6,$22.83,,pending,Paneer Butter Masala (Qty: 1); Dal E Maya (Qty: 2); Butter Naan (Qty: 2); Missi Roti (Qty: 2); Tandoori Roti (Qty: 2); Vegetable Biryani (Qty: 1)
xcZrMpsO0PkduQVAbnAU,"Jun 15, 2024, 05:14 AM",Rachna Mathur,mathurachna@gmail.com,Renuka Lal,,Hyderabad,Concu,3,$24.54,,pending,Chicken Alfredo Pasta (Qty: 2); Dessert Jars - Set of 2 (Qty: 1); Chocolate Fudge Cake (Qty: 1)
OOl6wX0WUl48nbUzQo5r,"Jun 13, 2024, 09:39 PM",raghav vadehra,raghavvadehra265@gmail.com,Rakesh vadehra ,,Jalandhar,Bikanervala,2,$6.36,,pending,Kalakand Sugar Free (Qty: 1); Veg. Sandwich (Qty: 6)
sPXfUr00oybgYSk3w5ZJ,"Jun 13, 2024, 08:23 PM",Arvind Naidu,arvind.raj.naidu@gmail.com,Anjiah Naidu,,Chennai,Sree Akshayam,1,$3.32,,pending,Masala Dosa (Qty: 2)
AgX6OMwUMLsbL4510w8X,"Jun 7, 2024, 08:32 PM",Nikita Deshpande,deshpande.nikita48@gmail.com,Nitin Deshpande,,Dombivli,Domino's Pizza,5,$19.44,,pending,Chicken Keema Paratha Pizza (Qty: 1); Chicken Fiesta Pizza (Qty: 1); Indi Chicken Tikka Pizza (Qty: 1); Garlic Breadsticks (Qty: 1); Cheesy Dip (Qty: 3)
Q0PUNJaDQ5I85j0lbqNs,"Jun 7, 2024, 01:27 AM",raghav vadehra,raghavvadehra265@gmail.com,Rakesh vadehra,,Jalandhar,Dhan Guru Ramdass Sweet Shop,1,$0.77,,pending,Choti Rasgulli [250 grams] (Qty: 1)
uaiCWQYzzBu9yNWzpXbD,"Jun 7, 2024, 01:02 AM",raghav vadehra,raghavvadehra265@gmail.com,Rakesh vadehra,,Jalandhar,Sharma Sweets,1,$1.07,,pending,Simple Samosa (1 Pc) (Qty: 7)
NBpjJtYeaG6LdA0VRlS5,"Jun 6, 2024, 06:25 AM",Devarshi Dhola,devarshidhola563@gmail.com,Nency Rathod,,Surat,Burger King,2,$6.56,,pending,King Peri Peri Fries (Qty: 1); Hot 'N' Saucy Burger (Qty: 2)
ewCvfPsyHh8h1zZ6goyD,"Jun 6, 2024, 06:14 AM",Devarshi Dhola,devarshidhola563@gmail.com,Nency Rathod,,Surat,Burger King,1,$2.34,,pending,Hot 'N' Saucy Burger (Qty: 1)
ukPidDbcv6kb47YpLdEV,"Jun 5, 2024, 08:21 PM",Avinash Goel,avinashgoel1@yahoo.com,Amar Gowel,,Mumbai,Birdy's Cake Shop,4,$10.22,,pending,Dutch Truffle Delux Pastry (Slice) (Qty: 2); New York Chocolate Pastry (Slice) (Qty: 2); Minty Potato And Pea Puff  (80 Gm) (Qty: 3); Veg Kolhapuri Puff (80 Gm) (Qty: 3)
lBmj6c91LWVkTVo0bkjB,"Jun 5, 2024, 04:44 AM",raghav vadehra,raghavvadehra265@gmail.com,Rakesh vadehra,,Jalandhar,Food Bazar,2,$8.95,,pending,Chilli Garlic Noodles (Qty: 2); Spring Roll (2 Pcs.) (Qty: 2)
G3fN9XaqPcSfjbyzyJrp,"Jun 4, 2024, 12:04 AM",raghav vadehra,raghavvadehra265@gmail.com,Rakesh vadehra ,,Jalandhar,Cool Point,3,$7.77,,pending,Anaar Juice (Qty: 1); Mix Juice (Qty: 2); Banana Shake with Dry Fruits & Pista Ice Cream (Qty: 4)
zuzosKjpaKfINSAedZYa,"Jun 3, 2024, 10:04 PM",Nikita Deshpande,deshpande.nikita48@gmail.com,Nitin Deshpande ,,Dombivli,Hotel Surabhi,5,$20.94,,pending,Chicken Biryani (Qty: 1); Garlic Naan (Qty: 2); Chicken Kadai (Qty: 1); Banjara Kabab (Qty: 1); Kabab Laziz (Qty: 1)
gfQsrhgI2Ws7WhXuYJQS,"Jun 3, 2024, 08:20 PM",Binit Patel,binitp1729@gmail.com,Amisha Mishra,,Indore,Apna Sweets,1,$3.03,,pending,Rasmalai (Qty: 1)
Mqsi0qBjaAoOvoacyVat,"Jun 3, 2024, 07:52 PM",Nikita Deshpande,deshpande.nikita48@gmail.com,Nitin Deshpande ,,Dombivli,Monginis Cake Shop,7,$8.26,,pending,Pineapple Pastry (Qty: 2); Zebra Torte Pastry (Qty: 2); Chicken Burger (Qty: 1); Walnut Brownie (Qty: 1); Butterscotch Veg Pastry (Qty: 1); Veg Pattice  (Qty: 2); Spicy Chicken Pattice (Qty: 2)
wGtQyuvrHBOrK20ENHAo,"Jun 1, 2024, 07:45 PM",raghav vadehra,raghavvadehra265@gmail.com,Rakesh vadehra,,Jalandhar,Food Bazar,1,$11.30,,pending,Amritsari Kulcha Chana (Qty: 8)
VlQ0YtueDoxWuS6qVVau,"May 31, 2024, 06:10 AM",raghav vadehra,raghavvadehra265@gmail.com,Rakesh vadehra,,Jalandhar,Sharma Snacks,1,$18.01,,pending,Samosa (Qty: 102)
C2w6i9FGmZl5rkbttktT,"May 31, 2024, 05:18 AM",raghav vadehra,raghavvadehra265@gmail.com,Rakesh vadehra,,Jalandhar,FOOD PLAZA,2,$6.00,,pending,Cheese chilly (Qty: 2); Mushroom chilly (Qty: 1)
hfDhemGKA2mQvBhlPysD,"May 31, 2024, 05:16 AM",raghav vadehra,raghavvadehra265@gmail.com,Rakesh vadehra ,,Jalandhar,Super Cremica Sweets,1,$6.59,,pending,Super Cremica Special Family Pack (Qty: 1)
HbhFOhjr2pviYEaNHMHy,"May 30, 2024, 03:37 AM",Abdul Rahman Syed,sarahman82@gmail.com,SA Subhan,,Hyderabad,Pista House Restaurant & Bakery,4,$12.71,,pending,"Chicken 65 (Qty: 1); Rumali Roti (Qty: 4); 9"" Special Chicken Pizza (Qty: 1); Paneer Roll (Qty: 2)"
LU4twth4Vjkc7gNmARtY,"May 29, 2024, 07:53 AM",Smitha Vikram,smithaavikram@gmail.com,suguna,,Chennai,Sree Akshayam,4,$14.28,,pending,Dal Makhani (Qty: 1); Butter Roti (Qty: 4); Ginger Lime (Qty: 2); Cream Of Tomato Soup (Qty: 2)
mGMSGV8UfJpgp9bnCLZ0,"May 28, 2024, 03:23 PM",Prishita Ray,prishita.r85@gmail.com,Sutapa Ray,,Bengaluru,Aappir Aamontron,2,$6.12,,pending,Bhetki fish fry (1 piece) (Qty: 2); Lachcha Paratha with Chicken Chaap Masala Curry [2 Pieces] (Qty: 1)
eAIY2OHEVYWIUTFPxdHL,"May 25, 2024, 09:01 PM",arpitha gowda,ap.gemini@gmail.com,Geetha Balakrishna,,Bengaluru,Rajanna Military Hotel,1,$2.35,,pending,Chicken pepper dry (Qty: 1)
AHoQwHRWIWzuwgcaHEUF,"May 25, 2024, 07:49 AM",raghav vadehra,raghavvadehra265@gmail.com,Rakesh vadehra,,Jalandhar,AAR KAY Vaishno Dhaba (Nakodar Road),1,$3.18,,pending,Strawberry Ice Cream [150 Ml Approx.] (Qty: 6)
adPPl8javdOmesS0YIdU,"May 25, 2024, 07:43 AM",raghav vadehra,raghavvadehra265@gmail.com,Rakesh vadehra ,,Jalandhar,Sh.Narayan Dass Ji Bare Wale (Phagwara Gate),1,$3.30,,pending,Bara Channa 2 Pieces (Qty: 4)
eH8OQOC50hi0Rr6ingCB,"May 24, 2024, 11:48 AM",Nikita Diyora,nikisjourney@gmail.com,Mihir Maru,,Ahmedabad,Vadilal Ice Creams,1,$3.06,,pending,American Nuts Ice Cream Tub (1 Litre) (Qty: 1)
Bt6qMtqiJE3qAhiITv9q,"May 24, 2024, 05:14 AM",Sandeep Kaur,sandhu.sandy10@gmail.com,Avtar Singh Parmar,,Phagwara,Baskin Robbins - Ice Cream Desserts,1,$2.05,,pending,Roasted Californian Almond Ice Cream (Qty: 2)
sqMqN11oSgECPG6soTTa,"May 22, 2024, 01:22 PM",raghav vadehra,raghavvadehra265@gmail.com,Rakesh vadehra,,Jalandhar,AAR KAY Vaishno Dhaba (Nakodar Road),3,$6.36,,pending,Dal Plain (Qty: 2); Tawa Roti ( Desi Ghee) (Qty: 10); Kadhi Pakora (Qty: 2)
PkP22X5hmYh5F9krsZ8R,"May 19, 2024, 09:36 PM",Saurav Sinha,saurav_sinha78@yahoo.com,Kes,,Jamshedpur,Olive Multicuisine Restaurant,8,$21.44,,pending,Jeera Rice (Qty: 1); Butter Tandoori Roti [4 Pc] (Qty: 1); Butter Naan [2 Pc] (Qty: 1); Aloo Gobi [serves 2] (Qty: 1); Fish Butter Masala [4 Pieces] (Qty: 1); Mutton Curry [4 Pieces] (Qty: 1); Hot Gulaab Jamun [2 Pieces] (Qty: 1); Kesar Pista Ice Cream [2 Scoops] (Qty: 1)
sB5YKbskAyXxsa37mDVA,"May 18, 2024, 08:00 PM",Raj Sundar,rajsundar0703@gmail.com,Durga,,Mumbai,Anand Bhavan,5,$5.36,,pending,Upma (Qty: 1); Masala Dosa (Qty: 1); Filter Coffee (Qty: 1); Fresh Halwa Of The Day (Qty: 1); Podi Idli Fry (2 Pcs) (Qty: 1)
pK76EIP72royJwfewEMp,"May 18, 2024, 07:38 PM",raghav vadehra,raghavvadehra265@gmail.com,Rakesh vadehra,,Jalandhar,Food Bazar,2,$12.01,,pending,Matar Kulcha (Qty: 3); Idli Vada (2pcs.) (Qty: 4)
vENCAZXqQTOwRVXVsunV,"May 15, 2024, 09:17 PM",Siddharth Pandey,sidhomeacc@gmail.com,P N Pandey,,Varanasi,Taste King,3,$8.36,,pending,Aloo Tikki Cheese Burger (Qty: 1); Chilli Paneer Dry (Qty: 1); Mattha (200ml) (Qty: 3)
hMKsb7kFmnUbzFsguKv4,"May 15, 2024, 08:45 PM",Siddharth Pandey,sidhomeacc@gmail.com,P N Pandey,,Varanasi,Taste King,4,$8.65,,pending,Aloo Tikki Cheese Burger (Qty: 2); Paneer Paratha (Per Pc) (Qty: 1); Veg Cutlet (Two Pcs) (Qty: 1); Veg Chowmein (Qty: 1)
wURIENRFHnj0rNeRxsxV,"May 15, 2024, 02:52 AM",Sandeep Kaur,sandhu.sandy10@gmail.com,Avtar Singh Parmar,,Phagwara,Big 7 Food Plaza,1,$5.06,,pending,Veg Hakka Noodles     (Qty: 2)
6EsQdOgVFgp0yebWE8zn,"May 14, 2024, 04:26 AM",raghav vadehra,raghavvadehra265@gmail.com,Rakesh vadehra,,Jalandhar,AAR KAY Vaishno Dhaba (Nakodar Road),3,$7.06,,pending,Dal Makhani (Qty: 2); Palak Kofta (Qty: 1); Mix Vegetable (Qty: 1)
vFkhHDXpuLI2uxMTGmRY,"May 12, 2024, 06:47 AM",Deepak Bupathi,dbupathi@gmail.com,Veeraiah Mucharla,,Hyderabad,Kritunga,3,$8.71,,pending,Gobi Manchurian (Qty: 1); Mini Veg Fried Rice + Mini Paneer Semi Gravy + Gulub Jamun (Qty: 1); Mini Egg Fried Rice + Egg Pakodi With Mint Chetny + Gulub Jamun (Qty: 1)
Fw8tFt34OEw946LlJABh,"May 12, 2024, 06:31 AM",Anil Vig,anlvg@aol.com,ap srivastava,,Ranchi,Kaveri - Lalpur,3,$9.30,,pending,Kashmiri Biryani (Qty: 1); Mix Chowmein (Qty: 1); Veg Mushroom Chowmein (Qty: 1)
OvbAviJIEtFdjG7vHr1e,"May 12, 2024, 06:09 AM",Bharat R,bhafam2@gmail.com,Pushpa Ravi,,Chennai,Pizza Hut,2,$6.80,,pending,Spiced Paneer (Qty: 1); Mexican Fiesta (Qty: 1)
x3LfV24zXc9ZhM4hYN85,"May 12, 2024, 12:48 AM",raghav vadehra,raghavvadehra265@gmail.com,Rakesh vadehra,,Jalandhar,Super Cremica Sweets,1,$6.59,,pending,Super Cremica Special Family Pack (Qty: 1)
7766XShWHRbhZ87Of1G4,"May 11, 2024, 10:55 PM",John Alphonse,johnalp@outlook.com,Gemma Alphonse,,Chennai,Cake Waves,1,$5.88,,pending,Asserted Pastry  (Qty: 1)
zNUuEdlC1mOoCLfDImyH,"May 11, 2024, 10:31 PM",Nivy M,niveditameethan@gmail.com,Meena Achuthan,,Chennai,Sangeetha Veg Restaurant,6,$15.48,,pending,Methi Roti (Qty: 2); Kashmiri Naan (Qty: 1); Punjabi Koftha (Qty: 1); Honey Chilli Gobi (large) (Qty: 1); Rava Kesari (Qty: 1); Ex Vadacurry (1bowl) (Qty: 1)
h9r5bW6ktTal3wx5tHPf,"May 11, 2024, 09:35 PM",Amu,ammusubri@yahoo.com,Malathi,,Bengaluru,Nagarjuna - Since 1984,3,$31.48,,pending,Mutton Biriyani (Qty: 3); Chilly Chicken (Boneless) (7 Pcs) (Qty: 2); Chicken Kebab (8-10 Pcs) (Qty: 2)
XmNFsEqkAfn5d0pP6Woo,"May 11, 2024, 07:55 PM",raghav vadehra,raghavvadehra265@gmail.com,Rakesh vadehra,,Jalandhar,Food Bazar,3,$13.30,,pending,"Aloo Tikki Burger (Qty: 4); Jammu Poori, Aloo, Chana [2 Pcs] (Qty: 2); Chana Bhatura [2 Pcs] (Qty: 2)"
ozS7YtifHf7PiGbOQBIz,"May 11, 2024, 07:29 PM",Deepak Bupathi,dbupathi@gmail.com,Veeraiah Mucharla,,Hyderabad,Navarasa Restaurant,1,$4.45,,pending,Uttapam (Qty: 2)
8yXjerluWVXxX7ugBqQ3,"May 11, 2024, 12:31 AM",Parth P,master.parth31@gmail.com,Varsha Patel,,Ahmedabad,Upper Crust Bakery,1,$5.49,,pending,Black Forest Cake [ 500gm] (Qty: 1)
vh1aR53nHZ1IbUt2SSar,"May 8, 2024, 06:58 PM",Satyabrata Majumder,majumder.satyabrata@gmail.com,Titiksha Shukla,,New Delhi,Cheesecake & Co.,1,$12.95,,pending,Red Velvet Cake (Qty: 1)
3rOtzBgwiqoN9TQ4CMdq,"May 8, 2024, 04:14 PM",Raj Sundar,rajsundar0703@gmail.com,Durga Arcot,,Hyderabad,Theobroma,4,$8.95,,pending,Hot Chocolate (Qty: 1); Eggless Banana Cake [200g] (Qty: 1); Paneer Junglee Sandwich [100g] (Qty: 3); Spicy Paneer Puff [1 Piece] (Qty: 2)
MKyFofIuq74822eTXfyv,"May 7, 2024, 10:56 PM",arpitha gowda,ap.gemini@gmail.com,H S Balakrishna,,Bengaluru,Kaveri military hotel,2,$4.92,,pending,Chicken dum pulav (Qty: 1); Chicken Pepper Dry [5pc] (Qty: 1)
zlUdcae7i3gE0gemmXaf,"May 7, 2024, 03:59 PM",Diogo Perdigão,diogoperdigaodp@gmail.com,Kanishka Pandey,,Bhopal,Gurukripa Pure Veg Restaurant,3,$3.30,,pending,Masala Papad (Qty: 1); Peri Peri French Fries (Qty: 1); Cake Pops (Qty: 1)
aQNTAv0duxVHcLsd5b60,"May 7, 2024, 03:49 PM",Diogo Perdigão,diogoperdigaodp@gmail.com,Kanishka Pandey,,Bhopal,Gurukripa Pure Veg Restaurant,3,$3.30,,pending,Masala Papad (Qty: 1); Peri Peri French Fries (Qty: 1); Cake Pops (Qty: 1)
KFlndgaxOcT4MP1YP0Ef,"May 7, 2024, 06:49 AM",Smitha Vikram,smithaavikram@gmail.com,suguna,,Chennai,Sangeetha Veg Restaurant,2,$7.47,,pending,Spl Dry Fruit Mastani Falooda Regular (Qty: 1); Dry Fruit Milkshake (Qty: 1)
sWA1DaUd8osUP6AgkhdF,"May 6, 2024, 04:13 AM",raghav vadehra,raghavvadehra265@gmail.com,Rakesh vadehra,,Jalandhar,Food Bazar,2,$10.24,,pending,Dahi Vada (2pcs.) (Qty: 4); Idli Vada (2pcs.) (Qty: 1)
DPpq4uztuXFjXd7oZFdw,"May 5, 2024, 11:06 PM",Joan Chandran,19archana@gmail.com,Shanthi,,Chennai,Ibaco,1,$11.81,,pending,Fruit 'N' Blackcurrant Drizzle Ice cream Cake (Qty: 1)
pToaBUGnFapuZcwLRNV7,"May 5, 2024, 10:50 PM",Joan Chandran,19archana@gmail.com,Shanthi,,Chennai,Buhari Hotel,8,$32.49,,pending,Garlic Naan (Qty: 2); Prawns Fried Rice (Qty: 1); Chicken Noodles (Qty: 1); Chilli Fish (Qty: 1); Fish Finger & Chips (Qty: 1); Chicken Tangdi Kebab (Qty: 1); Mutton Ceylon Egg Parotta (Qty: 1); Paya (Qty: 1)
Y9sZGghcMyQNMNK7f3ro,"May 5, 2024, 05:15 AM",Rajeev Singh,rajeevsingh0401@gmail.com,Sunita Singh,,Lucknow,Rollarappaa,2,$6.63,,pending,Chicken Tikka Roll (Qty: 1); Double Egg Single Chicken Roll (Qty: 1)
oaOoXTS6bn7eNFHLBXnD,"May 4, 2024, 11:11 PM",Akshay kumar,akshaykumar6478@gmail.com,Samhitha Panditi,,Bengaluru,IDC Kitchen,1,$1.53,,pending,Masala Dosa (Qty: 1)
hPYRNVJ6BgQH3skbJvjZ,"May 4, 2024, 07:43 PM",raghav vadehra,raghavvadehra265@gmail.com,Mr Rakesh vadehra ,,Jalandhar,Food Bazar,2,$7.65,,pending,"Jammu Poori, Aloo, Chana [2 Pcs] (Qty: 2); Chana Bhatura [2 Pcs] (Qty: 2)"
SynHuzDDNt9bq76gdELg,"May 3, 2024, 10:42 PM",raghav vadehra,raghavvadehra265@gmail.com,Mr Rakesh vadehra ,,Jalandhar,R Swami Juice Corner,1,$4.94,,pending,Anar Mixed Juice  (Qty: 6)
WowuKvrFQg5AxFSrKDpH,"Apr 30, 2024, 10:06 PM",Nivy M,niveditameethan@gmail.com,Navya Madhusoodanan,,Vadodara,Vadilal Hangout,1,$2.99,,pending,Golden Fantasy Ice Cream Cake [500 Ml] (Qty: 1)
FSP1OhGjxSPNr1u3PCXI,"Apr 30, 2024, 10:04 PM",Nivy M,niveditameethan@gmail.com,Meena Achuthan,,Chennai,A2B - Adyar Ananda Bhavan,3,$4.16,,pending,Mullu Murukku [250 Gm] (Qty: 1); Bhel Puri (Qty: 1); Dhai Puri (Qty: 1)
OIan2EFhGtXYAFPB6KRm,"Apr 30, 2024, 08:52 PM",Abhi chatt,abbishop57@gmail.com,Susmita Sarkar,,Kolkata,Slice-It! by Oven Story Pizza,2,$8.80,,pending,Double Paneer Chipotle Pizza (Medium Pizza) (Qty: 1); Cheese Infused Garlic Bread (Qty: 1)
4naakk2JA65OPjZwEqM1,"Apr 30, 2024, 06:40 AM",Abhi chatt,abbishop57@gmail.com,Susmita Sarkar,,Kolkata,Sweet Truth - Cake and Desserts,1,$9.40,,pending,Blueberry Cheesecake (500 gm) (Eggless) (Qty: 1)
JqJgFXC6a8kS4pUcevqp,"Apr 28, 2024, 08:36 AM",J,jstudio64@skiff.com,J,,Noida,KFC,3,$10.76,,pending,Coffee Mousse Cake (Qty: 1); Ultimate Savings Chicken Bucket (Qty: 1); Mirinda Can 300 ml (Qty: 1)
ZXCKStihPpeI27O12kam,"Apr 28, 2024, 05:03 AM",RAnn Francia,rann.francia@gmail.com,Sandeep Saini,,Jaipur,Domino's Pizza,1,$11.29,,pending,Special Party for 4 (Veg) @Rs. 180 off (Qty: 1)
m4lKmeiUSYmevZiqMgGc,"Apr 27, 2024, 01:34 AM",raghav vadehra,raghavvadehra265@gmail.com,Rakesh vadehra,,Jalandhar,Maddi Refreshments,1,$3.30,,pending,Samosa (2 Pieces) with Chana (Qty: 4)
coVcSlbgVCfKaYGmkGx5,"Apr 26, 2024, 06:00 PM",arpitha gowda,ap.gemini@gmail.com,Balakrishna,,Bengaluru,Paakashala,3,$8.77,,pending,Paneer Tikka Makhmali (Qty: 1); Dal Methi (Qty: 1); Dahi Chawal (Qty: 1)
KmlRORYx0OECZdnUhKGO,"Apr 25, 2024, 02:07 PM",Suganya Anand,suganya.anand@gmail.com,Augustine ,,Bengaluru,Sangam Sweets,4,$6.40,,pending,Almond Butter Biscuits 200G (Qty: 1); Jowar Puff 80G (Qty: 1); Multigrain Jaggery Biscuits 250G (Qty: 1); Thenzkuzhal Murukku 200G (Qty: 1)
UajBU6zFn9PEaqP3jHGr,"Apr 25, 2024, 02:04 PM",Suganya Anand,suganya.anand@gmail.com,sunil Peter,,Bengaluru,Biryani Pot ,7,$21.30,,pending,Chicken Dum Biryani (Qty: 2); Chilli Chicken (Qty: 1); Schezwan Chicken (Qty: 1); Andhra Chicken Curry (Qty: 1); Chicken Lollipop (Qty: 2); Chicken Schezwan Noodles (Qty: 1); Gulab Jamun [2 Pieces] (Qty: 2)
AceqmDOtfhqfo1lZhFfX,"Apr 25, 2024, 01:48 PM",Suganya Anand,suganya.anand@gmail.com,sunil Peter,,Bengaluru,Asha Sweet Center - Since 1951,9,$16.06,,pending,Andhra Murukku (200 gms) (Qty: 2); Kaju Pakoda (200 gms) (Qty: 1); Thenkuzhal (200 gms) (Qty: 1); Pepper Thattai (250 gms) (Qty: 1); Seedai (200 gms) (Qty: 1); Corn Flakes Mixture (200 gms) (Qty: 1); Masala Kaju 200Gm (Qty: 1); Cashew Burfi 100Gm (Qty: 1); Mothichur Ladoo (250gms) (Qty: 2)
vK1gLfvTTrHyESxMG33j,"Apr 24, 2024, 11:48 PM",Rajesh Munavalli,rajesh.munavalli@gmail.com,Basavaraj Gowdar,,Davanagere,Cafe Coffee Day,2,$10.80,,pending,Red Velvet Cake (740 g) (Qty: 1); Chocolate Croissant (Qty: 1)
72hx5cY6twJULcXtwNHA,"Apr 23, 2024, 10:58 PM",Rahul Bagchi,rabagchi@gmail.com,Ratul Bagchi,,Pune,Behrouz Biryani,4,$43.31,,pending,Murgh Malai Kebab (6 Pcs) (Qty: 2); Royal Baklava (6 Pcs) (Qty: 1); Gosht Haleem (Mutton Haleem) (Qty: 1); Gosht-e-Nawabi Handi Biryani (Serves 2) (Qty: 2)
Pvytgb5QXfDAemkkdPLH,"Apr 23, 2024, 08:23 PM",Abhi chatt,abbishop57@gmail.com,Debjani ,,Kolkata,Sai Jalpan Junction,2,$4.10,,pending,"Mini Vada (5 Pcs)    (Qty: 1); (2 Pc Mini Vada, 5 Pc Mini Idli, 1 Pc Small Uttapam & 1 Pc Small Dosa)  (Qty: 1)"
UGI1WB9UTJX4PSk2d71c,"Apr 21, 2024, 11:46 AM",Ramandeep Bathel,bathra10@googlemail.com,Mrs Binita,,Mumbai,5 Spice,2,$7.30,,pending,Chicken Sweet Corn Soup (Qty: 1); Chicken Burnt Garlic Fried Rice (Qty: 1)
WZ45vrJS056Sm4vm91Qp,"Apr 19, 2024, 05:43 PM",arpitha gowda,ap.gemini@gmail.com,Balakrishna,,Bengaluru,Amruthanna Andhra Cuisine Restaurant,2,$5.99,,pending,Dal Fry (Qty: 1); Malai Chicken Tikka (Qty: 1)
brrIrpHygPVQV7xCueUv,"Apr 15, 2024, 02:15 PM",Umang Patel,17patelumang@gmail.com,Dr. Hina,,Ahmedabad,Jalaram Khaman House,6,$31.37,,pending,Nylon Khaman  (Qty: 1); Navtad Samosa (12 Pcs) (Qty: 2); Gathiya  (Qty: 1); Jalebi ( 4 Pcs ) (Qty: 1); Papdi  (Qty: 1); Khandvi (Qty: 1)
B6RrN2WnYjjfBkiStVv4,"Apr 13, 2024, 10:31 AM",Nikita Diyora,nikisjourney@gmail.com,Mihir Maru,,Ahmedabad,The Belgian Waffle Co.,1,$3.91,,pending,Mini Waffle Box of 4 - Assorted (Qty: 1)
RI4KIgvsoxdCxgb4W0Wt,"Apr 10, 2024, 01:51 PM",raghav vadehra,raghavvadehra265@gmail.com,Rakesh vadehra,,Jalandhar,Kulcha town,2,$5.59,,pending,Chole bhature (Qty: 5); Rice Chole (Qty: 3)
ZZwcFyqQVo96NI2sV3Qt,"Apr 10, 2024, 02:14 AM",raghav vadehra,raghavvadehra265@gmail.com,Rakesh vadehra,,Jalandhar,Food Bazar,4,$17.54,,pending,Aloo Tikki Burger (Qty: 5); Idli Vada (2pcs.) (Qty: 2); Vada Sambhar (2pcs.) (Qty: 3); Peri Peri Fries (Qty: 1)
vVVEA3PELrWTFKjNXUyN,"Apr 9, 2024, 03:36 AM",raghav vadehra,raghavvadehra265@gmail.com,Rakesh vadehra,,Jalandhar,AAR KAY Vaishno Dhaba (Nakodar Road),4,$13.18,,pending,Dal Plain (Qty: 2); Mix Vegetable (Qty: 3); Tawa Roti ( Desi Ghee) (Qty: 15); Aloo Gobi (Qty: 2)
AInZumyE8YlG1bHu014D,"Apr 8, 2024, 09:41 PM",Ratna Kalluri,ratna_kalluri@yahoo.com,K R Bulusu,,Secunderabad,G Pulla Reddy Sweets,3,$16.48,,pending,Assorted Sweets (Qty: 1); Festive Assorted 450g (Qty: 1); Telugu Mithai 800gms (Qty: 1)
X5zmLo0oBqoCDeutQ1Jz,"Apr 8, 2024, 01:02 AM",raghav vadehra,raghavvadehra265@gmail.com,Rakesh vadehra,,Jalandhar,AAR KAY Vaishno Dhaba (Nakodar Road),4,$13.65,,pending,Dal Makhani (Qty: 3); Mix Vegetable (Qty: 2); Shahi Paneer (Qty: 1); Tawa Roti ( Desi Ghee) (Qty: 14)
zBeXvyTukoivlmyeBGw9,"Apr 7, 2024, 06:02 AM",Devarshi Dhola,devarshidhola563@gmail.com,Nency Rathod,,Surat,Kailash Sweets & Snacks,1,$0.84,,pending,Mayo Schezwan Cheese Frankie (Qty: 1)
5LRXfNGwIiI21mOAgbVu,"Apr 7, 2024, 04:40 AM",raghav vadehra,raghavvadehra265@gmail.com,Rakesh vadehra,,Jalandhar,Food Bazar,2,$7.30,,pending,Dahi Wale Golgappe (Qty: 2); Golgappe [6 Pcs] (Qty: 4)
yX9KxBmX4FxWDLHgiJ5m,"Apr 7, 2024, 02:33 AM",raghav vadehra,raghavvadehra265@gmail.com,Rakesh vadehra,,Jalandhar,Maddi Refreshments,1,$3.53,,pending,Samosa (2 Pieces) with Chana (Qty: 5)
i81EobFltB3lcS5h7BuE,"Apr 6, 2024, 07:55 PM",raghav vadehra,raghavvadehra265@gmail.com,Rakesh vadehra,,Jalandhar,Food Bazar,2,$10.24,,pending,Dahi Vada (1 Pc.) (Qty: 6); Vada Sambhar (2pcs.) (Qty: 1)
xwddeNGKhx7Dji5k7nhr,"Apr 6, 2024, 02:46 AM",raghav vadehra,raghavvadehra265@gmail.com,Rakesh vadehra,,Jalandhar,Food Bazar,2,$9.24,,pending,Lemon Soda (Qty: 7); Veg. Hakka Noodles (Qty: 1)
FItlZBWIEhzC56H315ab,"Apr 6, 2024, 02:36 AM",raghav vadehra,raghavvadehra265@gmail.com,Rakesh vadehra,,Jalandhar,Manni Dhaba,4,$9.09,,pending,Matar Paneer (Qty: 2); Kadi Pakora (Qty: 3); Plain Dal (Qty: 2); Tawa Chapati (Qty: 16)
6X2v9kAHcXQNXRqo03ZN,"Apr 5, 2024, 11:08 AM",raghav vadehra,raghavvadehra265@gmail.com,Rakesh vadehra,,Jalandhar,Starbucks Coffee,2,$9.30,,pending,Butter Croissant. (Qty: 2); Masala Chai (Qty: 1)
lt53AUKosb6KE6F2EflK,"Apr 5, 2024, 11:06 AM",raghav vadehra,raghavvadehra265@gmail.com,Rakesh vadehra,,Jalandhar,Food Bazar,2,$12.83,,pending,Chana Bhatura [2 Pcs] (Qty: 6); Masala Tea (Qty: 4)
n2ulobtsL8hREgHBw0ZU,"Apr 5, 2024, 01:44 AM",raghav vadehra,raghavvadehra265@gmail.com,Rakesh vadehra,,Jalandhar,Pizza Hut,2,$6.50,,pending,Mirinda Pet Bottle (Qty: 2); Corn & Cheese (Qty: 2)
xYVJew4PqwmFGOnHAKXl,"Apr 4, 2024, 10:36 PM",raghav vadehra,raghavvadehra265@gmail.com,Rakesh vadehra ,,Jalandhar,Food Bazar,2,$3.65,,pending,Veg. Momos (6 Pcs.) (Qty: 1); Veg. Hakka Noodles (Qty: 1)
4BV9GNxLdCWZRWSVGWIu,"Apr 4, 2024, 10:32 PM",raghav vadehra,raghavvadehra265@gmail.com,Rakesh vadehra,,Jalandhar,AAR KAY Vaishno Dhaba (Nakodar Road),9,$18.96,,pending,Dal Makhani (Qty: 2); Rajma (Qty: 1); Matar Malai Methi (Qty: 1); Palak Paneer (Qty: 1); Malai Kofta (Qty: 1); Missi Roti (Qty: 2); Mixed Pulao Rice (Qty: 3); Tandoori Roti (Qty: 3); Tawa Roti ( Desi Ghee) (Qty: 10)
ZY1nz8Pr2J4tmY9nNnBA,"Apr 4, 2024, 07:09 AM",raghav vadehra,raghavvadehra265@gmail.com,Rakesh vadehra ,,Jalandhar,Jagat Manni Vaishno Dhaba,3,$2.35,,pending,Dal Fry (Qty: 1); Kadi Pakora (Qty: 1); Roti (Qty: 10)
WvhRQc3phFzCulCYXmKg,"Mar 31, 2024, 02:32 AM",raghav vadehra,raghavvadehra265@gmail.com,Rakesh vadehra,,Jalandhar,Manni Dhaba,5,$7.65,,pending,Palak Paneer (Qty: 1); Cheese Tomato (Qty: 2); Dal Fry (Qty: 1); Veg Pulao (Qty: 1); Chapati (Qty: 10)
4Ud2ZLj78upOIre3nx4M,"Mar 30, 2024, 11:05 AM",raghav vadehra,raghavvadehra265@gmail.com,Rakesh vadehra ,,Jalandhar,Food Bazar,3,$14.54,,pending,Lemon Soda (Qty: 5); Chana Bhatura [2 Pcs] (Qty: 5); Salted Lassi (Qty: 1)
n8Gmo49veumlbjPsRTDP,"Mar 29, 2024, 06:39 AM",Smitha Vikram,smithaavikram@gmail.com,suguna,,Chennai,Sangeetha Veg Restaurant,6,$15.64,,pending,Stuffed Paratha Aloo (Qty: 2); Mango Milkshake (Qty: 1); Dry Fruit Milkshake (Qty: 1); Aloo Fry Gobi Medium (Qty: 1); Cashew Pulao Medium (Qty: 1); Phulka (Qty: 4)
YXPG4al0kC51b9HlpcR3,"Mar 28, 2024, 07:14 AM",Abid Raza,amraza7865@gmail.com,Mahjabeen ,,Hyderabad,Louis Burger,6,$14.56,,pending,Korean Chicken Wings (Qty: 1); Caramel Cheesecake (Qty: 1); Choco Lava Cake (Qty: 1); Chocolate Brownie (Qty: 1); Coke Zero (Qty: 1); Korean Fried Chicken + Smoked Bbq Onion Rings (Qty: 1)
KTwAk7MJ8cTpVLWuysfK,"Mar 23, 2024, 05:37 PM",raghav vadehra,raghavvadehra265@gmail.com,Rakesh vadehra,,Jalandhar,AAR KAY Vaishno Dhaba (Nakodar Road),3,$10.36,,pending,Dal Makhani (Qty: 2); Cheese Chilli (Qty: 2); Mixed Pulao Rice (Qty: 2)
Nc4j8QH8pFR7rIBhHo7L,"Mar 23, 2024, 05:00 AM",raghav vadehra,raghavvadehra265@gmail.com,Rakesh vadehra,,Jalandhar,Sharma Snacks,2,$9.33,,pending,Aloo Finger (250 Grams) (Qty: 2); Samosa  (Qty: 51)
mX4cDKmZ6exLDUkqzE2D,"Mar 22, 2024, 09:11 PM",Ratna Kalluri,ratna_kalluri@yahoo.com,K R Bulusu,,Secunderabad,Arya Bhavan- Udipi Veg,6,$7.90,,pending,1 Idli 1 Vada Sambhar (Qty: 1); Onion Rava Masala Dosa (Qty: 1); South Indian Thali (Qty: 1); Jamoon [1 Piece] (Qty: 2); Rava Kesri (Qty: 2); Badam Milk (Qty: 4)
iPGBPM9bKONdWb3WQ2yP,"Mar 22, 2024, 07:15 PM",Umang Patel,17patelumang@gmail.com,Hina Patel,,Ahmedabad,Oshwal,6,$52.58,,pending,Nylon Khaman (Qty: 1); Jalebi  (Qty: 1); Dalvada (Qty: 1); Nylon Papdi (200 Grams) (Qty: 5); Fulvadi (200Gms) (Qty: 2); Jain Kela Samosa (2 Pieces) (Qty: 10)
5ydlrQhUW1xUPUqh6Kak,"Mar 22, 2024, 06:36 PM",raghav vadehra,raghavvadehra265@gmail.com,Rakesh vadehra,,Jalandhar,Food Bazar,3,$10.36,,pending,Chana Bhatura [2 Pcs] (Qty: 4); Soft Drinks (can) (Qty: 2); Masala Tea (Qty: 4)
483JyvVvhj44Xe8Mby7k,"Mar 20, 2024, 11:45 PM",raghav vadehra,raghavvadehra265@gmail.com,Rakesh vadehra,,Jalandhar,Food Bazar,2,$12.24,,pending,Special Dahi Bhalla (Qty: 2); Paneer Dum Biryani (Qty: 2)
EpmJY6cgGBeTet4kIE8h,"Mar 18, 2024, 07:46 PM",John Alphonse,johnalp@outlook.com,Gemma Alphonse,,Chennai,Cake Waves,1,$9.64,,pending,Mango (Qty: 1)
ga5n19lF8gRvsDpMhhoe,"Mar 18, 2024, 07:33 PM",John Alphonse,johnalp@outlook.com,Shanthi Chandran,,Chennai,The Brownie Studio,1,$9.30,,pending,Crunchy Chocolate Truffle Cake (Qty: 1)
rC5xfLn9WwrKnHAGolqP,"Mar 17, 2024, 03:32 AM",raghav vadehra,raghavvadehra265@gmail.com,Rakesh vadehra,,Jalandhar,Manni Dhaba,4,$9.18,,pending,Shahi Paneer (Qty: 2); Manchurian (Qty: 4); Dal Fry (Qty: 1); Rajma (Qty: 1)
QeyvtEdKKkQeKhKy3GEX,"Mar 15, 2024, 09:46 PM",raghav vadehra,raghavvadehra265@gmail.com,Rakesh vadehra,,Jalandhar,Maddi Refreshments,3,$6.19,,pending,Samosa (2 Pieces) with Chana (Qty: 5); Bread Pakora (1 Pc) (Qty: 4); Paneer Pakora (1 Pc) (Qty: 6)
Lcp9hfvG5ZccjCqd1uyP,"Mar 15, 2024, 04:38 AM",Tausif Khan,funckewerner@proton.me,Hassan,,Navi Mumbai,Zohra,1,$8.71,,pending,Mutton Dum Biryani (Qty: 5)
4evx9p7bZmzOrQfliWZZ,"Mar 15, 2024, 04:35 AM",Tausif Khan,funckewerner@proton.me,Tausif Khan,,New Delhi,Vadilal Ice Creams,1,$2.82,,pending,Strawberry I/c (700 Ml Party Pack 1+1) (Qty: 1)
6DYrIKxkK4r4xSbYfOmT,"Mar 15, 2024, 04:28 AM",Tausif Khan,funckewerner@proton.me,Tausif Khan,,New Delhi,Khan Chacha,1,$28.02,,pending,Red Bull Plain (Qty: 20)
VXyigA5VU6s3w9fS5NjF,"Mar 15, 2024, 04:25 AM",Tausif Khan,funckewerner@proton.me,Tausif Khan,,New Delhi,Biryani Blues,1,$17.37,,pending,Hyderabadi Chicken Dum Biryani (Leg Pcs) (Qty: 4)
z1DO2UcJ2HeulemyvQrT,"Mar 13, 2024, 03:49 AM",Tausif Khan,funckewerner@proton.me,Aman,,Bengaluru,Dindigul Thalappakatti,2,$10.83,,pending,Moru Moru Fish (Qty: 1); Moru Moru Prawns (Qty: 1)
IOnC3VeutLBB5OVNsAhG,"Mar 13, 2024, 03:46 AM",Tausif Khan,funckewerner@proton.me,Tausif Khan,,New Delhi,Aggarwal Sweet Corner & Restaurant,1,$4.00,,pending,Rabri (Qty: 1)
QOLtHKCGg3KbaWU4XQ6U,"Mar 13, 2024, 03:38 AM",Tausif Khan,funckewerner@proton.me,Tausif Khan,,New Delhi,Bakingo,1,$5.52,,pending,Pineapple Cake (Qty: 1)
5vOiLtymFJTW0MovFxGz,"Mar 13, 2024, 03:27 AM",Tausif Khan,funckewerner@proton.me,Tausif Khan,,New Delhi,Biryani By Kilo,1,$14.59,,pending,Dum Nihari Gosht [500 gms] (Qty: 2)
g22G9rd2WVXjNqYH5vVK,"Mar 12, 2024, 07:41 PM",Arvind Naidu,arvind.raj.naidu@gmail.com,Ramesh rao ,,Bengaluru,Nammoora Thindi,3,$3.47,,pending,Rava dosa (Qty: 1); Cold Badam Milk (Qty: 1); Pongal                         (Qty: 1)
9EQfJK5ApjAv3PEIqfVy,"Mar 12, 2024, 05:51 PM",Tausif Khan,funckewerner@proton.me,Tausif Khan,,New Delhi,Biryani By Kilo,3,$25.01,,pending,Kolkata Mutton Biryani [1/2 Kg] (Qty: 1); Mutton Lucknowi Biryani [1/2 Kg] Serves 1-2 (Qty: 1); Mutton Hyderabadi Dum Biryani [1/2 Kg]. (Qty: 1)
KqlS91ZtiWf9JYc7rG2b,"Mar 12, 2024, 05:40 PM",Tausif Khan,funckewerner@proton.me,Tausif Khan,,New Delhi,California Burrito,1,$15.77,,pending,Thums Up Can (Qty: 20)
GZGw2rheyLeh6IuxpkKO,"Mar 12, 2024, 05:38 PM",Tausif Khan,funckewerner@proton.me,Tausif Khan,,New Delhi,California Burrito,1,$15.77,,pending,Thums Up Can (Qty: 20)
eTPp8EZZIrHAi7w9I0qT,"Mar 12, 2024, 05:37 PM",Tausif Khan,funckewerner@proton.me,Tausif Khan,,New Delhi,California Burrito,1,$13.45,,pending,Mirinda Can (Qty: 20)
RxRfNI6mVQknkv70kV8h,"Mar 12, 2024, 04:17 AM",raghav vadehra,raghavvadehra265@gmail.com,Rakesh vadehra,,Jalandhar,ARK Vaishno Dhaba,3,$7.00,,pending,Dal Fry (Qty: 2); Mixed Vegetable (Qty: 1); Cheese Tomato (Qty: 1)
4xfcqiEpFCtp6a2H5OMG,"Mar 11, 2024, 05:53 PM",Tausif Khan,funckewerner@proton.me,Tausif Khan,,New Delhi,California Burrito,1,$13.45,,pending,Pepsi Can (Qty: 20)
hM2hZajHfn0JSj5zzQqw,"Mar 11, 2024, 05:52 PM",Tausif Khan,funckewerner@proton.me,Tausif Khan,,New Delhi,California Burrito,1,$13.45,,pending,Pepsi Can (Qty: 20)
m32vfGagK5B1zsnp0gFC,"Mar 11, 2024, 05:50 PM",Tausif Khan,funckewerner@proton.me,Tausif Khan,,New Delhi,California Burrito,1,$13.45,,pending,Pepsi Can (Qty: 20)
tkB1EQe87EjDfgZ3LuOw,"Mar 11, 2024, 01:35 AM",Taran Preet,tpreet773@gmail.com,Hancy gill,,Kapurthala,Sona Juice Bar & Khalsa Kulcha Amritsar Wale,1,$2.59,,pending,Khalsa Spl Mix Makhani Kulcha (Qty: 2)
abDHMXRM7xJ2SsV7Bs8e,"Mar 9, 2024, 08:18 PM",John Alphonse,johnalp@outlook.com,Gemma Alphonse,,Chennai,Geetham Veg restaurant,2,$13.12,,pending,Tamil Nadu Meals (Qty: 2); North Indian Thali (Qty: 1)
4o2lCT9xHYrIV08KXl4S,"Mar 9, 2024, 06:02 PM",raghav vadehra,raghavvadehra265@gmail.com,Rakesh vadehra,,Jalandhar,Food Bazar,3,$15.36,,pending,Chana Bhatura [2 Pcs] (Qty: 4); Gajar Halwa (100 Gms.) (Qty: 5); Matka Kulfi Plain (Qty: 5)
ZNBKEyb5TiO4OfTtthpS,"Mar 8, 2024, 05:10 PM",raghav vadehra,raghavvadehra265@gmail.com,Rakesh vadehra,,Jalandhar,Lovely Sweets,2,$4.93,,pending,Ladoo Jodhpuri Motichoor 1 Kg Pack (Qty: 1); Ladoo Golden Motichoor 1 Kg Pack (Qty: 1)
SHPYFivULyqV3hvKSigz,"Mar 8, 2024, 05:05 PM",raghav vadehra,raghavvadehra265@gmail.com,Rakesh vadehra,,Jalandhar,Food Bazar,5,$17.89,,pending,Masala Dosa (Qty: 2); Dal Makhani (Qty: 2); Special Dahi Bhalla (Qty: 2); Masala Tea (Qty: 4); Sugar Cane Juice (Qty: 1)
G777OD6fkzRINsJTAMwW,"Mar 8, 2024, 07:22 AM",raghav vadehra,raghavvadehra265@gmail.com,Rakesh vadehra,,Jalandhar,Lovely Bake Studio,1,$3.89,,pending,Cake Strawberry Special 500 Gms (Qty: 1)
nMVKbcnKx8zslwRFRTc3,"Mar 7, 2024, 08:19 PM",Kanch Guru,kanch.guru@gmail.com,Annakkodi,,Thiruchengodu,Dolphin Restaurant,5,$11.49,,pending,Gobi Manchurian (Qty: 1); Butter Kulcha (Qty: 4); Mushroom Biryani (Qty: 1); Paneer Chettinadu Gravy (Qty: 1); Dolphin Special Punjabi Payasam (Qty: 2)
CzN8XgjukHqvzkmfy1eN,"Mar 6, 2024, 03:58 AM",Tausif Khan,funckewerner@proton.me,Aman,,Bengaluru,Dindigul Thalappakatti,1,$9.77,,pending,Thalappakatti Chicken Porichadu (Qty: 2)
9ux7ERr54Rx3eHHJLVro,"Mar 5, 2024, 05:33 AM",Tausif Khan,funckewerner@proton.me,Hassan,,Madhupur Part,Hotel Aditi Inn,1,$7.34,,pending,Chicken biryani (Qty: 2)
EQl1igMJK2fcRtIxfyz2,"Mar 3, 2024, 11:01 PM",Tausif Khan,funckewerner@proton.me,Tausif Khan,,New Delhi,California Burrito,1,$13.45,,pending,Pepsi Can (Qty: 20)
pQMYShrncF2f7n300Lq3,"Mar 3, 2024, 10:58 PM",Tausif Khan,funckewerner@proton.me,Tausif Khan,,New Delhi,Zahra Restaurant & Cafe - Tikona park,1,$10.59,,pending,Hyderabadi Chicken Dum Biryani (Qty: 2)
9gU6tIF3Ss1eHcb3zLfT,"Mar 3, 2024, 09:51 PM",raghav vadehra,raghavvadehra265@gmail.com,Mr Rakesh vadehra ,,Jalandhar,Food Bazar,3,$12.01,,pending,Manchurian Dry (Qty: 1); Chilli Garlic Noodles (Qty: 2); Spring Roll (2 Pcs.) (Qty: 2)
X77lzcncKBFDb3vfGgAO,"Mar 3, 2024, 05:18 PM",Umang Patel,17patelumang@gmail.com,Dr. Hina,,Ahmedabad,Jalaram Khaman House,4,$19.19,,pending,Nylon Khaman  (Qty: 1); Fulwadi  (Qty: 1); Navtad Samosa (12 Pcs) (Qty: 2); Gathiya  (Qty: 1)
pY8l0ugIB3io3VJS2aiu,"Mar 3, 2024, 10:12 AM",Tausif Khan,funckewerner@proton.me,Tausif Khan,,New Delhi,Biryani Blues,1,$8.22,,pending,Hyderabadi Chicken Dum Biryani Boneless (Qty: 2)
aXq6eWxhPsnmwIW9vKSG,"Mar 2, 2024, 05:18 PM",raghav vadehra,raghavvadehra265@gmail.com,Mr Rakesh vadehra ,,Jalandhar,Mix N Match - The Maya Hotel,6,$23.07,,pending,Chilli Mushroom (Qty: 1); Cheese Chilli (With Gravy) (Qty: 1); Dal E Maya (Qty: 1); Stuffed Kulcha (Qty: 5); Missi Roti (Qty: 3); Tandoori Roti (Qty: 1)
I7eLBXHp9jT2H9bnp2S3,"Feb 24, 2024, 05:36 PM",Sai Sri,saipriya03.sri@gmail.com,Padmaja ,,Tiruppur,Annapoorna,2,$5.63,,pending,Poori [2 Pieces] (Qty: 2); Mini Breakfast (Qty: 2)
iEMgb1q1OPVIp0RotBYd,"Feb 20, 2024, 05:27 PM",raghav vadehra,raghavvadehra265@gmail.com,Rakesh vadehra ,,Jalandhar,Sharma Snacks,3,$4.35,,pending,Aloo Finger (250 Grams) (Qty: 2); Samosa  (Qty: 8); Bread Pakora  (Qty: 8)
SbIjdtVcjt6rQVjiMv9B,"Feb 20, 2024, 05:24 PM",raghav vadehra,raghavvadehra265@gmail.com,Rakesh vadehra ,,Jalandhar,Dhan Guru Ramdass Sweet Shop,1,$2.35,,pending,"Moti Choor Ladoo [1 kg, 1 Box] (Qty: 1)"
QRSgR45OqSZah2ge6bEA,"Feb 20, 2024, 05:11 PM",raghav vadehra,raghavvadehra265@gmail.com,Rakesh vadehra,,Jalandhar,Anil Fast Food And Ice-Cream,3,$15.16,,pending,Vada Sambar (Qty: 2); Idli Sambar (Qty: 2); Masala Dosa (Qty: 4)
2qYsQ0Es0z1ENuTzI4mK,"Feb 20, 2024, 05:04 PM",raghav vadehra,raghavvadehra265@gmail.com,Mr Rakesh vadehra ,,Jalandhar,Cake Studio,1,$5.41,,pending,Royal Pineapple Cake (Qty: 1)
JnwFij746Ohgt8jhOQX8,"Feb 20, 2024, 04:59 PM",raghav vadehra,raghavvadehra265@gmail.com,Rakesh vadehra ,,Jalandhar,AAR KAY Vaishno Dhaba (Nakodar Road),10,$20.83,,pending,Dal Makhani (Qty: 2); Rajma (Qty: 1); Malai Kofta (Qty: 2); Jeera Rice (Qty: 2); Missi Roti (Qty: 3); Garlic Naan (Qty: 1); Channa Masala (Qty: 1); Tawa Roti (Qty: 15); Dal Fry (desi Ghee) (Qty: 1); Kadhi Pakora (Qty: 1)
TxfKz9Nsw2hXxhxDCBnu,"Feb 20, 2024, 04:56 PM",raghav vadehra,raghavvadehra265@gmail.com,Rakesh vadehra,,Jalandhar,Rasoi Punjab Di,1,$25.13,,pending,Ajwain mirch parantha (Qty: 61)
aLClTOaoE1EEIuaDy2Z3,"Feb 18, 2024, 08:29 PM",Shivani Daga,dagashivani92@gmail.com,Mohan Kunwar,,New Delhi,Eat N Repeat,4,$5.48,,pending,Aloo Paratha (Qty: 1); Mix Paratha (Qty: 1); Aloo Pyaz Paratha (Qty: 1); Banana Shake (Qty: 1)
HDj172klBUI2m6tzKsl0,"Feb 18, 2024, 05:46 PM",Apoorva Venkata,apoorvavenkata.weschool@gmail.com,Mahima Agarwal,,Navi Mumbai,Theobroma,1,$5.18,,pending,Assorted Cupcakes Box [4 Pcs] (Qty: 1)
ciKrKOcq1ssG1Ub1DH3n,"Feb 17, 2024, 06:33 PM",raghav vadehra,raghavvadehra265@gmail.com,Rakesh vadehra ,,Jalandhar,Food Bazar,3,$13.83,,pending,Chana Bhatura [2 Pcs] (Qty: 4); Jalebi (100 Gms.) (Qty: 5); Masala Tea (Qty: 4)
JQWiWqOdx6s9v7B8gh4W,"Feb 14, 2024, 04:34 AM",raghav vadehra,raghavvadehra265@gmail.com,Rakesh vadehra,,Jalandhar,AAR KAY Vaishno Dhaba (Nakodar Road),2,$5.41,,pending,Dal Plain (Qty: 1); Palak Paneer (Qty: 2)
VNHq2zCIUuMltZoqtZUc,"Feb 13, 2024, 11:02 PM",Mihir Jayavant,mihirjay@gmail.com,Nitin Deshpande,,Dombivli,Domino's Pizza,4,$13.23,,pending,Pepper Barbecue Chicken Pizza (Qty: 1); Cheesy Dip (Qty: 2); Garlic Breadsticks + Pepsi (Qty: 1); Fiery Sausage & Paprika (Qty: 1)
bJPeF1z37v10T7PEFkti,"Feb 11, 2024, 02:06 AM",Praveen Bandaru,praveen6.007@gmail.com,Sanju,,Ballepally,Polas,2,$1.53,,pending,Butter Scotch Cool Cake (1 Pc) (Qty: 1); Black Forest Cool Cake (1 Pc) (Qty: 1)
hpzuFXrx2AJ60IY9am5f,"Feb 10, 2024, 09:17 PM",Suganya Anand,suganya.anand@gmail.com,Augustine ,,Bengaluru,Subbudus The SnackStop ( Eswaris Homemade snacks ),6,$11.53,,pending,Thattai Muruku Classic  - Homemade (200 Gms) (Qty: 1); Adhirasam  (5 Pcs) (Qty: 1); Butter Kai Murukku (200 Gms) (Qty: 1); Rose Cookies (10 Pcs) (Qty: 1); Banana Chips Salt(200gm) (Qty: 1); Banana Chips Ultra Thin Wafers 200gm (Qty: 1)
1swSbKl4Xk53CoVUBorP,"Feb 10, 2024, 04:56 AM",raghav vadehra,raghavvadehra265@gmail.com,Rakesh vadehra,,Jalandhar,AAR KAY Vaishno Dhaba (Nakodar Road),1,$4.94,,pending,Cheese Chilli (Qty: 2)
L8zUGT7xdYuuL7BETiM4,"Feb 10, 2024, 04:45 AM",raghav vadehra,raghavvadehra265@gmail.com,Rakesh vadehra,,Jalandhar,Burger King,2,$11.21,,pending,Veg Whopper (Qty: 4); Veggie Strips(5 Pcs) (Qty: 4)
MNpMSwxmWQ0oJq5FScDe,"Feb 8, 2024, 12:13 PM",raghav vadehra,raghavvadehra265@gmail.com,Rakesh vadehra,,Jalandhar,Food Bazar,2,$11.77,,pending,Masala Dosa (Qty: 2); Vada Sambhar (2pcs.) (Qty: 4)
ygQQiN9Szlu2fAgu4oXR,"Feb 8, 2024, 12:07 PM",raghav vadehra,raghavvadehra265@gmail.com,Rakesh vadehra ,,Jalandhar,Sharma Snacks,1,$15.45,,pending,Samosa  (Qty: 101)
mwOwAQSuQZ9LV3t35VDS,"Feb 5, 2024, 03:38 AM",raghav vadehra,raghavvadehra265@gmail.com,Rakesh vadehra,,Jalandhar,Chhabra Sweets & Delights,1,$11.30,,pending,Special Till Bhugha (Qty: 4)
b8fWbbk2OTUPE0VU2KQ0,"Feb 4, 2024, 05:42 AM",raghav vadehra,raghavvadehra265@gmail.com,Rakesh,,Jalandhar,Bebe di Rasoi,2,$28.48,,pending,Tawa aloo paratha (Qty: 22); Tawa gobi paratha (Qty: 22)
ErH64Gl3kwV3lxCBSG4r,"Feb 3, 2024, 07:46 PM",raghav vadehra,raghavvadehra265@gmail.com,Rakesh vadehra,,Jalandhar,Food Bazar,2,$14.54,,pending,Amritsari Kulcha Chana (Qty: 8); Masala Tea (Qty: 5)
b2wS8MtZ9xmyTb6x61jk,"Feb 3, 2024, 01:35 PM",amar hegde,amar.hegde@gmail.com,Shivaram Hegde,,Bengaluru,Udupi Kitchen,12,$22.19,,pending,Idly [2] Vada [1] (Qty: 4); Avalaki (Qty: 2); Vegetable Dosa (Qty: 1); Veg Biriyani (Qty: 2); Chenna Masala (Qty: 1); Mix Veg Curry (Qty: 1); Capsicum Masala (Qty: 1); Butter Roti (Qty: 2); Alu Paratha (Qty: 2); Methi Roti (Qty: 2); Pudeena Roti (Qty: 2); Mysore Masala (Qty: 1)
sT3UW7ub6J9mSLUXHseH,"Feb 2, 2024, 12:52 PM",Smitha Vikram,smithaavikram@gmail.com,suguna,,Chennai,Sangeetha Veg Restaurant,2,$6.00,,pending,Mini Tiffin (Qty: 2); Fresh Lemon Juice Salt (Qty: 2)
wsrivOnyjqaKy0LZowxL,"Feb 1, 2024, 11:02 PM",Bebo Niesa,beboniesa1997@gmail.com,Pankaj ,,Nagpur,KFC,6,$17.82,,pending,Mirinda Can 300 ml (Qty: 1); Pepsi Black Can 300 ml (Qty: 1); 2 X Chicken Krisper Burgers (Qty: 1); Chicken Wings Combo (Qty: 1); Chocolate Lava Cake (Qty: 2); Chicken Zinger Burger - Tandoori with Cheese (Qty: 2)
WpLozqUEQopJgQsBHvJD,"Jan 31, 2024, 04:42 PM",raghav vadehra,raghavvadehra265@gmail.com,Rakesh vadehra ,,Jalandhar,R Swami Juice Corner,3,$8.30,,pending,Mosambi Juice  (Qty: 1); Anar Juice  (Qty: 4); Pineapple Juice  (Qty: 1)
z0LGz9j7yFf3JyORgm9Y,"Jan 29, 2024, 04:40 AM",raghav vadehra,raghavvadehra265@gmail.com,Rakesh vadehra,,Jalandhar,Food Bazar,1,$6.12,,pending,Special Dahi Bhalla (Qty: 4)
fLsxK0bjvzJxkhWw4O89,"Jan 29, 2024, 04:34 AM",raghav vadehra,raghavvadehra265@gmail.com,Rakesh vadehra,,Jalandhar,Lovely Bake Studio,6,$4.70,,pending,Ajwain Salted 200 Gms (Qty: 1); Aloo Bhujia Dada Pota 400 Gms (Qty: 1); Bikaneri Bhujiya 400 Gms (Qty: 1); Chana Dal 400 Gms (Qty: 1); Kashmiri Mix 400 Gms (Qty: 1); Rusk Elaichi Bk 150 Gms (Qty: 1)
H7DOjL1Tg0dCC6nsn82M,"Jan 29, 2024, 04:27 AM",raghav vadehra,raghavvadehra265@gmail.com,Rakesh vadehra,,Jalandhar,New Aar Kay Vaishno Dhaba (Kapurthala Road),3,$6.47,,pending,Moong Yellow Dal (Qty: 1); Kheer (Qty: 5); Tawa Roti (Qty: 7)
ZUBTNwCX4ik4S3Lewxp1,"Jan 28, 2024, 03:35 AM",umesh manwani,manwaniu@gmail.com,Vaishnavi manwani,,Jaipur,Love Over Coffee,2,$6.59,,pending,Iced Latte Coffee (Qty: 1); Tandoori Maggi (Qty: 1)
l71vkykjuumJsQTuhaUI,"Jan 27, 2024, 07:03 PM",Siddharth Pandey,sidhomeacc@gmail.com,PN Pandey,,Bengaluru,Haldiram's Restaurant,2,$6.56,,pending,Choley Bhatura (Qty: 2); Rasgulla 2 Pc (Qty: 1)
XXybNXY2iNJLXY35m6Cz,"Jan 27, 2024, 06:53 PM",raghav vadehra,raghavvadehra265@gmail.com,Rakesh vadehra,,Jalandhar,Food Bazar,2,$4.47,,pending,Soft Drinks (can) (Qty: 4); Masala Tea (Qty: 4)
6Z7TnguARUt453jdQH8a,"Jan 27, 2024, 06:45 PM",raghav vadehra,raghavvadehra265@gmail.com,Rakesh vadehra,,Jalandhar,Food Bazar,4,$13.30,,pending,Aloo Parantha (Qty: 3); Gobhi Parantha [1 Pc] (Qty: 5); Onion Parantha (Qty: 2); Paneer Parantha [1 Pc] (Qty: 1)
O82Wbm6OOVnSM9Zh6n9V,"Jan 27, 2024, 04:59 AM",raghav vadehra,raghavvadehra265@gmail.com,Rakesh vadehra,,Jalandhar,Sh.Narayan Dass Ji Bare Wale (Phagwara Gate),5,$9.11,,pending,Samosa Channa 2 Pieces (Qty: 2); Bara Channa 2 Pieces (Qty: 2); Kachori Chana 2 Pieces (Qty: 2); Garam Gulab Jamun 2 Pieces (Qty: 4); Charged Energy Drink 250ml By Thums Up (Qty: 4)
hS9uzwS4IzFt0EP2wvqJ,"Jan 26, 2024, 10:10 PM",Praveen Bandaru,praveen6.007@gmail.com,Valli,,Miyapur,Bahar Biryani Cafe,2,$8.42,,pending,Tangdi Kabab (Qty: 1); Gongura Mutton Biryani (Qty: 1)
UjzZ1O00RVTWEV9Fc9M6,"Jan 26, 2024, 07:02 PM",Umang Patel,17patelumang@gmail.com,Dr. Hina,,Ahmedabad,Das Khaman,8,$22.55,,pending,Plain Khaman (Qty: 1); Hot Live Dhokla (Qty: 1); Hot & Spicy Noodles Samosa (Qty: 1); Fulwadi (Qty: 1); Tam Tam Khaman (Qty: 1); Lilvani Kachori (Qty: 1); Nylon Khaman  (Qty: 1); Jalebi  (Qty: 1)
ORWmOFnQU6JswAbVN6HC,"Jan 25, 2024, 07:00 PM",Prishita Ray,prishita.r85@gmail.com,Sutapa Ray,,Bengaluru,Saltlake,2,$4.57,,pending,Dimer Devil (2 Pcs) (Qty: 1); Fish Cutlet [2pc] (Qty: 1)
7EGrT4Vtfn3VWR1xV6rj,"Jan 24, 2024, 03:08 PM",Jeevan Kumar Geddam,geddam.jeevankumar@gmail.com,Venkateshwara Rao,,Chennai,Ammachi Veedu,2,$7.89,,pending,Malabar Prawns Fry (Qty: 1); Karimeen  Varutahthu  (Qty: 1)
omQUWtTFd3ftX3mvRIEm,"Jan 24, 2024, 07:57 AM",umesh manwani,manwaniu@gmail.com,Vaishnavi manwani,,Jaipur,Town Coffee,3,$10.48,,pending,Spaghetti Aglio Olio (Qty: 1); Mint Mojito (Qty: 1); Double Choco Cookies (Qty: 2)
8JtBI27HIA0gZxYfMjjt,"Jan 20, 2024, 07:29 PM",raghav vadehra,raghavvadehra265@gmail.com,Rakesh vadehra,,Jalandhar,Dhan Guru Ramdass Sweet Shop,1,$2.35,,pending,"Moti Choor Ladoo [1 kg, 1 Box] (Qty: 1)"
6YTPxhXIkTdK34pg0sWa,"Jan 20, 2024, 07:27 PM",raghav vadehra,raghavvadehra265@gmail.com,Rakesh vadehra,,Jalandhar,Super Cremica Sweets,1,$9.06,,pending,Till Bhuga (Qty: 1)
VoHB58tXUT96Iwi9KJVR,"Jan 20, 2024, 04:50 AM",raghav vadehra,raghavvadehra265@gmail.com,Rakesh vadehra,,Jalandhar,Food Bazar,3,$15.54,,pending,Aloo Tikki Burger (Qty: 4); Dahi Wale Golgappe (Qty: 4); Gulab Jamun (1 Pc.) (Qty: 8)
y7wqid90zqxD8hWdb4lk,"Jan 19, 2024, 03:39 AM",raghav vadehra,raghavvadehra265@gmail.com,Rakesh vadehra,,Jalandhar,Food Bazar,3,$15.42,,pending,Dal Makhani (Qty: 2); Palak Kofta (Qty: 1); Kadi Chawal (Qty: 2)
mN7EUHikZXGlJpeXfPts,"Jan 14, 2024, 03:18 AM",Rajeev Singh,rajeevsingh0401@gmail.com,Pratima Mitra,,Kolkata,Banana Leaf,6,$10.30,,pending,Rice Idli(2pcs) (Qty: 2); Sada Vada(2pcs) (Qty: 1); Papad (Qty: 2); Upma (Qty: 1); Filter Coffee (Qty: 1); Pongal Temple Style (Qty: 1)
0z8T7B5NY3okAKmWx5ns,"Jan 14, 2024, 12:01 AM",Ratna Kalluri,ratna_kalluri@yahoo.com,K R Bulusu,,Hyderabad,Almond House,1,$12.33,,pending,Assorted Sweets [1 Kg] (Qty: 1)
9PFQus8EB4wgLBD1lAd9,"Jan 13, 2024, 09:28 PM",Umang Patel,17patelumang@gmail.com,Dr. Hina,,Ahmedabad,Das Khaman,7,$27.36,,pending,Tam Tam Khaman (Qty: 3); Navtad Samosa (Qty: 3); Surti Locho (Qty: 3); Nylon Khaman (Qty: 3); Jalebi (Qty: 3); Dahi Khaman (Qty: 3); Undhiyu. (Qty: 2)
1GXSPpxZJMYcgpEm5vP1,"Jan 13, 2024, 03:35 PM",raghav vadehra,raghavvadehra265@gmail.com,Rakesh vadehra,,Jalandhar,Lovely Sweets,1,$5.83,,pending,Halwa Gajar 1 Kg Pack (Qty: 2)
hvWscDkuXbrnwMCZZPNA,"Jan 13, 2024, 02:27 PM",raghav vadehra,raghavvadehra265@gmail.com,Rakesh vadehra,,Jalandhar,Food Bazar,2,$12.36,,pending,"Jammu Poori, Aloo, Chana [2 Pcs] (Qty: 4); Masala Tea (Qty: 6)"
214B5syIOkC4Mfskog4t,"Jan 13, 2024, 06:35 AM",Praveen Bandaru,praveen6.007@gmail.com,Sravya,,Nuzividu,US Pizza Co.,2,$4.24,,pending,Medium Tandoori chicken  Pizza (Serve 2)         (Qty: 1); Fried Chicken 2 Piece         (Qty: 1)
UD5vMmKkItAWAOJXfwpQ,"Jan 13, 2024, 06:28 AM",Praveen Bandaru,praveen6.007@gmail.com,Sanju,,Ballepally,Taj Darbar,1,$6.12,,pending,Chicken Bbq Mandi (Qty: 1)
Gn8GDxnFusBMWbnOPb2i,"Jan 13, 2024, 03:10 AM",Praveen Bandaru,praveen6.007@gmail.com,Valli,,Miyapur,Shah Ghouse Hotel & Restaurant,2,$8.83,,pending,Chicken Lollipop (Qty: 1); Special Mutton Biryani (Qty: 1)
OR5oe7SrcsZbQefUCiCa,"Jan 12, 2024, 10:30 PM",Jayraj Ravi,jayrajravi@gmail.com,Ilavarasi,,Chennai,Ente Keralam,11,$55.44,,pending,Malabar Parotta (Qty: 4); Palada Payasam (Qty: 2); Kozhi Nuruki Porichathu (Qty: 1); Njandu Rasam (Crab) (Qty: 1); Nadan Kozhi Curry (Qty: 1); Neimeen Tawa Fry (Qty: 2); Moilee (Fish) (Qty: 1); Malabar Konchu Porichathu (Qty: 1); Meen Manga Curry (Qty: 1); Mutton Biryani (Qty: 1); Appam (Qty: 4)
84g3oD3KReBolLAeZzLg,"Jan 12, 2024, 01:36 PM",raghav vadehra,raghavvadehra265@gmail.com,Rakesh vadehra ,,Jalandhar,Anil Fast Food And Ice-Cream,3,$12.71,,pending,Vada Sambar (Qty: 2); Idli Sambar (Qty: 3); Cheese Garlic Noodles (Qty: 2)
SDUVKEkvPAuPgGSek3pX,"Jan 12, 2024, 12:00 AM",sravya naga,cvnagasravya@gmail.com,Anasuya,,Hyderabad,Minerva Coffee Shop,2,$8.06,,pending,Veg Spring Rolls (Qty: 1); Grand Thali (Qty: 1)
GrpvHUD5bSuLye7a7fB5,"Jan 8, 2024, 06:55 PM",Siddharth Pandey,sidhomeacc@gmail.com,P N Pandey,,Bengaluru,Punjabi Dhaba,5,$5.84,,pending,Mixed Vegetable (Qty: 1); Plain Rice (Qty: 2); Butter Roti (Tawa) (Qty: 4); Shimla Mirchi Masala (Qty: 1); Palak Paneer   (Qty: 1)
dwegDANSF8QB1JTwB4Du,"Jan 8, 2024, 05:58 PM",raghav vadehra,raghavvadehra265@gmail.com,Rakesh vadehra,,Jalandhar,Food Bazar,8,$18.60,,pending,Extra Butter (Qty: 2); Lemon Soda (Qty: 2); Plain Curd (Qty: 2); Aloo Parantha (Qty: 3); Gobhi Parantha [1 Pc] (Qty: 4); Onion Parantha (Qty: 1); Paneer Parantha [1 Pc] (Qty: 2); Masala Tea (Qty: 4)
zz6mawUF5lnlyMDofVJs,"Jan 8, 2024, 06:23 AM",Wat a Life,chandnirattan@gmail.com,Anu,,Jalandhar,Super Cremica Sweets,1,$9.42,,pending,Till Bhuga (Qty: 1)
9RPntWzEmm5xB1eIWLG4,"Jan 6, 2024, 08:36 PM",Man Het,freestarbucks110105@gmail.com,"Address: C42G+996, Giri Nagar, Bangar Nagar, Yavatmal, Maharashtra 445001, India - Next Door to Hanuman Ji Temple ",,Yavatmal,My Bakers,3,$14.12,,pending,Choco Chips Cake (500 Gram) (Qty: 1); Strawberry Cake (500 Gram) (Qty: 1); Pineapple Cake (500 Gram) (Qty: 1)
JQSmLmWuxDpb1DnHGhfY,"Jan 5, 2024, 09:44 PM",Wat a Life,chandnirattan@gmail.com,Anu,,Jalandhar,Lovely Sweets,3,$15.47,,pending,Halwa Gajar 1 Kg Pack (Qty: 1); Premium Till Bugga (Qty: 2); Mix Gachak 1200 Gms (Qty: 1)
d8c89vAEvEMql3F6yv3v,"Jan 3, 2024, 12:48 PM",raghav vadehra,raghavvadehra265@gmail.com,Rakesh vadehra,,Jalandhar,R Swami Juice Corner,4,$7.65,,pending,Mosambi Juice  (Qty: 2); Anar Juice  (Qty: 2); Orange Juice  (Qty: 1); Pineapple Juice  (Qty: 2)
GceXVF1AI1l5Hy4HRwwD,"Jan 1, 2024, 08:16 PM",raghav vadehra,raghavvadehra265@gmail.com,Rakesh vadehra,,Jalandhar,Parveen Bakery and Confectioners,1,$4.71,,pending,Pineapple   (Qty: 1)
A0BfctBVctvN0d7jBm5G,"Jan 1, 2024, 07:32 PM",raghav vadehra,raghavvadehra265@gmail.com,Rakesh vadehra,,Jalandhar,Food Bazar,2,$10.53,,pending,Special Dahi Bhalla (Qty: 4); Gajar Halwa (100 Gms.) (Qty: 5)
uZ5N4i3upwRFoQ5vmJqw,"Jan 1, 2024, 03:27 PM",raghav vadehra,raghavvadehra265@gmail.com,Rakesh vadehra,,Jalandhar,R Swami Juice Corner,2,$6.47,,pending,Anar Juice  (Qty: 3); Pineapple Juice  (Qty: 2)
bVFCpCIeQ0Dh3mSvgDYQ,"Jan 1, 2024, 06:42 AM",Wat a Life,chandnirattan@gmail.com,Anu,,Jalandhar,Food Bazar,5,$9.36,,pending,Bhalla Papri Chaat (Qty: 1); Manchurian Gravy (Qty: 1); Veg. Momos (6 Pcs.) (Qty: 1); Tikki [1 Pc] (Qty: 1); Veg. Hakka Noodles (Qty: 1)
7At1S1u0YcrOmkUitnuJ,"Jan 1, 2024, 04:52 AM",Eren Jaeger,erenjaeger2k4@gmail.com,Harjeet Kaur ,,Jalandhar,Aggarwal Vaishno Dhaba,2,$1.77,,pending,Missi Roti (Qty: 2); Gajrela (100 Grm) (Seasonal) (Qty: 1)
AAzQlZMg77X9QFYOc23y,"Dec 31, 2023, 11:44 PM",Nikita Diyora,nikisjourney@gmail.com,Mihir Maru,,Ahmedabad,Fun Point,1,$1.65,,pending,Veg Manchow Soup (250 ml) (Qty: 1)
ksJgI6PRrqWjrpgbti39,"Dec 31, 2023, 09:50 PM",Prabhu Iyer,prabhuiyer@hotmail.com,Kapil Iyer,,Ahmedabad,Sweet Truth - Cake and Desserts,2,$12.92,,pending,Belgian Chocolate Cake (Half Kg) (Eggless) (Qty: 1); Macarons Gift Box (Box of 5) (Qty: 1)
DYxXgs8fyfahbZVqXuZY,"Dec 31, 2023, 09:42 PM",Prabhu Iyer,prabhuiyer@hotmail.com,Prabha Iyer,,Mumbai,Bombay Sweet Shop,1,$14.87,,pending,Bombay Sweet Shop Care Package In Gift Bag (Qty: 1)
QYtdMoaNi4RBlUqO1Q6W,"Dec 29, 2023, 06:09 PM",Umang Patel,17patelumang@gmail.com,Dr. Hina,,Ahmedabad,Jalaram Khaman House,2,$14.42,,pending,Gathiya Jalebi Samosa Combo (Qty: 2); Lilva Kachori (Qty: 1)
UJAjgp2TXEBnYQO2F8Bn,"Dec 29, 2023, 12:59 AM",raghav vadehra,raghavvadehra265@gmail.com,Rakesh vadehra,,Jalandhar,Maddi Refreshments,3,$4.94,,pending,Samosa (2 Pieces) with Chana (Qty: 4); Bread Pakora (1 Pc) (Qty: 4); Paneer Pakora (1 Pc) (Qty: 4)
l2bRJuFS2jdv25TM5r7b,"Dec 28, 2023, 09:09 PM",MEETA SRIVASTAVA,meetasidd@gmail.com,Shri Kapil Kumar,,Vadodara,Zaigon - Modern Asian Takeaway,4,$19.83,,pending,Stir Fried Brocolli In Sweet And Spicy Korean Bbq (Qty: 1); Chicken Malaysian Laksa (Qty: 1); Veg Thai Red Curry (Qty: 1); Veg Thai Tom Yum Soup (Qty: 2)
k8AxJJFnCNUG3iBNdDtr,"Dec 27, 2023, 09:54 PM",Wat a Life,chandnirattan@gmail.com,Anu Vadehra ,,Jalandhar,Super Cremica Sweets,2,$14.36,,pending,Moong Dal Halwa (Qty: 1); Till Bhuga (Qty: 1)
Jbig569kYOuvtg3KRytL,"Dec 27, 2023, 09:32 PM",Wat a Life,chandnirattan@gmail.com,Anu Vadehra ,,Jalandhar,Lovely Bake Studio,8,$9.56,,pending,Desi Ghee 200 Gms (Qty: 1); Jeera Salted 400 Gms (Qty: 1); Aloo Bhujia Dada Pota 400 Gms (Qty: 1); Bikaneri Bhujiya 400 Gms (Qty: 2); Chana Dal 400 Gms (Qty: 1); Hara Matar 400 Gms (Qty: 1); Kashmiri Mix 400 Gms (Qty: 2); Rusk Elaichi Bk 350 Gms (Qty: 1)
U8r4UDranEiivjqAa28m,"Dec 24, 2023, 10:54 PM",Nikita Diyora,nikisjourney@gmail.com,Mihir Maru,,Ahmedabad,"Faasos - Wraps, Rolls & Shawarma",1,$4.70,,pending,Macarons Gift Box (Box of 5) (Qty: 1)
erIaCsUpc7ms9RMa8if7,"Dec 24, 2023, 07:45 PM",Yogesh Yadav,dr.yogeshyadav2012@gmail.com,Jaimala Yadav,,Navi Mumbai,Yo Natural Fresh Cafe,6,$27.93,,pending,Paneer Makhanwala (Qty: 3); Malai Kofta (Qty: 3); Paneer Chilly Dry (Qty: 3); Butter Naan (Qty: 6); Paneer Pulao (Qty: 3); Missal Pav  (Qty: 3)
wLKvKfRUK2BnqsxNIt4g,"Dec 24, 2023, 06:22 PM",Franco Davis,francodavis@gmail.com,Sr. Rosarita,,Bengaluru,Mani's Dum Biryani,1,$111.76,,pending,Chicken Biryani (Bucket Combo) (Qty: 5)
K284XO8ZopU6phzO7bBG,"Dec 24, 2023, 06:08 PM",Franco Davis,francodavis@gmail.com,Father Rupert Panikulam,,Kozhinjampara,Amma Mess,2,$5.00,,pending,Paruppu Vada 1 Pie (Qty: 6); Mathi Fish Fry 2 Piece (Qty: 5)
IdLYTdFGp9sUl2X2CQnZ,"Dec 24, 2023, 06:05 PM",Franco Davis,francodavis@gmail.com,Father Rupert Panikulam,,Kozhinjampara,Malabar Restaurant,3,$11.92,,pending,Boneless Chicken 65 (Qty: 1); Mutton Biryani (Qty: 1); Beef Ularthiyth (Qty: 1)
CPdi7p9ectHhbZTJfyBD,"Dec 24, 2023, 05:55 PM",Franco Davis,francodavis@gmail.com,Father Rupert Panikulam,,Kozhinjampara,Hotel Sri Saravana Bavan,9,$24.60,,pending,Pongal (Qty: 2); Papper Roast (Qty: 1); Idli (Qty: 4); Vada (Qty: 2); Boori (Qty: 2); Sarkara Upperi (Qty: 2); Fruit Bannana Chips   (Qty: 2); Butter Rusk (Qty: 2); Jack Fruit Chips (Qty: 4)
67I1MZPDIB3nwVDImIKd,"Dec 23, 2023, 09:09 PM",raghav vadehra,raghavvadehra265@gmail.com,Rakesh vadehra,,Jalandhar,Food Bazar,2,$6.06,,pending,Amritsari Kulcha Chana (Qty: 2); Masala Tea (Qty: 5)
dYrApi1nIUrtfNV1E1Ni,"Dec 23, 2023, 09:01 PM",raghav vadehra,raghavvadehra265@gmail.com,Rakesh vadehra,,Jalandhar,Food Bazar,2,$9.18,,pending,"Amritsari Kulcha Chana (Qty: 2); Jammu Poori, Aloo, Chana [2 Pcs] (Qty: 3)"
WltxUEXuDHBDWlCIxu5X,"Dec 22, 2023, 07:39 PM",raghav vadehra,raghavvadehra265@gmail.com,Rakesh vadehra,,Jalandhar,Food Bazar,2,$9.42,,pending,Chana Bhatura [2 Pcs] (Qty: 4); Masala Tea (Qty: 4)
Q5nldIPSrd0IsrKR6FpR,"Dec 20, 2023, 04:02 AM",raghav vadehra,raghavvadehra265@gmail.com,Mr Rakesh vadehra ,,Jalandhar,Food Bazar,2,$13.24,,pending,Tikki (2 Pcs) (Qty: 5); Gajar Halwa (100 Gms.) (Qty: 7)
0mgJUbMVLlxLH1lQOqDM,"Dec 19, 2023, 09:57 PM",Shubhra Raj,shubhra.raj@gmail.com,Mukul & Rita Verma,,Gurugram,Biryani By Kilo,4,$21.63,,pending,Chicken Hyderabadi Dum Biryani [1/2 Kg]. Serves 1-2 (Qty: 1); Gulab Jamun with Rabri (Qty: 2); Veg Platter (Qty: 1); Tandoori Chicken Half (4 Pcs) (Qty: 1)
0d2W7iJlQA4PUh1kru3W,"Dec 18, 2023, 06:37 AM",Indranath Ghosh,chlorinchemist@gmail.com,Roshni Ray,,Kolkata,Mainland China,3,$45.79,,pending,Meal For 4 (Non Veg)(Mc) (Qty: 1); Drums Of Heaven Hong Kong Style(Mc) (Qty: 1); Konjee Crispy Lamb(Mc) (Qty: 1)
wMGpFyiyHmeEAT8s0AQT,"Dec 18, 2023, 06:21 AM",Indranath Ghosh,chlorinchemist@gmail.com,Timir Sen,,Kolkata,Mainland China,5,$35.07,,pending,Eight Treasure Soup Chicken(Mc) (Qty: 2); Chicken Burnt Garlic Fried Rice(Mc) (Qty: 1); Pan Fried Noodles With Soya Garlic Chicken(Mc) (Qty: 1); Lamb In Black Pepper Sauce(Mc) (Qty: 1); Sliced Fish In Yellow Bean Sauce(Mc) (Qty: 1)
GOnhHvbt3NUtEJL9aS0c,"Dec 17, 2023, 05:43 AM",raghav vadehra,raghavvadehra265@gmail.com,Rakesh vadehra ..,,Jalandhar,Anil Fast Food And Ice-Cream,2,$8.00,,pending,Cheese Chilli (Qty: 1); Chilli Garlic Noodles (Qty: 2)
zzc0kCNY61B9eNrtZk9X,"Dec 13, 2023, 01:41 AM",Bebo Niesa,beboniesa1997@gmail.com,Pankaj,,Nagpur,McDonald's,4,$13.65,,pending,Grilled Chicken & Cheese Burger (Qty: 1); McSpicy Chicken Burger (Qty: 1); McCheese Burger Chicken (Qty: 1); Chocolate Shake (Qty: 3)
jPeePTdiOnd8gmFjjCew,"Dec 12, 2023, 07:57 PM",sarbjeet Manku,sarbjeetksidhu5@gmail.com,Gagandeep kaur,,Barnala,Janta Bakers,1,$4.47,,pending,Black Forest Cake [1.5pound] (Qty: 1)
U3dJcgSW7OhQ53pDKVZf,"Dec 9, 2023, 12:00 PM",Umang Patel,17patelumang@gmail.com,Dr. Hina,,Ahmedabad,Jalaram Khaman House,2,$16.89,,pending,Gathiya Jalebi Samosa Combo (Qty: 2); Mix Farsan Combo (Qty: 1)
KxAa9lcNb6Wuffv11e7m,"Dec 9, 2023, 11:20 AM",raghav vadehra,raghavvadehra265@gmail.com,Rakesh vadehra eg-823 gobind garh near sharma market jalandhar 144001,,Jalandhar,Hotel Dolphin,6,$16.42,,pending,Palak Kofta (Qty: 1); Garlic Naan (Qty: 6); Laccha Paratha (Qty: 2); Missi Roti (Qty: 3); Plain Naan (Qty: 2); Vegetable Kofta Curry (Qty: 1)
BesmRFXW7mfmUF9f1ORp,"Dec 9, 2023, 09:45 AM",Umang Patel,17patelumang@gmail.com,Dr. Hina,,Ahmedabad,Jalaram Khaman House,8,$66.09,,pending,Vatidal Khaman  (Qty: 1); Sev Khamani  (Qty: 1); Nylon Khaman  (Qty: 1); Tam Tam Khaman  (Qty: 1); Gathiya  (Qty: 2); Gathiya Jalebi Samosa Combo (Qty: 3); Papdi  (Qty: 1); Khandvi (Qty: 1)
UzNNZrJYlpqdHbmB7enl,"Dec 8, 2023, 05:09 AM",Brandi Wilkins,blwilkins@live.com,Brandi Wilkins ,,New Delhi,Biryani By Kilo,3,$9.11,,pending,Raita [200ml] (Qty: 1); Chicken Boneless Dum Biryani [1/2 Kg] Serves 1-2 (Qty: 1); Matka Phirni [250gms] (Qty: 1)
UduOKbjWa233fhCs7KqE,"Dec 8, 2023, 04:54 AM",raghav vadehra,raghavvadehra265@gmail.com,Rakesh vadehra,,Jalandhar,Maddi Refreshments,2,$3.91,,pending,Samosa (2 Pieces) with Chana (Qty: 4); Paneer Pakora (1 Pc) (Qty: 4)
5ujkLFAbaelOaHmR6Tqr,"Dec 4, 2023, 12:09 PM",Umang Patel,17patelumang@gmail.com,Dr. Hina,,Ahmedabad,Samosa & Co. By Tgb,4,$33.65,,pending,Peri Peri Mini Samosa (Qty: 6); Mexican Triangle Samosa (Qty: 6); Veg Spring roll (Qty: 8); Mix Snacks Party (Qty: 3)
PzVK4YohNljvpNIvNlAD,"Dec 3, 2023, 07:46 PM",Shivakumar Srikantaiah,shiva207@yahoo.com,Lakshmi,,Bengaluru,Adiga's,3,$7.06,,pending,Idli [3] (Qty: 2); Pongal (Qty: 2); Adiga's Special Rava Idli (Qty: 2)
bW4fIKrgvV4sGWMfOtEH,"Dec 2, 2023, 08:56 PM",Eren Jaeger,erenjaeger2k4@gmail.com,Harjeet Kaur,,Jalandhar,Starbucks Coffee,2,$6.71,,pending,Chilli Cheese Toast (Qty: 1); .Latte. (Qty: 1)
eiFsk0gvgYMj1VmInFKV,"Dec 2, 2023, 07:51 PM",Eren Jaeger,erenjaeger2k4@gmail.com,Harjeet Kaur,,Jalandhar,MBA Chai Wala,2,$1.80,,pending,Cheese Grilled Sandwich (Qty: 1); Mba Special Chai [Masala Chai] [220 Ml] (Qty: 1)
WwN3brb59SUOBz3308xe,"Dec 2, 2023, 03:44 PM",raghav vadehra,raghavvadehra265@gmail.com,Rakesh vadehra ,,Jalandhar,Food Bazar,2,$12.71,,pending,Amritsari Kulcha Chana (Qty: 4); Vada Sambhar (2pcs.) (Qty: 4)
sm94oY15nuREA0V8SCA7,"Dec 1, 2023, 04:19 AM",Sachin Hiray,shiray1975@gmail.com,Sujata Hiray,,Navi Mumbai,Shiv Sagar,2,$4.77,,pending,Steamed Idli (2 Pcs)           (Qty: 1); Dal Khichdi (Qty: 1)
sdHk8GEsRkGGTaqPT7bv,"Nov 30, 2023, 08:15 PM",Merlyn Johnson,merlynjohnson@gmail.com,Mercy,,Thiruvallur,Ganga Sweets,4,$10.65,,pending,Mothi Laddu (Qty: 1); Ice Cream Burfi (Qty: 1); Kaju Kathli (Qty: 1); Rasamalai 1 Pc (Qty: 4)
9Roon57s5GyqV6ODSP62,"Nov 30, 2023, 07:05 PM",Nivy M,niveditameethan@gmail.com,Meena Achuthan,,Chennai,The Sugar Free Keto Kafe - Artinci,2,$5.53,,pending,"Desi Ghee Motichoor Laddu - Sugar Free [200g] (Qty: 1); Red Velvet Marble Cake - Multigrain Millets, Low Carb - [150g] (Qty: 1)"
zndP0UIzDFlJ0VlwgTWu,"Nov 30, 2023, 07:02 PM",Nivy M,niveditameethan@gmail.com,Meena Achuthan,,Chennai,Sangeetha Veg Restaurant,5,$12.24,,pending,Sweet Pongal (Qty: 1); Tamilnadu Meals (Qty: 1); Pav Baaji (Qty: 1); Stuffed Paratha Aloo (Qty: 1); Honey Chilli Gobi (small) (Qty: 1)
t3v7d4WmRN1daIZeAayc,"Nov 25, 2023, 07:33 PM",raghav vadehra,raghavvadehra265@gmail.com,Rakesh vadehra ,,Jalandhar,Food Bazar,3,$11.30,,pending,Aloo Parantha (Qty: 3); Gobhi Parantha [1 Pc] (Qty: 4); Paneer Parantha [1 Pc] (Qty: 2)
cPRpsnPwVaFIaqCeNvW1,"Nov 23, 2023, 04:55 AM",Pralika Roy,rpralika@gmail.com,Darryl ,,Kolkata,Shimla Biryani,3,$20.95,,pending,Raita (Qty: 1); Kebab Platter (6 Pc) (Qty: 1); Mutton Special Biryani (Qty: 3)
PYMHHugYEC5cAW48ZF7f,"Nov 20, 2023, 06:46 PM",Bebo Niesa,beboniesa1997@gmail.com,Pankaj ,,Nagpur,KFC,4,$9.23,,pending,Mixed Chicken Zinger Burger Doubles (Qty: 1); Mirinda Can 300 ml (Qty: 1); Chocolate Mud Pie (Qty: 1); Smoky Red Grilled Chicken Biryani Bucket (Qty: 1)
cJYR8zvVUgQsik0DfZC3,"Nov 20, 2023, 02:39 AM",Bebo Niesa,beboniesa1997@gmail.com,Pankaj ,,Nagpur,McDonald's,4,$11.38,,pending,McCafe-Chocolate Frappe (Qty: 1); Chicken McNuggets - 6 Pcs (Qty: 1); McCheese Burger Chicken (Qty: 1); Blueberry Cheese Cake (Qty: 1)
bYKCoThtuJ27v9rBx9Vz,"Nov 19, 2023, 09:17 PM",Nikita Diyora,nikisjourney@gmail.com,Mihir Maru,,Ahmedabad,Fun Point,2,$2.94,,pending,Veg Manchow Soup (250 ml) (Qty: 1); Cheese Grilled Sandwich (Per Plate) (Qty: 1)
vJaOKxV2NUBQMeRsC0vw,"Nov 19, 2023, 02:10 AM",sarbjeet Manku,sarbjeetksidhu5@gmail.com,Gurinder,,Barnala,Domino's Pizza,3,$11.23,,pending,7Up 475ml (Qty: 1); Meal for 4: Veg  Cheesy Pizza (Qty: 1); Classic (Qty: 2)
m2witZIC0JQgO3ycEwb1,"Nov 18, 2023, 03:07 PM",raghav vadehra,raghavvadehra265@gmail.com,Rakesh vadehra ,,Jalandhar,Food Bazar,1,$11.30,,pending,Amritsari Kulcha Chana (Qty: 8)
8cS0jbjySwYGywFLrNk0,"Nov 15, 2023, 08:13 PM",Ratna Kalluri,ratna_kalluri@yahoo.com,Prial Bhogani,,Secunderabad,FNP Cakes By Ferns N Petals,2,$21.16,,pending,Ferrero Rocher Cake (Qty: 1); Red Roses Bouquet (Qty: 1)
GYGsJLeVhb5xqfaxBGTg,"Nov 15, 2023, 08:02 AM",Eren Jaeger,erenjaeger2k4@gmail.com,Harjeet ,,Jalandhar,Aggarwal Vaishno Dhaba,3,$3.02,,pending,Dal Fry (Qty: 1); Missi Roti (Qty: 2); Ras Malai (Qty: 1)
lnoHTcqFdcCWzC4bqZBk,"Nov 14, 2023, 07:26 PM",Arvind Naidu,arvind.raj.naidu@gmail.com,Dakshayani ,,Palakkad,Noorjehan Fort View Restaurant,1,$2.12,,pending,Appam 4 egg roast single combo (Qty: 2)
pRQsXvTrH2UK9utqyfPX,"Nov 14, 2023, 06:06 PM",Jayraj Ravi,jayrajravi@gmail.com,Ilavarasi,,Chennai,Sangeetha Veg Restaurant,1,$8.95,,pending,Mini Tiffin  (Qty: 4)
HcSdl6YVOiHishFgmYL3,"Nov 11, 2023, 11:39 PM",Eren Jaeger,erenjaeger2k4@gmail.com,Harjeet Kaur ,,Jalandhar,Bliss Vaishno Dhaba,2,$3.30,,pending,Dahi Bhalla (Qty: 1); Kesar Rasmalai (250 Gm) (Qty: 1)
twOG3sCZ6gd0Ac6fjyGw,"Nov 11, 2023, 08:34 PM",Nancy Raj,raj.nancy@gmail.com,Louis Fernandes,,Hyderabad,Aaharanya,4,$9.65,,pending,Lachcha Paratha (Qty: 2); Spl Non Veg Thali (Qty: 1); Chingri (prawn) Malaikari (Qty: 1); Roti And Chicken Tadka (Qty: 1)
omgquBLiULd8gcePuE6V,"Nov 11, 2023, 04:42 PM",raghav vadehra,raghavvadehra265@gmail.com,Rakesh vadehra,,Jalandhar,Sharma Snacks,3,$3.48,,pending,Spring Roll  (Qty: 6); Samosa  (Qty: 7); Bread Pakora  (Qty: 5)
IaduVw5AX9wtq2CszVwv,"Nov 10, 2023, 09:35 PM",Wat a Life,chandnirattan@gmail.com,Anu,,Jalandhar,Lovely Bake Studio,4,$25.61,,pending,Gift Hamper D6 Pc (Qty: 1); Gift Hamper 3 Pc Cylinder (Qty: 1); Mungra Bhalla 400 Gms (Qty: 1); Gift Hamper Tray 1100 (Qty: 1)
cfUDqEsTpN11VMFGO9EO,"Nov 10, 2023, 06:18 PM",raghav vadehra,raghavvadehra265@gmail.com,Rakesh vadehra,,Jalandhar,Food Bazar,1,$8.47,,pending,"Jammu Poori, Aloo, Chana [2 Pcs] (Qty: 4)"
vkCVLqVNwejCZzQfyK3O,"Nov 10, 2023, 05:55 PM",raghav vadehra,raghavvadehra265@gmail.com,Rakesh vadehra,,Jalandhar,Lovely Sweets,2,$8.97,,pending,Burfi Khoya Brown 1 Kg Pack (Qty: 1); Burfi Strawberry Delight (Qty: 1)
KtkqRaHyi84KseZhcoLu,"Nov 10, 2023, 04:16 PM",Nivy M,niveditameethan@gmail.com,Meena Achuthan,,Chennai,iD - Chennai's Everyday Soulful,3,$4.35,,pending,Poori Masala (3pcs) (Qty: 1); Mini Idli With Podi (20pcs) (Qty: 1); Medhu Vada (2pcs) (Qty: 1)
8VyBWPI1Gs1D7t9GpOfu,"Nov 10, 2023, 04:48 AM",Wat a Life,chandnirattan@gmail.com,Anu,,Jalandhar,Lovely Bake Studio,7,$19.40,,pending,Mix Dry Fruit Cake 500 Gms (Qty: 1); Butter Pista Cookies 200 Gms (Qty: 1); Coconut Cookies 200 Gms (Qty: 1); Jeera Salted 400 Gms (Qty: 1); Plain Cookies 200 Gms (Qty: 1); Gift Hamper D6 Pc (Qty: 1); Gift Cookies 450 (Qty: 1)
B1eWXvysSb3aMGkd04D6,"Nov 9, 2023, 02:20 AM",sarbjeet Manku,sarbjeetksidhu5@gmail.com,Gurinder singh,,Barnala,Domino's Pizza,1,$5.52,,pending,Match Day Veg Combo @Rs.75 off (Qty: 1)
VsCjgIOfqjvrh25TnAoz,"Nov 8, 2023, 09:59 PM",Pralika Roy,rpralika@gmail.com,Darryl Khan,,Kolkata,Chili's American Grill & Bar,3,$17.60,,pending,Roasted Garlic Spaghetti with Chili Oil (Veg / Non-veg) (Qty: 1); Ultimate Bacon Burger (Qty: 1); Smokehouse Burger (Veg / Non-veg) (Qty: 1)
GPIeSczudcDOQ1bWrEcg,"Nov 8, 2023, 09:21 PM",Prabhu Iyer,prabhuiyer@hotmail.com,Sonal Iyer,,Mumbai,Smoor,4,$40.74,,pending,Assorted Macaron Box - 5pc (Eggless) (Qty: 2); Honey Almond Cookies- 150gm (Qty: 2); Artisanal Baklava Tin - 16pc (Qty: 1); Assorted Choco-modak Box (Qty: 1)
X3UtudgqWEtoB2mwgfZb,"Nov 8, 2023, 08:26 PM",Prabhu Iyer,prabhuiyer@hotmail.com,Kapil Iyer,,Ahmedabad,Sweet Truth - Cake and Desserts,5,$26.65,,pending,Box of Fun Filled Muffins (Qty: 1); Butterscotch Cake (Half Kg) (Eggless) (Qty: 1); Brownie Diwali Hamper (Qty: 1); Kaju Katli (4 pcs) (Qty: 2); Gulab Jamun Cheesecake Pack of 2 (Qty: 1)
6zMMCnDjGgwVba4uQ79z,"Nov 8, 2023, 08:07 PM",Prabhu Iyer,prabhuiyer@hotmail.com,Prabha Iyer,,Mumbai,Bombay Sweet Shop,2,$22.42,,pending,Assorted Diwali Mithai - Box of 18 (Qty: 1); Saffron Kaju Katli (Qty: 1)
XlxJC6ufzOBypuGbF0Vo,"Nov 8, 2023, 04:07 AM",Sachin Hiray,shiray1975@gmail.com,Sujata Hiray,,Navi Mumbai,Udupi Xpress,2,$3.51,,pending,Onion Uttapam (Qty: 1); Dal Khichdi (Qty: 1)
0SL5dlsyjTSjidfqKkeO,"Nov 5, 2023, 08:18 PM",Rohit Lobo,rohitlobo.misc@gmail.com,Jennifer Lobo,,Mangaluru,Hotel Janatha Deluxe,3,$6.93,,pending,Palak Paneer (Qty: 1); Mushroom Masala (Qty: 1); Cashewnut Pulao (Qty: 1)
DPElhH9br1xny0c03T2x,"Nov 5, 2023, 04:29 AM",raghav vadehra,raghavvadehra265@gmail.com,Rakesh vadehra,,Jalandhar,Food Bazar,2,$6.59,,pending,Chilli Mushroom Dry (Qty: 1); Honey Chilli Cauliflower (Qty: 1)
K2qA8UKjfGXuilodLZLl,"Nov 5, 2023, 04:26 AM",raghav vadehra,raghavvadehra265@gmail.com,Rakesh vadehra ,,Jalandhar,Food Bazar,3,$13.89,,pending,Paneer Makhani (Qty: 1); Vada Sambhar (2pcs.) (Qty: 2); Pineapple Juice (Qty: 4)
Jg5EQVWDbQgOubDZgJg4,"Nov 4, 2023, 08:18 PM",raghav vadehra,raghavvadehra265@gmail.com,Rakesh vadehra,,Jalandhar,Food Bazar,3,$12.01,,pending,Aloo Parantha (Qty: 2); Gobhi Parantha [1 Pc] (Qty: 3); Paneer Parantha [1 Pc] (Qty: 4)
i7RziZ3x0ryadyoH7F32,"Nov 3, 2023, 12:57 PM",Rajeev Singh,rajeevsingh0401@gmail.com,Pratima Mitra,,Kolkata,Banana leaf,5,$13.42,,pending,Butter Onion Masala Rava Dosa (Qty: 1); Tomato Onion Chilli Uttapam (Qty: 1); Masala Vada(2pcs) (Qty: 1); Dhania Masala Dosa (Qty: 1); Mini Idli (Qty: 1)
GMXTO9ZvjM4AmuotLN8o,"Nov 2, 2023, 02:15 PM",William McGregor,johnfwiggins@proton.me,Tausif,,New Delhi,KFC,1,$9.05,,pending,Hot & Crispy Chicken - 8 pcs (Qty: 1)
qulGyVdMpueXdmshTwb9,"Oct 31, 2023, 04:30 AM",Sachin Hiray,shiray1975@gmail.com,Sujata Hiray,,Navi Mumbai,Udupi Xpress,2,$3.15,,pending,Medu Vada (Qty: 1); Dal Khichdi (Qty: 1)
GLh7cBLxxBM2QKNgKTBC,"Oct 29, 2023, 05:15 PM",Domnic Fernandez,domnic8899@gmail.com,Louis Fernandes,,Hyderabad,Royal Tiffin Centre,4,$5.24,,pending,Vada (2pc)  (Qty: 3); Idly (4pc) (Qty: 2); Masala Dosa  (1pc) (Qty: 2); Mysore Bhaji (4pc) (Qty: 1)
fqtpv92NbGS2SXox6nd3,"Oct 29, 2023, 07:08 AM",Shivin Kapur,shivinkapur@gmail.com,Sanjiv Kapur,,Mumbai,Theobroma,1,$7.94,,pending,Eggless Blueberry Cheesecake [1/2kg] (Qty: 1)
NqXfmGL4wm9gqI63c04Q,"Oct 29, 2023, 03:57 AM",D and a nanny agency,dandanannyagency@gmail.com,sujit sarkar,,Kolkata,6 Ballygunge Place,5,$27.89,,pending,"Dhakai Mutton Biriyani [1 Piece Mutton, 1 Piece Potato] (Qty: 1); Mangsher Chop (1 Piece) (Qty: 2); Murshidabadi Chicken Fry [1 Piece] (Qty: 2); Chingri Malai Curry [2 Pieces] (Qty: 2); Kasha Mangsho [2 Pieces] (Qty: 2)"
abJgAWhTOWukt8bLlA3R,"Oct 28, 2023, 06:50 PM",raghav vadehra,raghavvadehra265@gmail.com,Rakesh vadehra,,Jalandhar,Food Bazar,4,$16.54,,pending,Onion Kulcha (Qty: 3); Paneer Kulcha (Qty: 5); Lemon Soda (Qty: 4); Sweet Lassi (Qty: 1)
xE0tdeDJPNlFgo7tG8FT,"Oct 27, 2023, 08:03 PM",Bebo Niesa,beboniesa1997@gmail.com,Pankaj,,Nagpur,Cafe Panda,5,$11.77,,pending,"8"" Peri peri Cheese Pizza (Qty: 1); Mango Shake (Qty: 1); Chicken Cheese Pizza (Qty: 1); Kit Kat Thick Shake (Qty: 2); Tandoori Chicken Pizza (Qty: 1)"
9qCBHmtLOOX3U4uVzeUV,"Oct 27, 2023, 04:20 AM",Sachin Hiray,shiray1975@gmail.com,Sujata Hiray,,Navi Mumbai,Anna Dosa Cafe,3,$5.14,,pending,Pineapple Sheera (Qty: 1); Medu Vada Sambhar [3 Pcs] (Qty: 1); Bisi Bele Bath (Qty: 1)
pauHhseUaWeZfF8yLKZL,"Oct 24, 2023, 08:59 AM",Eren Jaeger,erenjaeger2k4@gmail.com,Harjeet Kaur ,,Jalandhar,Bikanervala,2,$8.16,,pending,Moong Dal Burfi (Qty: 1); Rasmalai - Two Pcs (Qty: 3)
CndUUGIY7n2C4bMVNEU1,"Oct 24, 2023, 06:33 AM",raghav vadehra,raghavvadehra265@gmail.com,Rakesh vadehra,,Jalandhar,Food Bazar,2,$10.24,,pending,Veg. Hakka Noodles (Qty: 3); Jalebi (100 Gms.) (Qty: 4)
jrtEfoUT4aKWYvx9qMG7,"Oct 23, 2023, 04:18 AM",Sachin Hiray,shiray1975@gmail.com,Sujata Hiray,,Navi Mumbai,Udupi Xpress,2,$3.97,,pending,Idli (Qty: 2); Dal Khichdi (Qty: 1)
ZzSODXzRFeGRALoWQHPV,"Oct 22, 2023, 11:05 AM",Santhosh Kumar,augusanthosh@gmail.com,Naga,,Chennai,Ram's Tea House,1,$2.06,,pending,Ram'S Special Tea Flask(500 Ml) (Qty: 1)
lbj4fy0gAcvUpttVkhQF,"Oct 22, 2023, 10:56 AM",Arvind Naidu,arvind.raj.naidu@gmail.com,Santhosh,,Chennai,Ram's Tea House,1,$2.06,,pending,Ram'S Special Tea Flask(500 Ml) (Qty: 1)
jJO3CQa9e3fr60DPa5wB,"Oct 22, 2023, 10:43 AM",Arvind Naidu,arvind.raj.naidu@gmail.com,Lakshmi,,Chennai,Chai Kings,1,$1.28,,pending,Ginger Chai (Qty: 1)
W1EmhMK5CKKw8VrPr3mq,"Oct 21, 2023, 11:41 PM",Eren Jaeger,erenjaeger2k4@gmail.com,Harjeet Kaur ,,Jalandhar,Aggarwal Vaishno Dhaba,2,$3.41,,pending,Masala Dosa (Qty: 1); Gobhi Prantha (Qty: 2)
yilYFP2GZYn5uMdcj3ID,"Oct 20, 2023, 03:32 AM",Sachin Hiray,shiray1975@gmail.com,Sujata Hiray,,Navi Mumbai,Udupi Xpress,3,$5.48,,pending,Idli (Qty: 2); Onion Uttapam (Qty: 1); Bisi Bele Bath (Qty: 1)
AEf7R9qbISOBUelwIM0M,"Oct 17, 2023, 09:38 AM",Asma,asma.zing054@gmail.com,Adarsh Krishna ,,Mumbai,Arab Restaurant,4,$7.11,,pending,Chicken Shawarma (Qty: 1); Rabdi (Qty: 1); Fresh Lime Juice (Qty: 1); Chicken Korma Thali Combo (Qty: 1)
H6RxcMrE7lIc9u0ZicPD,"Oct 16, 2023, 04:14 AM",Sachin Hiray,shiray1975@gmail.com,Sujata Hiray,,Navi Mumbai,Udupi Xpress,3,$4.20,,pending,Idli (Qty: 1); Medu Vada (Qty: 1); Bisi Bele Bath (Qty: 1)
Cmnt8jYD9fIT517fx70s,"Oct 16, 2023, 03:57 AM",raghav vadehra,raghavvadehra265@gmail.com,Rakesh vadehra,,Jalandhar,Food Bazar,3,$15.07,,pending,Dahi Wale Golgappe (Qty: 4); Veg. Momos (6 Pcs.) (Qty: 2); Special Dahi Bhalla (Qty: 4)
Y6HSOemCNKIgHcbThWLy,"Oct 14, 2023, 04:34 AM",Ketan patel,ketu_011176@yahoo.co.in,Kalpesh patel,,Vadodara,Burger King,2,$4.57,,pending,Crispy Veg Burger (Qty: 1); Veg Whopper Combo (Qty: 1)
8jgtTU4xOiGtbd5gekbz,"Oct 12, 2023, 08:59 PM",Franco Davis,francodavis@gmail.com,Baby Davis,,Chennai,Nandhiniee Sweets,5,$32.74,,pending,Assorted Milk Sweets (Qty: 1); Bombay Halwa (Qty: 1); Milk Halwa (Qty: 1); Kaju Assorted Sweets (Qty: 1); Assorted Spl Bengali Sweets (Qty: 1)
iawLtRIJJjZKTONv53XP,"Oct 12, 2023, 07:41 PM",Franco Davis,francodavis@gmail.com,Baby Davis,,Chennai,A2B - Adyar Ananda Bhavan,6,$21.75,,pending,500 Gms - Ghee Assorted Sweets (Qty: 1); Laddu (Qty: 2); 500 Gms Delhi Soan Papdi (Qty: 1); Milk Halwa (Qty: 2); Kadalai Burfi[250gms] (Qty: 1); Ellu Burfi [250gms] (Qty: 1)
s1lhtuqsFH5VZloY3Nnv,"Oct 12, 2023, 07:26 PM",Franco Davis,francodavis@gmail.com,Baby Davis,,Chennai,K C Das,2,$15.82,,pending,K C Das Assorted Box (gova/milk) - 250 Grams (Qty: 2); K C Das Bengali Sweets - Assorted Box (250 Grams) (Qty: 2)
R3cTjus9Q17hilJxj7dC,"Oct 10, 2023, 08:14 PM",Franco Davis,francodavis@gmail.com,Baby Davis,,Chennai,Achayathis Restaurant,4,$7.30,,pending,Kanjiyum Payarum (Qty: 1); Semiya Payasam (Qty: 1); Neyy Puttu Banana (Qty: 1); Kappa Puzhukku (Qty: 1)
jpkNfXcRpdFdqus0CgKL,"Oct 10, 2023, 08:08 PM",Franco Davis,francodavis@gmail.com,Baby Davis,,Chennai,A2B - Adyar Ananda Bhavan,2,$4.83,,pending,Ghee Pongal (Qty: 2); Rava Kitchadi (Qty: 2)
uowkAYayuq4C9EpuRXTT,"Oct 10, 2023, 08:01 PM",Franco Davis,francodavis@gmail.com,Baby Davis,,Chennai,Hotel Saravana Bhavan,1,$4.71,,pending,Breakfast Combo 2 (Qty: 2)
Povip2rrezqQ5t2mHQdI,"Oct 8, 2023, 04:17 PM",raghav vadehra,raghavvadehra265@gmail.com,Rakesh vadehra,,Jalandhar,Lovely Bake Studio,10,$11.00,,pending,Rusk Garlic 200 Gms (Qty: 1); Ajwain Salted 200 Gms (Qty: 2); Australian Cookies 60 Gms (Qty: 2); Butter Pista Cookies 60 Gms (Qty: 1); Choco Chip 60 Gms (Qty: 2); Oats Raisin Cookies 60 Gms (Qty: 1); Aloo Bhujia Dada Pota 400 Gms (Qty: 2); Punjabi Giri Tasty 400 Gms (Qty: 1); Rajdhani Mix 400 Gms (Qty: 1); Rusk Suji Bk 350 Gms (Qty: 1)
3nlND0EticGxx923MUCV,"Oct 8, 2023, 05:02 AM",Asma,asma.zing054@gmail.com,Adarsh Krishna ,,Mumbai,McDonald's,5,$9.26,,pending,Coke (Qty: 1); Chilli Sauce Sachet (Qty: 2); McSaver McSpicy Premium Chicken Meal. (Qty: 1); Chicken McNuggets 4 PC (Qty: 1); Chocolate Express Cake (Qty: 1)
y4bLAsL4SPH5CDm93hzm,"Oct 7, 2023, 08:05 PM",raghav vadehra,raghavvadehra265@gmail.com,Mr Rakesh vadehra ,,Jalandhar,Food Bazar,2,$14.36,,pending,Amritsari Kulcha Chana (Qty: 7); Veg. Hakka Noodles (Qty: 2)
AAZvAcD8NDRQTiazfxQ1,"Oct 7, 2023, 07:56 PM",Suganya Anand,suganya.anand@gmail.com,Augustine ,,Bengaluru,Sri Udupi Grand Veg,6,$12.30,,pending,Stuffed Kulcha (Qty: 1); Kadai Kofta (Qty: 1); Babycorn Manchurian (Qty: 1); Singapore Fried Rice (Qty: 1); Schezwan Noodles (Qty: 1); Butter Kulcha (Qty: 1)
YcA9DgvwUcp8YY6z3URl,"Oct 7, 2023, 07:47 PM",Franco Davis,francodavis@gmail.com,Baby Davis,,Chennai,T Nagar Treat,3,$4.63,,pending,Ghee  Ven Pongal (250gms) (Qty: 1); Break Fast Combo (Qty: 2); Sweet Pongal 100g (Qty: 1)
0gzlYWotoRmieNo7sjr0,"Oct 7, 2023, 07:39 PM",Suganya Anand,suganya.anand@gmail.com,sunil Peter,,Bengaluru,Donne Biryani House,6,$21.61,,pending,Chicken Fry (Qty: 1); Mutton Fry (Qty: 1); Chicken Donne Biryani (Qty: 1); Mutton Donne Biryani (Qty: 1); Chicken Kabab (Qty: 1); Mutton Biryani Combo (Qty: 1)
02bTDwkitVFMlgZYiyQJ,"Oct 7, 2023, 06:52 PM",Franco Davis,francodavis@gmail.com,Baby Davis,,Chennai,Hotel Saravana Bhavan,1,$2.35,,pending,Breakfast Combo 2 (Qty: 1)
AxK2zWnb8NE4WcZmd2uI,"Oct 7, 2023, 11:39 AM",Franco Davis,francodavis@gmail.com,Baby Davis,,Chennai,New Sri Balaji Bhavan,5,$4.59,,pending,Vazhakai Bajji (4 Pcs) (Qty: 1); Kootu (300 Ml) (Qty: 1); Poriyal (300 Gms) (Qty: 1); Kara Kuzhambu (500 Ml) (Qty: 1); Vatha Kuzhambu (500 Ml) (Qty: 1)
MuAVvXonOMuctUoScAnR,"Oct 7, 2023, 07:00 AM",Shanmuga Ganesh,shanmugaganesh@outlook.com,Muthukaruppan,,Chennai,Kumar Mess,3,$7.17,,pending,Naattu Kozhi Biryani (Qty: 1); Paneer Butter Masala (Qty: 1); Butter Rotti (Qty: 3)
F6cvFw2cVKjg53BnDeRG,"Oct 5, 2023, 04:04 AM",Sachin Hiray,shiray1975@gmail.com,Sujata Hiray,,Navi Mumbai,Udupi Xpress,2,$2.75,,pending,Idli Fry (Qty: 1); Onion Uttapam (Qty: 1)
D4wxtmFFMo56JVIXcjze,"Oct 4, 2023, 10:18 PM",raghav vadehra,raghavvadehra265@gmail.com,Rakesh vadehra,,Jalandhar,Food Bazar,6,$25.78,,pending,Dal Makhani (Qty: 2); Butter Roti (Qty: 6); Garlic Naan (Qty: 4); Malai Kofta (Qty: 1); Shahi Paneer (Qty: 1); Dairy Milk Rolls (Qty: 2)
E7aXFGjyqs8Uf1cSY8bD,"Oct 4, 2023, 06:19 PM",Jayraj Ravichandran,jayraj.ravichandran@freshworks.com,Jayram ,,Chennai,The Grand Sweets & Snacks - Amirtham Restaurant,15,$60.82,,pending,Cornflakes Mixture (250 gms) (Qty: 1); Special Mixture (250 gms) (Qty: 1); Thenkuzhal (250 gms) (Qty: 2); Butter Murukku (250 gms) (Qty: 2); Thattai (250 gms) (Qty: 2); Cashewnet Pepper (350 gms) (Qty: 1); Masala Cashewnut (250 gms) (Qty: 1); Ribbon Pakoda (250 gms) (Qty: 1); Seedai (250 gms) (Qty: 1); Potato Chips Salt  (  250 Gms ) (Qty: 1); Mothichur Laddu  ( 250 Gms ) (Qty: 2); Potato Chips Chilly (250 Gms) (Qty: 1); Pista Roll ( 250g ) (Qty: 2); Cashew Kathali ( 300g ) (Qty: 2); Cashew Mysore Pauk ( 250g ) (Qty: 1)
QoIKPlTYMx2aQPo4z6qG,"Oct 2, 2023, 08:00 PM",Sachin Hiray,shiray1975@gmail.com,Sujata Hiray,,Navi Mumbai,Udupi Shri Krishna (Pure Veg),2,$3.18,,pending,Dal Khichdi (Qty: 1); Pinnaple Juice (Qty: 1)
3Ckk619OVazJgdwuDNQG,"Oct 1, 2023, 02:17 AM",raghav vadehra,raghavvadehra265@gmail.com,Mr Rakesh vadehra,,Jalandhar,Sharma Snacks,3,$2.35,,pending,Spring Roll  (Qty: 4); Samosa  (Qty: 4); Bread Pakora  (Qty: 4)
YtzjG3TZKLZ5QEf0lVRB,"Oct 1, 2023, 01:59 AM",Bebo Niesa,beboniesa1997@gmail.com,Pankaj ,,Nagpur,McDonald's,2,$7.99,,pending,Big Spicy Chicken Wrap (Qty: 1); McSpicy Fried Chicken - 2 Pc + 2 Fries (M)	 	+ McSpicy Chicken Burger (Qty: 1)
Vw9koZQPaqddTYjGPuBs,"Sep 30, 2023, 02:56 PM",raghav vadehra,raghavvadehra265@gmail.com,Mr Rakesh vadehra ,,Jalandhar,Food Bazar,2,$10.12,,pending,Chana Bhatura [2 Pcs] (Qty: 4); Matka Kulfi Plain (Qty: 4)
kCap92FF7QUh82PBq4X6,"Sep 30, 2023, 03:36 AM",Domnic Fernandez,domnic8899@gmail.com,Margaret Fernandez,,Hyderabad,Delhi Mithai Wala,7,$9.11,,pending,Papdi Chaat (Qty: 1); Raj Kachori (Qty: 1); Bhel Poori (Qty: 1); Ragda Samosa (Qty: 1); Pani Puri (8 Pcs)( 3 Flavours Of Water ) (Qty: 1); Jalebi  (Qty: 1); Aloo Samosa (1 Pc) (Qty: 2)
PUSZQrj0wRBMDxgI6GGC,"Sep 30, 2023, 02:20 AM",RAnn Francia,rann.francia@gmail.com,Kayden,,Gaya,The Divine Cake Corner,1,$5.53,,pending,Chocolate Oreo Cake (Qty: 1)
gJnbVsExRzrmg7efnL6s,"Sep 28, 2023, 09:37 PM",Soumita Das,soumitamili3@gmail.com,Kalpana Das,,Howrah,Bhikharam Chandmal - Fazir Bazaar,3,$1.88,,pending,Club Kachori Sabji (Qty: 1); Radha Balavi 2pc (Qty: 1); Samosa Per Pc (Qty: 2)
yJCi0yLTKE0koDYKSRxb,"Sep 27, 2023, 08:06 PM",Franco Davis,francodavis@gmail.com,Baby Davis,,Chennai,iD - Chennai's Everyday Soulful,2,$3.24,,pending,Ghee Pongal (Qty: 1); Upma (Qty: 1)
4PFkF5IjCdF5M5MHVnTk,"Sep 27, 2023, 08:00 PM",Franco Davis,francodavis@gmail.com,Baby Davis,,Chennai,Sangeetha Veg Restaurant,2,$2.30,,pending,Pongal (Qty: 1); Rava Kesari (Qty: 1)
KpFH9zm7Fle1HJ4v5Ljg,"Sep 27, 2023, 07:56 PM",Franco Davis,francodavis@gmail.com,Baby Davis,,Chennai,Padmam Veg Restaurant,2,$3.53,,pending,Ghee Pongal (Qty: 2); Uppuma/ Kitchadi (Qty: 2)
umuYFfbnR9Lz6t8OPmV2,"Sep 27, 2023, 01:19 PM",Rajeev Singh,rajeevsingh0401@gmail.com,Pratima Mitra,,Kolkata,Banana Leaf @ Komala Vilas,7,$13.89,,pending,Mini Idli (Qty: 1); Curd Vada (Qty: 1); Vada                       (Qty: 1); Masala Dosa (Qty: 1); Podi Masala Dosa (Qty: 1); Appalam (Papad)                      (Qty: 5); Sweet Of The Day (Qty: 2)
VN48ScYKyZGguZsZfnIP,"Sep 26, 2023, 04:52 PM",Franco Davis,francodavis@gmail.com,Baby Davis,,Chennai,Just Biriyani,7,$21.67,,pending,"Thengai Sadham (Qty: 2); Puli Sadham (Qty: 2); Lemon Sadham (Qty: 2); Idli Served With Sambar, Poondu Thuvayal And Idli Podi (Qty: 2); Kal Dosas Served With Sambar, Poondu Thuvayal And Idli Podi (Qty: 3); 3 Chappathi With Veg Khorma (Qty: 3); Sambhar & Side Dish (Qty: 2)"
bIAA3VpvvUDqdXGnYeWW,"Sep 26, 2023, 04:52 AM",Bebo Niesa,beboniesa1997@gmail.com,Pankaj ,,Nagpur,Burger King,2,$2.18,,pending,Pepsi Medium. (Qty: 1); Veg Crunchy Taco. (Qty: 1)
13KAtaWkZsPNX7eF1wcE,"Sep 25, 2023, 01:03 AM",Bebo Niesa,beboniesa1997@gmail.com,Pankaj ,,Nagpur,KFC,6,$17.63,,pending,Mirinda Can 300 ml (Qty: 1); Pepsi Can 300 ml (Qty: 1); Chocolate Lava Cake (Qty: 1); Chicken Popcorn - Large (Qty: 1); Veg Biryani Bucket (Qty: 2); Hot & Crispy Chicken -6pc (Qty: 1)
O3ylrks6Qwuu7zQ8gMiJ,"Sep 23, 2023, 10:52 PM",Debrup Laha,debrup_laha@yahoo.co.in,Minati Mandal,,Kolkata,Hindusthan Sweets -Jadavpur,4,$6.30,,pending,Rasomalai (250gm) (Qty: 1); Jalbhora Sandesh (4pcs) (Qty: 1); Dalpoori & Aludom (4pcs) (Qty: 1); Malpoa (4pcs) (Qty: 1)
fACID2gkT0KJZjayfSSf,"Sep 23, 2023, 08:04 PM",raghav vadehra,raghavvadehra265@gmail.com,Rakesh vadehra .. eg-823 gobind garh ,,Jalandhar,Food Bazar,2,$9.06,,pending,Chana Bhatura [2 Pcs] (Qty: 4); Veg. Hakka Noodles (Qty: 1)
l4zmmfCBJHSisgfIh2AA,"Sep 22, 2023, 10:27 PM",Shivin Kapur,shivinkapur@gmail.com,Rajesh Kumar,,Delhi,Theobroma,2,$3.47,,pending,Eggless Fresh Cream Pineapple Pastry [1 Piece] (Qty: 1); New York Style Baked Cheese Pastry [1 Piece] (Qty: 1)
OiN2ix4cicj4g74odoGn,"Sep 22, 2023, 05:55 PM",Franco Davis,francodavis@gmail.com,Baby Davis,,Chennai,Guest Hotel,2,$4.59,,pending,Veg Fried Rice (Qty: 1); Veg Noodles (Qty: 1)
JbiA6wDNKd2mdZI3Vev8,"Sep 22, 2023, 05:45 PM",Franco Davis,francodavis@gmail.com,Baby Davis,,Chennai,Pizza Hut,1,$3.93,,pending,Cheese Maxx Veggie Feast (Qty: 1)
0rlQ5BAi38aArOveVB1w,"Sep 18, 2023, 06:41 AM",Preety Kaur,manmeet_gurpreet@yahoo.com,Simrandeep Singh,,Ludhiana,Wok Singh,9,$43.25,,pending,Steamed Fish Fillet With Coriander Chutney (Qty: 1); Honey Chilli Potato (Qty: 1); Hakka Noodle Chicken+chilly Chicken+250 Ml Cold Drink (Qty: 1); Fried Rice Chicken+chicken Manchurian+250 Ml Cold Drink (Qty: 1); Fried Rice Veg+chilly Paneer+250 Ml Cold Drink (Qty: 1); Phi Phi Grilled Fish (100 % Sole) (Qty: 1); Crispy Fried Fish (Qty: 1); Spicy Chilli Chicken Momos [8 Pieces Steamed] (Qty: 1); Chilly Soya Chaap (Qty: 1)
bX1BzbeK7DshFVLr4a8B,"Sep 16, 2023, 08:55 PM",raghav vadehra,raghavvadehra265@gmail.com,Rakesh vadehra ..eg-823 Gobind garh near sharma,,Jalandhar,Bikanervala,3,$15.84,,pending,Aloo Tikki (Qty: 4); Punjabi Chana Kulcha (Qty: 4); Badam Drink 180 ml (Qty: 6)
jMG2l1Kmx9r7Fvm57BtX,"Sep 15, 2023, 09:10 PM",raghav vadehra,raghavvadehra265@gmail.com,Rakesh vadehra.. eg-823 Gobinda garh near sharma market.. 144001,,Jalandhar,Food Bazar,3,$12.12,,pending,Chana Bhatura [2 Pcs] (Qty: 4); Jalebi (100 Gms.) (Qty: 3); Rasgulla ( 6 Pcs. ) (Qty: 1)
UPCjegd0NsXJg3yyn4DJ,"Sep 13, 2023, 08:13 PM",Shivin Kapur,shivinkapur@gmail.com,Sanjiv Kapur,,Mumbai,Theobroma,1,$1.41,,pending,Dutch Truffle Pastry [1 Piece] (Qty: 1)
vD1GyZxvlYQSEbSfElEU,"Sep 11, 2023, 11:25 PM",raghav vadehra,raghavvadehra265@gmail.com,Rakesh vadehra,,Jalandhar,Sharma Snacks,8,$8.07,,pending,Aloo Finger (250 Grams) (Qty: 2); Spring Roll  (Qty: 2); Samosa  (Qty: 5); Bread Pakora  (Qty: 4); Cheese Pakora  (Qty: 4); Mushroom Pakora (250 Grams)  (Qty: 1); Mixed Pakora (250 Gms)  (Qty: 1); Veg Kabab (250 Grams) (Qty: 2)
wH4nmpyesf6fljgbiRGw,"Sep 9, 2023, 08:04 PM",raghav vadehra,raghavvadehra265@gmail.com,Rakesh vadehra,,Jalandhar,Gurdaspuria Dhaba,8,$19.26,,pending,Dal Makhani (Qty: 2); Cheese Tomato (Qty: 1); Mix Veg (Qty: 1); Spring Roll (Qty: 1); Paneer Tikka (Qty: 1); Tawa Roti (Qty: 12); Mushroom Tikka (Qty: 1); Fried Rice [1 Plate] (Qty: 2)
Ssuk0uQ7OZ5tUiZAQV5B,"Sep 8, 2023, 10:24 PM",Jayraj Ravichandran,jayraj.ravichandran@freshworks.com,Vignavi ,,Chennai,Cafe Coffee Day,4,$14.32,,pending,"Filter Coffee Mini Flask (460ml, Serves 3 to 4) (Qty: 1); Smoked Chicken Sandwich (Qty: 1); Double Choco Chip Cookies Twin Pack (150gm each) (Qty: 1); Tandoori Chicken Sandwich (Qty: 1)"
FDJxZDJc2RiVTWTzkr1X,"Sep 8, 2023, 08:49 PM",Raj Adike,rajadike@gmail.com,Preetam,,Secunderabad,Varalakshmi Tiffins,3,$4.18,,pending,Onion Dosa (Qty: 1); Kaaram Ghee Dosa (Qty: 1); Utappam Ghee (Qty: 1)
rOIeYbTAuSsZo2URaWm7,"Sep 6, 2023, 07:09 AM",Nallur,sunitha.nallur@gmail.com,Ashalatha,,Hyderabad,Kwality Walls Frozen Dessert and Ice Cream Shop,4,$8.24,,pending,Vanilla 700ml (Qty: 1); Alphonso Mango 700ml (Qty: 1); Kesar Pista 700ml (Qty: 1); Creamy Kulfi 700ml (Qty: 1)
ttjAfzPm3YLxbjwlLDHT,"Sep 4, 2023, 07:22 PM",Umang Patel,17patelumang@gmail.com,Dr. Hina,,Ahmedabad,Jalaram Khaman House,4,$19.53,,pending,Farali Khaman         (Qty: 2); Gathiya  (Qty: 1); Fafda Jalebi Gathiya Combo-250 (Qty: 1); Khaman Combo-500 (Qty: 1)
RwMMGMrDTZiV4IZOmx5b,"Sep 2, 2023, 09:16 PM",Wat a Life,chandnirattan@gmail.com,Rakesh vadehra ,,Jalandhar,Food Bazar,2,$11.36,,pending,Amritsari Kulcha Chana (Qty: 2); Chana Bhatura [2 Pcs] (Qty: 5)
052h2WdfQl9LzHSVUG0B,"Aug 30, 2023, 09:26 AM",Aaliya Sheikh,aaliya.028040@gmail.com,Zeenat Sheikh ,,Mehsana,Mam Mam Sweets,1,$3.06,,pending,Angur Rabdi (Qty: 1)
MGPV5TDt3U48FEg5zlLk,"Aug 29, 2023, 07:02 PM",Spartan Construction,spartanconstructioncorp@gmail.com,Pranav Patel,,Vadodara,Jalaram Lassi & Khaman House,3,$9.30,,pending,Cheese Rolls (Qty: 1); Patra (Qty: 1); Vati Dal + Tam Tam Khaman (mix) (Qty: 1)
GJfQojAwSZoGN1KiaPQ5,"Aug 29, 2023, 06:59 PM",Sale charity,forcharity4321@gmail.com,Lakshmi,,Chennai,The Cascade,6,$20.60,,pending,Veg Hot & Sour Thick Soup  (Qty: 1); Fried Vegetables Wontons (Qty: 1); Veg Ginger & Garlic Fried Rice (Qty: 1); Veg Chilli Garlic Noodles  (Qty: 1); Tiramisu (Qty: 1); 7 Up 600 Ml (Qty: 2)
DnFTRMVnVbgD20o9K2BS,"Aug 27, 2023, 08:00 PM",Sujesh Arukil,sujesharukil@gmail.com,Bhagyalakshmi ,,Bengaluru,Biryani Blues,1,$5.87,,pending,Hyderabadi Mutton Dum Biryani Boneless (Qty: 1)
9KUVV3lAYmGyklaJabhy,"Aug 27, 2023, 06:10 AM",raghav vadehra,raghavvadehra265@gmail.com,Mr Rakesh vadehra ,,Jalandhar,Super Creamica Sweets,2,$12.90,,pending,Faluda Kulfi Special  (Qty: 4); Mango Shake Plain  (Qty: 4)
P7sz6OYG8Q45R0cutrrO,"Aug 26, 2023, 07:15 PM",Umang Patel,17patelumang@gmail.com,Dr. Hina,,Ahmedabad,Go Zero - Guilt Free Ice Creams,4,$15.56,,pending,Belgian Dark Chocolate 100ml (Qty: 4); Mad Over Mango 100ml (Qty: 3); Malai Kulfi 100ml (Qty: 3); Nutty Butterscotch 100ml (Qty: 3)
t5vVcOiQbJ9CXQFWTKpW,"Aug 25, 2023, 09:45 PM",Arvind Naidu,arvind.raj.naidu@gmail.com,Sadhuna,,Secunderabad,Nartaki Tiffins,2,$2.57,,pending,Idli [2 Pieces] (Qty: 2); Vada  (Qty: 2)
JAWaStOw92tmnkAnImyy,"Aug 25, 2023, 07:27 AM",Jayraj Ravichandran,jayraj.ravichandran@freshworks.com,Vignavi ,,Chennai,Divine Cacao,10,$27.72,,pending,"10""Madras Chicken Tikka Pizza  (Qty: 1); Walnut Brownie  (Qty: 1); Chocochip Brownie  (Qty: 1); Strawberry Layer Pastry (1 Pc) (Qty: 1); Veg Arabiata Penne   (Qty: 1); Belgium Chocolate Pastry (1 Pc) (Qty: 1); Ice Lemon Tea (Qty: 1); Fresh Tossed Garlic Bread (Qty: 1); Peri Peri  Chicken Wings (Qty: 1); Barbeque Chicken Wings (Qty: 1)"
srom5fYCyGrn2PZCQ7ON,"Aug 24, 2023, 10:54 PM",shindeyash11,shindeyash11@gmail.com,Vaibhavi More,,Mumbai,Bakingo,1,$2.11,,pending,Belgian Chocolate Mousse Jar Cake (Qty: 1)
tsE993y5pSMiCgvsfeF6,"Aug 23, 2023, 09:44 AM",pweincez “godzownchild” AnNZ,rebbekaann@gmail.com,Sakthi,,Chennai,Asian Station,3,$15.27,,pending,Chicken Fried Rice (Qty: 1); Chicken Thai Fried Rice With Chilli and Basil (Qty: 1); Malaysian Chicken Satay (6 Skewers) (Qty: 1)
s4Lire6ES4wwrxA2IPou,"Aug 23, 2023, 09:35 AM",pweincez “godzownchild” AnNZ,rebbekaann@gmail.com,Sakthi,,Chennai,750Ml High Quality Juice Shop	,1,$3.74,,pending,Elaneer Fresh Cutting Water Only [750ml[] (Qty: 2)
sgL4EIYGm2XddWbP39HZ,"Aug 23, 2023, 09:26 AM",pweincez “godzownchild” AnNZ,rebbekaann@gmail.com,Sakthi,,Chennai,KFC,2,$7.51,,pending,Hot Chicken Wings - 4pc (Qty: 1); Zinger Pro Burger & Popcorn Meal (Qty: 1)
92RsXR9jqInHNtJ3yIFe,"Aug 22, 2023, 08:05 PM",raghav vadehra,raghavvadehra265@gmail.com,Rakesh vadehra ,,Jalandhar,Food Bazar,4,$12.12,,pending,Extra Butter (Qty: 2); Plain Curd (Qty: 2); Aloo Parantha (Qty: 3); Gobhi Parantha [1 Pc] (Qty: 6)
G33oG8np3IUzCskLajiB,"Aug 21, 2023, 01:30 AM",Nikita Deshpande,deshpande.nikita48@gmail.com,Nitin Deshpande ,,Dombivli,Monginis Cake Shop,6,$5.05,,pending,Zebra Torte Pastry (Qty: 1); Rasmalai Cup (Qty: 1); Paneer Tikka Roll (Qty: 1); Red Velvet Cheese Pastry (Qty: 1); Butterscotch Veg Pastry (Qty: 1); Veg Pattice  (Qty: 2)
ZEVnAnxGExG0mGJhFEof,"Aug 21, 2023, 01:25 AM",Nikita Deshpande,deshpande.nikita48@gmail.com,Nitin Deshpande ,,Dombivli,Rangoli,7,$25.41,,pending,Vegetable Triple Rice (Qty: 1); Veg Club Sandwich (Qty: 1); Vegetable Manchurian (Qty: 1); Paneer Afghani Masala (Qty: 1); Chana Masala Dry (semi Gravy) (Qty: 1); Dal Khichdi (Qty: 1); Hara Bhara Kabab (Qty: 1)
8aemUSAAVu1kEbdsIpTB,"Aug 20, 2023, 11:30 PM",pweincez “godzownchild” AnNZ,rebbekaann@gmail.com,Sakthi,,Chennai,Ambur Star Briyani,4,$10.95,,pending,Butter Naan (Qty: 2); Garlic Naan (Qty: 2); Butter Chicken Masala (Qty: 1); Kadai Prawns (Qty: 1)
YkJv5gT7MHgRp4oXQluP,"Aug 19, 2023, 11:50 PM",Manick Kaliyamoorthy,manickss74@gmail.com,Kaliyamoorthy,,Thirunageswaram,New Pattukottai Kamatchi Mess,5,$11.52,,pending,Meals + meen varuval (Qty: 1); Eral chukka (Qty: 1); Mutton kari kola (Qty: 1); Kuzhambu meen (Qty: 1); Meen Kulambu (Qty: 1)
xNGmjqfbRIFWTI1fRnhW,"Aug 19, 2023, 11:13 PM",Pallavi Manohar,manohar.pallavi@gmail.com,Rathika ,,Chennai,SS Hyderabad Biryani,1,$3.87,,pending,Hyderabadi Chicken Dum Biryani Exe. Pack (Qty: 1)
8BZpXaJLzqVy6r75MLcz,"Aug 19, 2023, 11:10 PM",Pallavi Manohar,manohar.pallavi@gmail.com,Rathika ,,Chennai,Millet Maagic Meal,2,$4.53,,pending,High On Fiber Veg Soup ( 350ml ) (Qty: 1); Millet Mini Lunch Combo (Qty: 1)
wK7sJPBzkO1y7huQ6q9L,"Aug 19, 2023, 11:06 PM",Pallavi Manohar,manohar.pallavi@gmail.com,Rathika ,,Chennai,SS Hyderabad Biryani,1,$3.87,,pending,Hyderabadi Chicken Dum Biryani Exe. Pack (Qty: 1)
q0sKheqt8VSHUDd1odIL,"Aug 19, 2023, 12:47 PM",Umang Patel,17patelumang@gmail.com,Dr. Hina,,Ahmedabad,Maharaj Samosa & Namkeen,7,$26.84,,pending,Navtad Samosa [6 Pieces] (Qty: 2); Navtad Samosa [12 Pieces] (Qty: 1); Chinese Samosa  [6 Pieces] (Qty: 1); Chinese Samosa [12 Pieces] (Qty: 1); Cheese Corn Samosa [6 Pieces] (Qty: 2); Cheese Corn Samosa [12 Pieces] (Qty: 1); Nylon Papdi [1 Kg] (Qty: 2)
bsjs6GarnOkCx7RSVHqd,"Aug 18, 2023, 09:56 PM",raghav vadehra,raghavvadehra265@gmail.com,Rakesh vadehra,,Jalandhar,Food Bazar,3,$14.71,,pending,Chilli Mushroom Dry (Qty: 1); Spring Roll (2 Pcs.) (Qty: 3); Veg. Hakka Noodles (Qty: 2)
9RIVNnOFWftT3hgcYOKu,"Aug 17, 2023, 12:17 AM",pweincez “godzownchild” AnNZ,rebbekaann@gmail.com,Sakthi,,Chennai,SS Hyderabad Biryani,1,$4.70,,pending,Hyderabadi Mutton Dum Biryani (Qty: 1)
T6UsnAGqwYfPD5QV8z5W,"Aug 17, 2023, 12:14 AM",pweincez “godzownchild” AnNZ,rebbekaann@gmail.com,Sakthi,,Chennai,KFC,3,$7.63,,pending,Hot Chicken Wings - 4pc (Qty: 1); Chicken Popcorn - Regular (Qty: 1); Chicken Zinger Burger Meal (Qty: 1)
jDfRmmXGGsJfQ19FI2f9,"Aug 15, 2023, 06:28 AM",Kanchan,kanch2207@gmail.com,Jagdip ,,Mumbai,Baskin Robbins - Ice Cream Desserts,5,$19.71,,pending,Roasted Californian Almond Ice cream (Qty: 1); Cheesecake (Qty: 1); Vanilla Ice cream (1 Ltr Handscooped) (Qty: 1); Mississippi Mud Ice Cream Rocks (Qty: 1); Cookies ‘N Cream arctic ice cream pizza (Qty: 1)
6jvnd3N3FA1Dm7RBBDK3,"Aug 13, 2023, 08:50 PM",raghav vadehra,raghavvadehra265@gmail.com,Mr Rakesh vadehra ,,Jalandhar,Lovely Sweets,3,$13.25,,pending,Paneer Dosa (Qty: 1); Cake Butter Scotch 1 Kg (Qty: 1); Dahi Bhalla (Qty: 3)
8iBRA6xSWKtqAc9wFkwd,"Aug 9, 2023, 01:13 AM",pweincez “godzownchild” AnNZ,rebbekaann@gmail.com,Sakthi,,Chennai,Chai Kings,2,$2.93,,pending,Samosa (Qty: 4); Masala Chai (Qty: 1)
jkoul4jBV71r79YQM1Bj,"Aug 8, 2023, 03:19 AM",pweincez “godzownchild” AnNZ,rebbekaann@gmail.com,Sakthi,,Chennai,SS Hyderabad Briyani,2,$6.58,,pending,Hyderabadi Mutton Dum Biryani (Qty: 1); Crispy Chicken Lollypop (Qty: 1)
bhVR2NRAVUp1gM0JYnrR,"Aug 8, 2023, 03:13 AM",pweincez “godzownchild” AnNZ,rebbekaann@gmail.com,Sakthi,,Chennai,KFC,2,$7.51,,pending,Peri Peri chicken strips - 3 pc (Qty: 1); Zinger Pro Burger & Popcorn Meal (Qty: 1)
VzcDqyiDohW6TCeY6BgV,"Aug 6, 2023, 10:46 PM",Joan Chandran,19archana@gmail.com,Shanthi,,Chennai,Sangeetha Veg Restaurant,2,$6.53,,pending,Box Meals [executive Meals] (Qty: 1); Parcel Meals (Qty: 2)
vhhqoMqadSn5KQL09Qak,"Aug 5, 2023, 07:54 PM",raghav vadehra,raghavvadehra265@gmail.com,Rakesh vadehra,,Jalandhar,Food Bazar,2,$12.95,,pending,Pav Bhaji (Qty: 6); Extra Pav (Qty: 8)
neP3Sh912DuMKOdvKjcN,"Aug 5, 2023, 08:00 AM",Pallavi Manohar,manohar.pallavi@gmail.com,Rathika ,,Chennai,Lola's Pizzeria,1,$5.83,,pending,"11"" Caprina (Qty: 1)"
lzB8MPqGYZ7soxfZ1Cna,"Aug 4, 2023, 10:59 AM",Rajeev Singh,rajeevsingh0401@gmail.com,Pratima Mitra,,Kolkata,Banana Leaf,6,$17.89,,pending,Mini Idly (18 Pcs) (Qty: 1); Sambar Vada (Qty: 2); Dhania Onion Butter Masala Dosa (Qty: 1); Mysore Butter Masala Dosa (Qty: 1); Paneer Onion Masala Rava Dosa (Qty: 1); Rava Kesari (Qty: 3)
oPBkEGejDLU9w2diY97U,"Aug 1, 2023, 07:43 PM",Saurabh Das,saurabhdas2008@gmail.com,Subodh Das,,Pune,Theobroma,1,$8.24,,pending,Chocoholic Cake [1/2kg] (Qty: 1)
kleF5GzEXYZazJm7uNec,"Jul 31, 2023, 10:30 PM",Joan Chandran,19archana@gmail.com,Shanthi chandran,,Chennai,FB Cakes,1,$9.62,,pending,Mango 1 KG (1/2 KG Free) (Qty: 1)
qc7n8d8seGWVy6BB20ih,"Jul 31, 2023, 06:46 PM",Joan Chandran,19archana@gmail.com,Shanthi,,Chennai,Namma Veedu Vasanta Bhavan,2,$7.53,,pending,Mini Tiffin (Qty: 3); Sambar Vadai [1 Pc] (Qty: 1)
BtJADuaUt2vgL6VshoRU,"Jul 30, 2023, 11:45 PM",pweincez “godzownchild” AnNZ,rebbekaann@gmail.com,Sakthi,,Chennai,Kumar Mess,3,$5.83,,pending,Egg Masala (Qty: 1); Kadai Chicken Masala (Qty: 1); Gobi Manchurian (Qty: 1)
znWQ4kHe6nF1cFS8Msqx,"Jul 30, 2023, 11:41 PM",Arvind Naidu,arvind.raj.naidu@gmail.com,Clinton Manuel,,Chennai,The BVK Biryani (Bai Veetu Kalyanam),1,$12.92,,pending,BVK Aatu Erachi Biryani ( Mutton ) ( Regular Pack ) [ Serves 1-2 ] (Qty: 2)
DXveYhbwxK1mKW6BHdZI,"Jul 30, 2023, 07:30 AM",raghav vadehra,raghavvadehra265@gmail.com,Rakesh vadehra,,Jalandhar,Bittu Pardesi,2,$4.24,,pending,Dahi Bhalla (Qty: 4); Tikki Desi  Ghee  (Qty: 8)
LCb60j5hSFTvODbj90xP,"Jul 30, 2023, 07:08 AM",raghav vadehra,raghavvadehra265@gmail.com,Rakesh vadehra,,Jalandhar,Food Bazar,3,$16.48,,pending,Manchurian Gravy (Qty: 2); Tikki (2 Pcs) (Qty: 4); Spring Roll (2 Pcs.) (Qty: 2)
NtLITja0mdNcc4ykUXTO,"Jul 30, 2023, 03:41 AM",pweincez “godzownchild” AnNZ,rebbekaann@gmail.com,Sakthi,,Chennai,SS Hyderabad Briyani,1,$4.70,,pending,Hyderabadi Mutton Dum Biryani (Qty: 1)
bl3iNTCtwF42ld9y94hs,"Jul 30, 2023, 03:39 AM",pweincez “godzownchild” AnNZ,rebbekaann@gmail.com,Sakthi,,Chennai,KFC,1,$6.18,,pending,Zinger Burger & Chicken Combo (Qty: 1)
SZ8HlnEXt2M4LZTCo80W,"Jul 29, 2023, 08:50 PM",raghav vadehra,raghavvadehra265@gmail.com,Mr Rakesh vadehra,,Jalandhar,Food Bazar,2,$19.07,,pending,Raj Kachori (Qty: 10); Tikki (2 Pcs) (Qty: 1)
VE8FHrYUg9fCmzDtVOGR,"Jul 28, 2023, 09:34 PM",Joan Chandran,19archana@gmail.com,Shanthi,,Chennai,A2B - Adyar Ananda Bhavan,4,$6.98,,pending,Mothi Laddu (Qty: 1); Seedai - [200 Gms] (Qty: 1); Kara Boonthi 200 Grams (Qty: 1); Mini Jangiri (Qty: 1)
QUqxaRXdj0WQctFiBIOQ,"Jul 28, 2023, 01:59 AM",pweincez “godzownchild” AnNZ,rebbekaann@gmail.com,Sakthi,,Chennai,Starbucks Coffee,2,$6.18,,dispatched,Signature Hot Chocolate (Qty: 1); Malabari Egg Croissant (Qty: 1)
NAQDsSc1o0WXyfSFSW4Q,"Jul 27, 2023, 05:50 PM",Nikita Deshpande,deshpande.nikita48@gmail.com,Nitin Deshpande ,,Dombivli,Rangoli,8,$29.88,,dispatched,Chicken Keema Paratha (Qty: 1); Chicken Manchow Soup (Qty: 1); Chicken Hyderabadi Biryani (Qty: 1); Tandoori Wheat Roti  (Qty: 3); Banjara Kebab (7 Pcs) (Qty: 1); Reshmi Kebab  (Qty: 1); Boneless Chicken Handi (Qty: 1); Egg Afghani (Qty: 1)
b7f6OCzp8kYtgL3qtw0j,"Jul 27, 2023, 08:53 AM",Asma,asma.zing054@gmail.com,Adarsh Krishna ,,Mumbai,Deliure & The Eatrium,5,$6.63,,dispatched,Chicken Pan Pizza  (Qty: 1); Molten Lava Cake  (Qty: 1); Peri Peri Fries  (Qty: 2); Sweet Lime Juice (Mosambi)  (Qty: 1); Vanilla Milk Shake  (Qty: 1)
OFv8QP4loBOZRIwaYFz1,"Jul 26, 2023, 01:00 PM",Nikita Deshpande,deshpande.nikita48@gmail.com,Nitin Deshpande,,Dombivli,Pizza Hut,4,$12.17,,dispatched,Mirinda Pet Bottle (Qty: 1); Triple Chicken Feast (Qty: 1); Exotica Veggie Garlic Bread - New (Qty: 1); Nawabi Murg Makhni (Qty: 1)
rvchkAz66nPGwGOSTtEK,"Jul 24, 2023, 03:51 AM",pweincez “godzownchild” AnNZ,rebbekaann@gmail.com,Sakthi,,Chennai,SS Hyderabad Briyani,1,$4.70,,dispatched,Hyderabadi Mutton Dum Biryani (Qty: 1)
84swHgGnEcumHRFUi6US,"Jul 23, 2023, 08:54 PM",Nivy M,niveditameethan@gmail.com,Meena Achuthan,,Chennai,Sangeetha Veg Restaurant,3,$8.36,,pending,Tamilnadu Meals (Qty: 1); Box Meals (Executive) (Qty: 1); Ex. Rasam (1 Bowl) (Qty: 2)
iTG6pQXZ4Fxel9KzRnEG,"Jul 23, 2023, 11:21 AM",Nikita Deshpande,deshpande.nikita48@gmail.com,Nitin Deshpande ,,Dombivli,Monginis Cake Shop,6,$4.36,,dispatched,"Pineapple Pastry (Qty: 1); Dutch Almond Pastry (Qty: 1); Chicken Burger (Qty: 1); Chicken Tikka Roll (Qty: 1); Paneer Pattice (Qty: 1); Chicken Pizza 4"" Square Shape (Qty: 1)"
hiof9Yxzti1oZVlYjyMD,"Jul 23, 2023, 07:06 AM",pweincez “godzownchild” AnNZ,rebbekaann@gmail.com,Sakthi,,Chennai,KFC,2,$7.69,,dispatched,Chocolate Mud Pie (Qty: 1); Zinger Burger & Chicken Combo (Qty: 1)
MEwBfOLaFAhJBcQLkf8I,"Jul 22, 2023, 07:40 PM",raghav vadehra,raghavvadehra265@gmail.com,Rakesh vadehra,,Jalandhar,Food Bazar,3,$14.59,,dispatched,Lemon Soda (Qty: 5); Chana Bhatura [2 Pcs] (Qty: 5); EXTRA CHANA (bhatura) (Qty: 1)
YVN1dZhFNS04Rv4LCIxf,"Jul 20, 2023, 07:25 AM",Asma,asma.zing054@gmail.com,Adarsh Krishna ,,Mumbai,Arab Restaurant,5,$11.48,,dispatched,Rabdi (Qty: 1); Dahi Raita (Qty: 1); Fresh Lime Juice (Qty: 1); Chicken Dum Biryani (Qty: 1); Mutton Seekh Kebab [3 Pieces] (Qty: 1)
vVTakSsS39GJjkVl4BeV,"Jul 15, 2023, 10:42 PM",Asma,asma.zing054@gmail.com,Adarsh ,,Mumbai,Shalimar Restaurant,5,$13.77,,dispatched,Mango Lassi (Qty: 1); Garlic Naan (Qty: 2); Mutton Seekh Kebab (2 Pcs) (Qty: 1); Shahi Tukda (Qty: 2); Butter Chicken (Boneless) (Qty: 1)
rVVecVaEiKJNwfxzZqeY,"Jul 15, 2023, 08:30 PM",raghav vadehra,raghavvadehra265@gmail.com,Rakesh vadehra,,Jalandhar,Food Bazar,5,$17.66,,dispatched,Aloo Parantha (Qty: 4); Gobhi Parantha [1 Pc] (Qty: 6); Paneer Parantha [1 Pc] (Qty: 2); Sweet Lassi (Qty: 2); Sugar Cane Juice (Qty: 4)
rWXvKTRP6Kal8ESSuYO5,"Jul 14, 2023, 05:52 AM",pweincez “godzownchild” AnNZ,rebbekaann@gmail.com,Sakthi,,Chennai,KFC,1,$8.71,,dispatched,Classic Chicken Biryani Combo (Qty: 1)
4gKuxCXY9ogoqyLctEwW,"Jul 13, 2023, 11:47 PM",raghav vadehra,raghavvadehra265@gmail.com,Name is Rakesh vadehra not Ramesh….,,Jalandhar,Food Bazar,4,$13.71,,dispatched,Chana Bhatura [2 Pcs] (Qty: 5); Chocolate Brownie (Qty: 2); SPECIAL GULAB JAMUN (Qty: 8); EXTRA CHANA (bhatura) (Qty: 2)
WImrv9UGIK7STYU7gOhV,"Jul 13, 2023, 03:25 PM",Umang Patel,17patelumang@gmail.com,Dr. Hina,,Ahmedabad,Maharaj Namkeen And Samosa,3,$8.78,,dispatched,Navtad Samosa [12pcs] (Qty: 2); Chinese Samosa [12pcs] (Qty: 2); Cheese Corn Samosa [12pcs] (Qty: 2)
i63ZYau223ezJORMEInj,"Jul 9, 2023, 04:46 AM",raghav vadehra,raghavvadehra265@gmail.com,Mr Vadehra ,,Jalandhar,Dhan Guru Ramdass Sweet Shop,4,$5.88,,dispatched,Samosa [1 Piece] (Qty: 8); Paneer Pakoda (1Pc) (Qty: 6); Bread Pakoda [1 Piece] (Qty: 4); Thumps up (Qty: 5)
c5XkR6Rd1BYZQF53SpIg,"Jul 9, 2023, 12:36 AM",pweincez “godzownchild” AnNZ,rebbekaann@gmail.com,Sakthi,,Chennai,Baskin Robbins - Ice Cream Desserts,1,$2.71,,dispatched,Oreo Cookie (Qty: 1)
oHigqdHInTkbW9Pms2xR,"Jul 9, 2023, 12:31 AM",pweincez “godzownchild” AnNZ,rebbekaann@gmail.com,Sakthi,,Chennai,KFC,1,$6.18,,dispatched,Zinger Burger & Chicken Combo (Qty: 1)
sHtrch1xiSJoK5QYvhxJ,"Jul 9, 2023, 12:30 AM",pweincez “godzownchild” AnNZ,rebbekaann@gmail.com,Sakthi,,Chennai,SS Hyderabad Briyani,1,$4.70,,dispatched,Hyderabadi Mutton Dum Biryani (Qty: 1)
7hkxh2aooSlcRmW0dAPN,"Jul 6, 2023, 09:59 PM",raghav vadehra,raghavvadehra265@gmail.com,Mr Vadehra ,,Jalandhar,Food Bazar,3,$14.48,,dispatched,Masala Dosa (Qty: 4); Lemon Soda (Qty: 5); Sweet Lassi (Qty: 2)
hIGHiVKd0nMNwiLMm5Oe,"Jul 4, 2023, 09:18 PM",Asma,asma.zing054@gmail.com,Adarsh Krishna ,,Mumbai,The Chocolate Heaven,5,$18.36,,dispatched,Oreo Cookie Shake (Qty: 1); Pav Bhaji Blooming Bread (Qty: 1); Triple Decker Choco Fudge (Qty: 1); 7 Spice Noodles (Qty: 1); Peri Peri Fries With Cheese (Qty: 1)
2BD3IdPgyy1p4jKkxtpQ,"Jul 3, 2023, 05:55 AM",Bebo Niesa,beboniesa1997@gmail.com,Pankaj,,Nagpur,Starbucks Coffee,4,$14.24,,dispatched,Picco Signature Hot Chocolate (Qty: 1); Strawberry Milkshake (Qty: 1); Chocolate Truffle Pastry (Qty: 1); Chocolate Brownie Cupcake (Qty: 1)
q8xvW39tvmdKEunqmta6,"Jul 2, 2023, 11:25 PM",Joan Chandran,19archana@gmail.com,Shanthi,,Chennai,Buhari Hotel - Chrompet,5,$23.72,,dispatched,Chicken Manchurian Gravy (Qty: 1); Veg Fried Rice (Qty: 2); Schezwan Chicken Noodles (Qty: 2); Chilli Fish (Qty: 1); Mutton Keema Samosa (5 Pcs) (Qty: 2)
EiBwWhAFSnR91gNKTZ57,"Jul 2, 2023, 10:58 PM",John Alphonse,johnalp@outlook.com,Gemma Alphonse,,Chennai,Dindigul Thalappakatti,3,$9.49,,dispatched, Nethili Fish Fry (Qty: 1);  Thalappakatti Special Mutton Biryani [boneless] (Qty: 1);  Wheat Parotta (Qty: 2)
Ewtek0FpQDGoudr6r13y,"Jul 2, 2023, 07:38 PM",Joan Chandran,19archana@gmail.com,Shanthi,,Chennai,Namma Veedu Vasanta Bhavan,2,$13.42,,dispatched,Mini Tiffin (Qty: 4); Rawa Kesari (Qty: 4)
8LHBrZ4LRiE9CUJXx4z1,"Jul 2, 2023, 07:34 PM",John Alphonse,johnalp@outlook.com,Gemma Alphonse,,Chennai,Namma Veedu Vasanta Bhavan,2,$3.06,,dispatched,Poori With Potato Masala [3 Pcs] (Qty: 1); Onion Rava Roast (Qty: 1)
ManQMlgb5F68Q8GfrHrh,"Jul 2, 2023, 06:08 AM",pweincez “godzownchild” AnNZ,rebbekaann@gmail.com,Sakthi,,Chennai,SS Hyderabad Briyani,2,$7.40,,dispatched,Hyderabadi Mutton Dum Biryani (Qty: 1); Gobi 65 (Qty: 1)
MlZ3BW3JhzQLBNZyHrJS,"Jul 2, 2023, 06:00 AM",pweincez “godzownchild” AnNZ,rebbekaann@gmail.com,Sakthi,,Chennai,KFC,1,$6.18,,dispatched,Chicken Zinger Burger & Popcorn Combo (Qty: 1)
xmxvQUZPJ8Scl0j0Gom5,"Jul 1, 2023, 01:18 AM",raghav vadehra,raghavvadehra265@gmail.com,Mr Vadehra ,,Jalandhar,Pizza Hut,2,$6.33,,dispatched,Tandoori Paneer (Qty: 1); Corn & Cheese (Qty: 1)
pD3hlqUtoTe3sFRuhGKR,"Jun 30, 2023, 12:42 PM",raghav vadehra,raghavvadehra265@gmail.com,Mr Vadehra ,,Jalandhar,Himanshu Delhi ke tawa Fry Kulche Chole,1,$8.42,,dispatched,Nutri kulcha (Qty: 11)
lK6tc2G8SiYXeJrmYSyx,"Jun 29, 2023, 08:28 PM",Umang Patel,17patelumang@gmail.com,Dr. Hina,,Ahmedabad,Jalaram Khaman House,5,$26.48,,dispatched,Methi Na Gota  (Qty: 1); Navtad Samosa (12 Pcs) (Qty: 1); Chinese Samosa (12 Pcs) (Qty: 1); Gathiya  (Qty: 2); Papdi  (Qty: 1)
76P245snIbSGChngi4Zx,"Jun 29, 2023, 07:55 PM",AJIT KUMAR,kumarasjit@aim.com,Sunil Kumar Dutta,,Patna,Dawat Restaurant,5,$12.54,,dispatched,Laccha Paratha (Qty: 3); Tawa Roti (Qty: 4); Tandoori Chicken (Qty: 1); Mutton Kadai (Qty: 1); Mutton Do Pyaza (Qty: 1)
LWb7vZRrsFY9fUeeHs4R,"Jun 24, 2023, 11:26 PM",Joan Chandran,19archana@gmail.com,Shanthi,,Chennai,FB Cakes,1,$5.28,,dispatched,Mango 1/2 KG (Qty: 1)
RrUbIHhrT8F7eZqkEgdZ,"Jun 24, 2023, 11:12 PM",Joan Chandran,19archana@gmail.com,Alphonse,,Chennai,Yaa Mohaideen Briyani (Old Shop),3,$10.68,,dispatched,Fish Fingers (6 Pcs) (Qty: 1); Aatukal Paya And Parotta (Qty: 1); Mutton Biriyani Combo (Qty: 1)
h33Wkoylesbvr2sHZKyq,"Jun 24, 2023, 11:04 PM",Joan Chandran,19archana@gmail.com,Shanthi,,Chennai,Yaa Mohaideen Briyani (Old Shop),3,$22.34,,dispatched,Bread Halwa (Qty: 1); Chicken Biriyani Combo (Qty: 1); Mutton Biriyani Combo (Qty: 3)
pDH8Yo1MTHzvPvKubOR1,"Jun 24, 2023, 10:32 PM",pweincez “godzownchild” AnNZ,rebbekaann@gmail.com,Sakthi,,Chennai,KFC,1,$6.18,,dispatched,Chicken Zinger Burger & Popcorn Combo (Qty: 1)
AWTwBCTvCz2xhbamNGLU,"Jun 24, 2023, 10:29 PM",pweincez “godzownchild” AnNZ,rebbekaann@gmail.com,Sakthi,,Chennai,SS Hyderabad Biryani,1,$4.70,,dispatched,Hyderabadi Mutton Dum Biryani (Qty: 1)
0ykbONrcuWdOidkZCFbW,"Jun 24, 2023, 06:55 PM",Joan Chandran,19archana@gmail.com,Shanthi,,Chennai,Hotel Saravana Bhavan,1,$6.36,,dispatched,Mini Tiffin (Qty: 3)
0DKzXo2OoiNnsx3DenzH,"Jun 23, 2023, 10:45 PM",Bebo Niesa,beboniesa1997@gmail.com,Pankaj,,Nagpur,Pizza Hut,3,$16.87,,dispatched,Desi Kulfi (Inclusive of frozen dessert handling charges) (Qty: 3); Hut Treat Meal for 4 - Non Veg (Qty: 1); Create Your Flavour Fun Combo - Box Of 2 - Non Veg Pizza (Qty: 1)
EK0lcu7ksPNNHZetZ8XT,"Jun 23, 2023, 09:58 PM",Merlyn Johnson,merlynjohnson@gmail.com,Rathu,,Thoothukudi,KFC,2,$10.57,,dispatched,Big 8 - Chicken Bucket (Qty: 1); Chicken Zinger Burger - Classic (Qty: 1)
mbizZmpeMDx63O2WysdJ,"Jun 21, 2023, 07:41 AM",Merlyn Johnson,merlynjohnson@gmail.com,Raja,,Kozhikode,Live Kitchen,4,$8.23,,dispatched,Beef Pepper / Roast / Dry Fry / Chilli  ==> (Qty: 1); Kizhi Porotta  ==> (Qty: 1); Ayakura Mulakittathu / Tawa Fry / Molly / Mango Curry  ==> (Qty: 1); Chicken 65 Kizhi Biryani - Chicken 65 - 4 Pcs + 1 - Egg (Qty: 1)
CXp1o9ZuWIxkGwEbXVj6,"Jun 20, 2023, 06:54 PM",Saurabh Das,saurabhdas2008@gmail.com,Shruti Patil,,Pune,Theobroma,1,$3.41,,dispatched,Chocoholic Pastry [1 Piece] (Qty: 2)
FnCyEo4bJxwZpY8RUNVr,"Jun 19, 2023, 09:04 PM",raghav vadehra,raghavvadehra265@gmail.com,Rakesh vadehra,,Jalandhar,Lovely Sweets,3,$4.93,,dispatched,Burfi Khasta Besan 1 Kg Pack (Qty: 1); Ladoo Motichoor 1 Kg Pack (Qty: 1); 10 Pcs Rasgulla Bengali (Qty: 1)
VHL5UNfUxf00xarbzhD3,"Jun 18, 2023, 09:57 PM",Joan Chandran,19archana@gmail.com,Alphonse,,Chennai,Geetham Veg restaurant,2,$8.77,,dispatched,Tamil Nadu Meals (Qty: 1); North Indian Thali (Qty: 1)
QaLjpbmM7KPyL5ijg3ID,"Jun 18, 2023, 01:02 AM",pweincez “godzownchild” AnNZ,rebbekaann@gmail.com,Sakthi,,Chennai,KFC,1,$6.18,,dispatched,Chicken Zinger Burger & Popcorn Combo (Qty: 1)
7V9sKgqdqdFAeerclGVh,"Jun 18, 2023, 01:01 AM",pweincez “godzownchild” AnNZ,rebbekaann@gmail.com,Sakthi,,Chennai,SS Hyderabad Briyani,1,$4.70,,dispatched,Hyderabadi Mutton Dum Biryani (Qty: 1)
MhADooYWYn8Wu4azZReG,"Jun 17, 2023, 09:52 PM",John Alphonse,johnalp@outlook.com,Alphonse S,,Chennai,Cake Waves,1,$5.87,,dispatched,Banana Strawberry                                                                                                                 (Qty: 1)
NqAWpzhjdrwZA4WV5jIh,"Jun 17, 2023, 08:10 PM",raghav vadehra,raghavvadehra265@gmail.com,Rakesh vadehra,,Jalandhar,Hotel Dolphin,9,$27.85,,dispatched,Malai Kofta (Qty: 1); Garlic Naan (Qty: 3); Missi Roti (Qty: 3); Plain Naan (Qty: 3); Tandoori Roti (Qty: 3); Cheese Tomato (Qty: 2); Shahi Paneer (Qty: 1); Jaljeera (Qty: 5); Butter Naan (Qty: 3)
9lVnNMmSMzQNvX6evHu9,"Jun 17, 2023, 12:22 PM",Umang Patel,17patelumang@gmail.com,Dr. Hina,,Ahmedabad,Samosa & Co.(By Tgb),5,$15.28,,dispatched,Mexican Triangle Samosa (Qty: 2); Punjabi Samosa (Qty: 2); Spinach Cheese Samosa (Qty: 2); Mexican Roll (Qty: 2); Veg Cutlet (Qty: 5)
cIe8YaeNmdXR4wfFKjJL,"Jun 16, 2023, 12:17 AM",raghav vadehra,raghavvadehra265@gmail.com,Rakesh vadehra,,Jalandhar,Food Bazar,2,$12.12,,dispatched,Chana Bhatura [2 Pcs] (Qty: 6); SPECIAL GULAB JAMUN (Qty: 8)
IEaKU1JHlwMriupqP3m9,"Jun 11, 2023, 12:02 AM",pweincez “godzownchild” AnNZ,rebbekaann@gmail.com,Sakthi,,Chennai,KFC,2,$11.81,,dispatched,Chicken Zinger Burger - Tandoori (Qty: 1); Chicken Biryani combo - for 2 (Qty: 1)
QaM43XxjuLQVLwwAs1zl,"Jun 10, 2023, 10:53 PM",Jay Vigs,jayvigs17@gmail.com,Ilavarasi ,,Chennai,Samco,8,$25.72,,dispatched,Chicken Dum Biriyani (Qty: 1); Fish Fry (Qty: 1); Mutton Dum Biriyani (Qty: 1); Paratta (Qty: 1); Pepper Bbq Chicken (Qty: 1); Pepper Paya (Qty: 1); Malabar Parotta (Qty: 2); Murg Malai Kabab (Qty: 1)
2zc0h86nOmU05u0yzEUw,"Jun 10, 2023, 10:53 PM",Bhuvan,bhuvanskype525@gmail.com,NEEHA,,Hyderabad,WarmOven Cake & Desserts,2,$5.16,,dispatched,Blueberry Jar Cake (Qty: 1); Red Velvet Heart Cake Bento [India's Best Selling Bento Cake] (Qty: 1)
OuOyYFZFXWObuYrcKJQp,"Jun 10, 2023, 05:04 PM",Umang Patel,17patelumang@gmail.com,Dr. Hina,,Ahmedabad,Samosa & Co.(By Tgb),6,$14.22,,dispatched,Chinese Samosa Mini (Qty: 2); Mexican Triangle Samosa (Qty: 2); Spinach Cheese Samosa (Qty: 2); Dal Kachori (j) (Qty: 2); Corn Cheese Roll (j) (Qty: 2); Sabudana Vada (Qty: 2)
DkuEzMxDbonHKAryeSrP,"Jun 6, 2023, 07:12 AM",Bebo Niesa,beboniesa1997@gmail.com,Pankaj,,Nagpur,Kwality Walls Frozen Dessert and Ice Cream Shop,7,$8.06,,dispatched,Cornetto Chokissimo 110ml (Qty: 1); Cornetto Oreo 110ml (Qty: 1); Chocolate 700ml (Qty: 1); Blushing Strawberry 700ml (Qty: 1); Cornetto Butterscotch 105ml (Qty: 1); Cornetto Double Chocolate 105ml (Qty: 1); Creamy Kulfi 700ml (Qty: 1)
u3osROEgP3vmzsK2TS3P,"Jun 4, 2023, 02:04 AM",Bebo Niesa,beboniesa1997@gmail.com,Pankaj,,Nagpur,McDonald's Gourmet Burger Collection,3,$7.55,,dispatched,Latte (S) (Qty: 1); Chicken McNuggets - 9 Pcs (Qty: 1); McCheese Burger Chicken (Qty: 1)
CzlFAkNnrIAwzMjvlOJb,"Jun 4, 2023, 12:30 AM",Eren Jaeger,erenjaeger2k4@gmail.com,Harjeet ,,Jalandhar,Aggarwal Vaishno Dhaba,2,$4.00,,dispatched,Paneer Bhurji (Qty: 1); Missi Roti (Qty: 2)
Qj5kmUPiPiFiX0sfzpF4,"Jun 2, 2023, 07:39 AM",pweincez “godzownchild” AnNZ,rebbekaann@gmail.com,Sakthi,,Chennai,Grill House,3,$6.36,,dispatched,Curry Leaves Chicken Tikka (Qty: 1); Masala Kulcha (Qty: 1); Chicken Pepper Soup (Qty: 1)
swiiEJnJeXRM26rUBKHe,"May 27, 2023, 09:52 AM",Umang Patel,17patelumang@gmail.com,Dr. Hina,,Ahmedabad,Jalaram Khaman House,6,$14.36,,dispatched,Methi Na Gota  (Qty: 1); Fulwadi  (Qty: 1); Navtad Samosa (12 Pcs) (Qty: 2); Gathiya  (Qty: 1); Jalebi ( 4 Pcs ) (Qty: 1); Jalebi (Qty: 1)
nXWaZeUxNGZSmZ9PbyhJ,"May 26, 2023, 05:40 PM",Dhwani Nijhawan,dhwani.nijhawan@gmail.com,Anita Behl,,Vadodara,Natural Juice,3,$3.38,,dispatched,Poha (Qty: 1); Veg Upma (Qty: 1); 2 Juice Combo: Dhana + Lemon + Kakdi // Apple + Beet + Carrot (Qty: 1)
AcyKDwh3aIwKqxDOsaV8,"May 25, 2023, 10:42 PM",Jayraj Ravichandran,jayraj.ravichandran@freshworks.com,Ilavarasi,,Chennai,Rasavid,6,$26.58,,dispatched,Chilli Chicken (Qty: 1); Gongura Mamsam (mutton) (Qty: 1); Tandoori Chicken (Qty: 1); Fish Sheek Kebab (Qty: 1); Tandoori Jhinga (Qty: 1); Hyderabad Mutton Dum Ka Biryani (Qty: 1)
tne3xBa0KTAvFpUMHwZX,"May 24, 2023, 09:36 PM",Nimesh Shetty,nksjava@yahoo.com,Jayanthi Shetty,,Mumbai,Sweet County Cake Shop,3,$10.31,,dispatched,Classic Mango Pastry  (Qty: 2); Black Forest Pastry  (Qty: 2); Chocolate Delight Pastry  (Qty: 2)
hkAuonIuljbIqrrtWYgV,"May 20, 2023, 09:38 PM",Prishita Ray,prishita.r85@gmail.com,Sutapa Ray,,Bengaluru,Dear Calcutta,1,$1.42,,dispatched,Radhaballavi (3pcs) With Cholar Dal (Qty: 1)
dDT4SQHuqScqFhWNO9lH,"May 14, 2023, 05:04 AM",Priyanka Chauhan,hcl.priyankasingh@gmail.com,Ram Singh Chauhan,,Ahmedabad,EatFit - All Things Healthy,4,$12.03,,dispatched,"Dal Makhani, Butter Paneer, Paratha Thali (Qty: 1); Kadhai Paneer, Bhindi, Paratha Thali (Qty: 1); Mighty Mango (200ml) (Qty: 3); Dal Makhani, Butter Paneer, Paratha Thali [Protein Packed] (Qty: 1)"
fxLzo37JeWcbYCzFl5JQ,"May 14, 2023, 12:28 AM",Ginni D,ginnideals@gmail.com,Vp Babbar,,Faridabad,Vatika,3,$10.59,,pending,Afghani Chicken (Qty: 1); Chicken Curry (Qty: 1); Laccha Paratha (Qty: 1)
0WeO6e1tXZMV6dqQPf0V,"May 13, 2023, 11:26 PM",Karthik Mudaliar,bgum2006@gmail.com,Murthy Joga,,Secunderabad,Tasty Dragon - Chinese Kitchen,3,$8.71,,dispatched,Chilli Chicken (Qty: 1); Chicken Fried Rice (Qty: 1); Chicken Schezwan Fried Momos (6 Pcs) (Qty: 1)
K0vxiVlecSjXUdNEGpaa,"May 13, 2023, 11:12 PM",John Alphonse,johnalp@outlook.com,Gemma Alphonse,,Chennai,Cake Waves,1,$11.78,,dispatched,Berry Blast (Qty: 1)
F1RyCNfn82XFP14QMlHV,"May 13, 2023, 11:10 PM",Rajeev Singh,rajeevsingh0401@gmail.com,Pratima Mitra,,Kolkata,Banana Leaf @ Komala Vilas,4,$14.16,,dispatched,Mini Idli (Qty: 2); Sambar Vada (Qty: 3); Masala Rava Dosa (Qty: 1); Mysore Butter Masala Dosa (Qty: 1)
iuWpqiEgyCdEZIcKnABw,"May 13, 2023, 11:01 PM",Rajeev Singh,rajeevsingh0401@gmail.com,Sunita Singh,,Lucknow,Rollarappaa,3,$7.98,,dispatched,Chicken Big Daddy Roll (Qty: 1); Double Egg Double Chicken Roll (Qty: 1); Peri Peri Chicken Nuggets (Qty: 1)
AaA8WAMnqPIaazee5uJh,"May 13, 2023, 10:17 PM",Rakesh vadehra,chandnirattan@gmail.com,Rakesh vadehra,,Jalandhar,AAR KAY Vaishno Dhaba (Nakodar Road),7,$12.28,,dispatched,Dal Makhani (Qty: 1); Missi Roti (Qty: 2); Onion Kulcha (Qty: 2); Cheese Tomato (Qty: 1); Dry Manchurian (Qty: 1); Veg Noodles (Qty: 1); Tandoori Roti (Qty: 4)
XN3KHpO4EoWJFwD5SYM7,"May 13, 2023, 09:27 PM",Swamy Bale,swamybale@gmail.com,Bharathi,,Bengaluru,Asha Sweet Center,1,$3.37,,dispatched,Jhangir (Qty: 2)
GIWoeIrimsX040AXJmt3,"May 13, 2023, 08:44 PM",Priyanka Chauhan,hcl.priyankasingh@gmail.com,Dinesh Bhatia,,Gurugram,Zambar,3,$8.47,,dispatched,Paneer Masala Dosa (Qty: 1); Mix Veg Uttapam (Qty: 1); Idli (2) Vada (2) Combo (Qty: 1)
tKl1juwpiHJFOPdyQedI,"May 13, 2023, 08:31 PM",Karthik Mudaliar,bgum2006@gmail.com,Pallavi Rajarao,,Bengaluru,Sinful Desserts,7,$13.54,,dispatched,Apple Pie (Qty: 1); Red Velvet Cupcake (Qty: 2); Chocolate Cake (Qty: 2); Strawberry Cupcake (Qty: 2); Chocolate Mousse Jar (Qty: 1); Gulab Jamoon Creme Brulee Jar (Qty: 1); Cookies And Cream Cupcake (Qty: 2)
2IKiSVuIeIlOpiFuq52K,"May 13, 2023, 08:21 PM",Karthik Mudaliar,bgum2006@gmail.com,Murthy Joga,,Secunderabad,Meena Bakery,9,$7.14,,dispatched,Osmania Biscuit (Qty: 1); Kaju Biscuit (Qty: 1); Pineapple Pastry (Qty: 2); Butterscotch Pastry (Qty: 1); Black Forest Pastry (Qty: 1); Veg Puff (Qty: 2); Cream Bun (Qty: 1); Cream Roll (Qty: 1); Chicken Puff   (Qty: 2)
XWN3Hs4F17bxSQazg9ke,"May 13, 2023, 07:03 PM",Sai Sri,saipriya03@yahoo.co.in,Padmaja,,Tiruppur,Annapoorna,1,$3.53,,dispatched,Mini Breakfast (Qty: 2)
5lvMyEhVwtBtdr9YdQzt,"May 13, 2023, 05:52 PM",Jayraj Ravichandran,jayraj.ravichandran@freshworks.com,ilavarasi,,Chennai,Savya Rasa,17,$120.49,,dispatched,Chinna Vengaya Kozhi (Qty: 1); Pacha Masasla Meen Fry (Qty: 1); Kongu Mutton Biriyani (Qty: 1); Thalassery Chemmeen Biriyani (Qty: 1); Nei Choru (Qty: 1); Bun Parotta (Qty: 4); Neer Dosa (Qty: 4); Milagu Kozhi Chettinadu (Qty: 1); Meen Manga Curry (Qty: 1); Kannur Meen Moilee (Qty: 1); Erachi Ishtew (Qty: 1); Gongura Mamsam (Qty: 1); Yeral Varuval (Qty: 1); Nandu Getti Puttu (Qty: 1); Sainu Thatha's Kozhi Kebab (Qty: 1); Red Tawa Fry (Qty: 1); Karuveppilai Kurumilagu Meen Varuval (Qty: 1)
EVs6nxZIIpFHu81lTAiO,"May 12, 2023, 06:37 AM",Sushma Khandelwal,sushma.atul@gmail.com,Aaahi Harshil ,,Bhopal,Domino's Pizza,3,$17.47,,dispatched,Garlic Breadsticks (Qty: 2); Classic Stuffed Garlic Bread (Qty: 1); Meal for 4: Feast Veg Extravanga & Indo Tandoori Paneer (Qty: 1)
zl66Jix5EVppvxoOWCTY,"May 12, 2023, 02:52 AM",Bebo,niesarahim1989@icloud.com,Pankaj,,Nagpur,Donuts N Desserts,7,$14.91,,dispatched,Chocolate Cream Donut (Qty: 1); Cinnamon Sugar Donut (Qty: 2); Nutella Filled Donut (Qty: 2); Rainbow Sprinklers Donut (Qty: 2); Lotus Biscoff Cupcake (Qty: 2); Cold Coffee (Qty: 2); Paneer Puff (Qty: 4)
9ZA407FCa2I8XSJuBSbO,"May 10, 2023, 12:45 AM",Bebo,niesarahim1989@icloud.com,Pankaj,,Nagpur,KFC,5,$13.28,,dispatched,Mixed Chicken Zinger Burger Doubles (Qty: 1); Large French Fries (Qty: 1); Pepsi Can 300 ml (Qty: 1); Classic Chicken Biryani Bucket-Large (Qty: 1); Chocolate Lava Cake (Qty: 1)
ojRXEmEK5BBkowegPJbD,"May 8, 2023, 11:32 PM",Sushma Khandelwal,sushma.atul@gmail.com,Aaahi Harshil ,,Bhopal,Sharma & Vishnu Fast Food - Hamidia Road,6,$16.01,,dispatched,Veg Noodles (Qty: 1); Veg Schezwan Noodles (Qty: 1); Veg Schezwan Fry Rice (Qty: 2); Momos Fry (Qty: 2); Veg Manchurian (gravy) (Qty: 2); Veg Manchurin Fry Rice (Qty: 1)
LlGTtkL1INhyyZ3VWMdx,"May 8, 2023, 09:52 PM",Shivakumar Srikantaiah,shiva207@yahoo.com,Srividya. S ,,Bengaluru,Priyadarshini Grand,5,$9.29,,dispatched,Vada (Qty: 3); Ghee Masala Dosa (Qty: 3); Kesari Bath (Qty: 3); Khara Bath (Qty: 3); Idly (2 Pcs) (Qty: 3)
Cd5GXs3pFV5f6u5yo0lK,"May 7, 2023, 09:23 PM",Sushma Khandelwal,sushma.atul@gmail.com,Aaahi Harshil ,,Bhopal,Manohar Dairy and Restaurant,2,$15.47,,dispatched,Red Velvet Pastry (Qty: 3); Mixfruit Cake (Qty: 2)
7CpCViNIGqOHB7w4ViPB,"May 7, 2023, 09:21 PM",Sushma Khandelwal,sushma.atul@gmail.com,Aaahi Harshil ,,Bhopal,Manohar Dairy and Restaurant,3,$7.30,,dispatched,Samosa (Per Pc) (Qty: 5); Kachori (Per Pc) (Qty: 5); Gulab Jamun (Per Pc) (Qty: 10)
xsp8ZHld0VLDzUxDo7AX,"May 7, 2023, 08:48 AM",Sushma Khandelwal,sushma.atul@gmail.com,Aaahi Harshil ,,Bhopal,Pizza Hut,3,$11.26,,dispatched,Veggie Feast (Qty: 1); Tandoori Paneer (Qty: 1); Veggie Supreme (Qty: 1)
zSpYp2t2sMlFZsTWuK03,"May 6, 2023, 10:50 AM",Umang Patel,17patelumang@gmail.com,Dr. Hina,,Ahmedabad,Jalaram Khaman House,4,$13.65,,dispatched,Methi Na Gota  (Qty: 1); Navtad Samosa (12 Pcs) (Qty: 3); Chinese Samosa (12 Pcs) (Qty: 2); Gathiya  (Qty: 1)
xpUi1wRB6B1vSLeakKiJ,"May 5, 2023, 07:52 PM",Joan Chandran,19archana@gmail.com,Shanthi,,Chennai,FB Cakes,2,$12.30,,dispatched,Mango  1/2 KG (Qty: 1); Ferro Scotch 1/2 Kg (Qty: 1)
hFzpJaQytCKN5V3uYLKW,"May 5, 2023, 07:14 PM",Joan Chandran,19archana@gmail.com,Shanthi,,Chennai,A2B - Adyar Ananda Bhavan,1,$6.18,,dispatched,Mini Tiffen (Qty: 3)
iuM1jGCakIlBJqBEDH0r,"May 5, 2023, 01:13 AM",Raghav Vadehra,raghavvaddhra265@gmail.com,Rakesh vadehra,,Jalandhar,New Parkash Ice Cream,1,$10.03,,dispatched,Parkash Special Party Pack [4 litre] (Qty: 1)
9duGPOHfCPcXXbSXV0Pi,"May 5, 2023, 12:55 AM",Raghav Vadehra,raghavvaddhra265@gmail.com,Rakesh vadehra,,Jalandhar,Food Bazar,1,$8.83,,dispatched,Chana Bhatura [2 Pcs] (Qty: 6)
GKmkrJv9SIvBiMn6lw0R,"May 4, 2023, 09:33 PM",Amu,ammusubri@yahoo.com,Malathi Siddappa,,Bengaluru,Glen's Bakehouse,4,$25.84,,dispatched,Barbeque Chicken Frontier Pizza [11 Inch] (Qty: 1); Paneer Goes Mexican Pizza (Qty: 1); Garlic Bread With Cheese (Qty: 2); Mango Cheesecake (Qty: 2)
UzcV9PuNedIO41pYaAWJ,"May 4, 2023, 09:24 PM",Nivy M,niveditameethan@gmail.com,Navya Vipin,,Navsari,Mba Chai Wala,4,$6.30,,dispatched,Mango Milkshake Shake (Qty: 1); Pineapple Milkshake (Qty: 1); Chees  Paneer Momos (Qty: 1); Classic Veg Momos (Qty: 1)
5byB3wKjKrlqqYzwjowM,"May 4, 2023, 09:22 PM",Nivy M,niveditameethan@gmail.com,Navya Vipin,,Navsari,Bites by Usmani Restaurant,2,$5.92,,dispatched,Small Combo (Qty: 1); 2 Aloo Paratha (Qty: 1)
0c5Fmh9nAebrUBL4vYZm,"May 4, 2023, 09:16 PM",Nivy M,niveditameethan@gmail.com,Vijayalakshmi CS,,Aluva,Punjab Grill,6,$24.83,,dispatched,Salted Lassi (Qty: 1); Garlic Naan (Qty: 1); Chicken Changezi (Qty: 1); Rasmalai (Qty: 1); Non Vegetarian Kebab Platter (Qty: 1); Dum Gosht Biryani Served With Raita & Salad (Qty: 1)
n3EpinN8Xym5cOhmdf3x,"Apr 30, 2023, 08:44 PM",Nivy M,niveditameethan@gmail.com,Meena Achuthan,,Chennai,Coconut Pudding Jelly,1,$1.47,,dispatched,Coconut pudding (Qty: 1)
lz2IfnxU9mqbkHRZ61pO,"Apr 30, 2023, 08:36 PM",Arvind Naidu,arvind.raj.naidu@gmail.com,Meena Achutan,,Chennai,Sangeetha Veg Restaurant,8,$14.89,,dispatched,Tamilnadu Meals (Qty: 1); Hot & Sour Soup (Qty: 1); Garlic Naan (Qty: 1); Pudhina Paratha (Qty: 1); Sambar Vadai (1 PC) (Qty: 1); Honey Chilli Gobi  (Qty: 1); Ex. Avial (1bowl) (Qty: 1); Ex Kuruma (1bowl) (Qty: 1)
PdEGMhJzY4S7MjJpzhoU,"Apr 29, 2023, 08:44 PM",Jayraj,jayvigs17@gmail.com,Ilavarasi,,Chennai,Thanjai Veeraswamy ,8,$15.12,,dispatched,Egg Biryani (Qty: 1); Omelette (Qty: 1); Egg Podimas (Qty: 1); Nool Paratha With Veg Kurma (Qty: 1); Nool Parotta With Nattu Kozhi Kozhambu (2 Nos ) (Qty: 1); Nandu Masala (Qty: 1); Rasam Rice With Prawn Thokku (combo 5) (Qty: 1); Nandu Omelette (Qty: 1)
eXkGFS4OeLAszN3KZISY,"Apr 29, 2023, 07:04 PM",Amu,ammusubri@yahoo.com,Malathi Siddappa,,Bengaluru,Pot Biryani,2,$17.66,,dispatched,Mutton Biryani (Qty: 3); Chicken Lollipop (spc) (Qty: 3)
gOtt9fd1bueM0iafBcpo,"Apr 27, 2023, 04:36 PM",Prathi Sri,prathimam@outlook.com,Nirmala Srinivas,,Mysuru,Bombay Tiffanys Kuvempu (Original),8,$35.90,,dispatched,Til Muruku  (Qty: 2); Milk Cake / Doodh Halwa(250g) (Qty: 2); Kaju Burfi or Katli (250 gms) (Qty: 2); Chow Chow Best Seller  (Qty: 2); Masala Cashew Nuts (100 Gms) (Qty: 2); Kesar Badam Milk (Best Seller) (250 ml ) (Qty: 2); Tiffanys Sweets Platter-1 (a Must Have) (Qty: 2); Snacks To Munch (Qty: 1)
bVd583YCEPHgh1bHVK8W,"Apr 25, 2023, 08:36 PM",Jayraj,jayvigs17@gmail.com,Ilavarasi,,Chennai,Thanjai Veeraswamy ,5,$16.07,,dispatched,Mutton Biryani (Qty: 2); Egg Biryani (Qty: 1); Double Omelette (Qty: 1); Egg Podimas (Qty: 1); Veeraswamy Chicken Roast (Qty: 1)
WvJ3WKrELXQRgVefyrsG,"Apr 23, 2023, 10:14 PM",John Alphonse,johnalp@outlook.com,Shanthi Chandran,,Chennai,Cake Waves,1,$4.71,,dispatched,Black Forest Pastry (5 Pcs) (Qty: 1)
pqId2EtOiopldcPzffzL,"Apr 23, 2023, 09:59 PM",John Alphonse,johnalp@outlook.com,Alphonse S,,Chennai,Cake Waves,1,$8.71,,dispatched,Mango Cake (Qty: 1)
Sc4yQNSrWH0vVPa7h055,"Apr 22, 2023, 11:51 PM",Jayraj,jayvigs17@gmail.com,ilavarasi ,,Chennai,Munveedu,14,$37.12,,dispatched,Egg Podimas (Qty: 1); Ilaneer Payasam (Qty: 2); Kalan Melagu (Qty: 1); Vanjaram Meen Kuzhambu (Qty: 1); Paneer Tikka (Qty: 1); Chicken 65 (Qty: 1); Nattu Kozhi Idichathu (Qty: 1); Nandu Poriyal (Qty: 1); Chinna Vengaya Poondu Kuzhambu (Qty: 1); Urulai Varuval (Qty: 1); Egg Omelet (Qty: 2); Daal Fry (Qty: 1); Nattu Kozhi Kuzhambu (Qty: 1); White Rice (Qty: 2)
xdjuWCQqzKGds9Jv4GL8,"Apr 22, 2023, 01:39 PM",Raghav Vadehra,raghavvaddhra265@gmail.com,Rakesh vadehra,,Jalandhar,Sunny Food Corner,3,$13.77,,dispatched,Aloo Special Kulcha (1 Pc) (Qty: 10); Lassi (Qty: 5); Aloo patty (Qty: 4)
3drxMaPmS1BjcC5lAsCp,"Apr 21, 2023, 04:41 AM",Raghav Vadehra,raghavvaddhra265@gmail.com,Rakesh vadehra ,,Jalandhar,Anil Fast Food And Ice-Cream,4,$12.54,,dispatched,Veg burger(Aloo tikki) (Qty: 4); Hakka Noodless (Qty: 1); Veg cheese grilled sandwichh (Qty: 2); Strawberry Shake (Qty: 2)
pGD0Z2SjnKpEbiniKLx6,"Apr 17, 2023, 09:21 PM",Saurabh Das,saurabhdas2008@gmail.com,Shruti Patil,,Pune,Theobroma,1,$1.71,,dispatched,Chocoholic Pastry [1 Piece] (Qty: 1)
EX9JziyKUfOvGN04svUS,"Apr 16, 2023, 06:07 PM",Umang Patel,17patelumang@gmail.com,Dr. Hina,,Ahmedabad,Jalaram Khaman,5,$18.61,,dispatched,Navtad Samosa (6 Pcs) (Qty: 4); Nylon Fafda (250 Gms) (Qty: 2); Vanela Gathiya (250 Gms) (Qty: 3); Jalebi (250 Gms) (Qty: 2); Methi Gota (250 Gms) (Qty: 2)
nSExRBxHBVBQFb5OkUbz,"Apr 10, 2023, 06:49 PM",Sai Sri,saipriya03.sri@gmail.com,Padmaja ,,Tiruppur,Annapoorna,2,$2.66,,dispatched,Idli [3 Pieces] (Qty: 1); Mini Breakfast (Qty: 1)
PU9fqbpN7YurdfuJMYtt,"Apr 10, 2023, 06:48 AM",John Alphonse,johnalp@outlook.com,Sebastian Prem,,Thiruvananthapuram,Hive Honey Cake,1,$7.64,,dispatched,Hive Honey Cake [500 Gm] (Qty: 1)
q1WwnxUZgeGRC0hpIUDH,"Apr 10, 2023, 12:57 AM",Ratna Kalluri,ratna_kalluri@yahoo.com,Bulusu,,Hyderabad,Taj Mahal Hotel,2,$5.47,,dispatched,Taj Special Thali (Qty: 1); Mango Milkshake (Qty: 1)
DPrPKZG0YXudjW1fUvEU,"Apr 5, 2023, 08:46 PM",Amu,ammusubri@yahoo.com,Malathi Siddappa,,Bengaluru,House of Andhra,2,$7.96,,dispatched,Tamarind Brinjal Curry (Qty: 3); Chef's Special Xtra Spicy Chicken Telangana [Dry] (Qty: 1)
iutJaBcgCUAwt4gG1iLs,"Apr 4, 2023, 08:26 PM",Amu,ammusubri@yahoo.com,Malathi Siddappa,,Bengaluru,Glen's Bakehouse,4,$18.04,,dispatched,Butter Croissant (Qty: 3); Peri Peri Chicken Pizza (Qty: 1); Barbeque Chicken Frontier Pizza [11 Inch] (Qty: 1); Assorted Filled Vanilla Mini Cupcake (pack Of 6) (Qty: 1)
qLoq63GgaMrC8zZFqWGj,"Apr 3, 2023, 09:01 PM",Jayraj ravi,jayraj.ravichandran@freshworkw.com,Ilavarasi,,Chennai,SREE AKSHAYAM,3,$12.77,,dispatched,South Indian Meals (Qty: 3); Malai Chap (Qty: 1); Tandoori Periperi Mushroom Tikka (Qty: 1)
MHmNhIpgea2UlAOdqJcs,"Apr 3, 2023, 06:51 AM",Nallur,sunitha.nallur@gmail.com,Ashalatha,,Hyderabad,Kwality Walls Frozen Dessert and Ice Cream Shop,3,$6.47,,dispatched,Alphonso Mango (Qty: 1); Creamy Kulfi (Qty: 1); Kesar Pista (Qty: 1)
h1yEF4gL4GAUNLz3YVcc,"Apr 2, 2023, 08:35 PM",Amu,ammusubri@yahoo.com,Malathi Siddappa,,Bengaluru,House of Andhra,2,$15.47,,dispatched,Pepper Chicken Boneless (Qty: 3); Palak Pappu (Qty: 3)
qVMGK1FVTHUBZi8kbiC2,"Apr 2, 2023, 06:33 PM",Siddharth Pandey,sidarien3@yahoo.com,P N Pandey,,Varanasi,Barbeque Nation,1,$17.37,,dispatched,Premium Veg Thali (Qty: 4)
MdorYzILLVFP2nl6fo2F,"Apr 2, 2023, 06:09 PM",Siddharth Pandey,sidarien3@yahoo.com,M K Bhowmick,,Ahmedabad,Barbeque Nation,1,$12.70,,dispatched,Biryanis and Kebabs Box (Chicken) Premium (Qty: 1)
zdGNVWwdK9ljT1yvd76v,"Apr 1, 2023, 09:07 PM",Amu,ammusubri@yahoo.com,Malathi Siddappa,,Bengaluru,The Filter Coffee,6,$9.56,,dispatched,Green Moong Dal Dosai (Qty: 1); Medu Vada | Single Piece (Qty: 2); Steaming Idlis | Two Pieces (Qty: 1); Sukumalli Coffee Coffee (small - Serves 2) (Qty: 1); Upma & Kesari Platter (Qty: 1); Rava Dosai (Qty: 1)
E2JlH96XeuewAR7VT78p,"Mar 31, 2023, 08:55 PM",Amu,ammusubri@yahoo.com,Malathi Siddappa,,Bengaluru,Anjappar,4,$19.04,,dispatched,Prawn 65 (Qty: 1); Single Carrier Veg Meals (Qty: 1); Chettinad Fish Curry Meals [serves 2 - 3] (Qty: 1); Hariyali Kebab (Qty: 1)
7wwGJP4QJ5hMrPfi6pTC,"Mar 29, 2023, 10:03 PM",Amu,ammusubri@yahoo.com,Malathi Siddappa,,Bengaluru,Udupi Gardenia (jayanthinagar),2,$10.59,,dispatched,Mango Milk Shake (Qty: 4); South Meals + Rimzim (Qty: 4)
hrTIA5qz5jFLUrJI4S9C,"Mar 28, 2023, 07:59 PM",Jayraj ravi,jayraj.ravichandran@freshworkw.com,Ilavarasi ,,Chennai,Sangeetha Veg Restaurant,1,$10.89,,dispatched,Mini Tiffin (Qty: 5)
44UTwPToG05tKdkZyMaz,"Mar 24, 2023, 11:18 PM",Arvind Naidu,arvind.raj.naidu@gmail.com,Ashalatha,,Chennai,Sangeetha Veg Restaurant,1,$1.77,,dispatched,Curd Vadai (1 PC) (Qty: 2)
4ttZ00hllsyJJzNW7eZ2,"Mar 9, 2023, 09:25 PM",Manasa Mahesh,manasa.m.sjce@gmail.com,Mahesh N N,,Mysuru,Dosa Point,3,$1.77,,dispatched,Masala thatte idli - evening (Qty: 1); Butter masala dosa (Qty: 1); Bisi Bele Bath (Qty: 1)
qMJLBOWo3EVWaB1X4nS4,"Mar 8, 2023, 10:20 PM",Rakesh vadehra,chandnirattan@gmail.com,Rakesh vadehra,,Jalandhar,AAR KAY Vaishno Dhaba (Nakodar Road),7,$17.34,,dispatched,Dal Makhani (Qty: 1); Palak Kofta (Qty: 1); Missi Roti (Qty: 2); Mixed Paratha (Qty: 2); Mix Vegetable (Qty: 1); Dry Manchurian (Qty: 1); Tandoori Roti (Qty: 4)
g3iDHC10cBZfubSNg6hH,"Mar 4, 2023, 08:08 PM",Satyabrata Majumder,majumder.satyabrata@gmail.com,Prabir Mukherjee,,Kolkata,Banchharam's,1,$2.24,,dispatched,Radha Ballabhi with Aloo Dum (Qty: 4)
ZkK3sULVEOseQTktAAF8,"Mar 4, 2023, 08:06 PM",Satyabrata Majumder,majumder.satyabrata@gmail.com,Prabir Mukherjee,,Kolkata,Apanjan - Naktala,2,$7.18,,dispatched,Veg Chop (2 Pc) (Qty: 2); Fish Kabiraji (1 pc) (Qty: 3)
ERro5ZMyIQifJCD3N40a,"Feb 24, 2023, 09:13 PM",MEETA SRIVASTAVA,meetasidd@gmail.com,Mrs. Srivastava,,Mumbai,Theobroma,2,$7.77,,dispatched,Eggless Mava Cake [225g] (Qty: 1); Assorted Box of Eggless Cupcakes [4 Pcs] (Qty: 1)
Dv5ZKuYFayXYWPv2TVWM,"Feb 24, 2023, 08:06 PM",Manasa Mahesh,manasa.m.sjce@gmail.com,Mahesh N N,,Mysuru,Dosa Point,2,$1.35,,dispatched,Idli (2) (Qty: 2); Butter masala dosa (Qty: 1)
skUYfkAx0a4lkDYEKulr,"Feb 20, 2023, 08:38 PM",raghav vadehra,raghavvadehra265@gmail.com,Vadehra SAAB,,Jalandhar,Food Bazar,7,$20.36,,dispatched,Dal Makhani (Qty: 1); Mix Vegetable (Qty: 1); Aloo Gobi (Qty: 1); Paneer Makhani (Qty: 1); Green Salad (Qty: 1); Butter Naan (Qty: 7); Garlic Naan (Qty: 2)
WBxFDlCTlVWb5H9H5Lbz,"Feb 14, 2023, 02:03 AM",Tajinder Kaur,kaur_taji@yahoo.com,Jyot Bhaji ,,Amritsar,Pizza Hut,4,$35.13,,dispatched,Kebab e Crust Sausage Meal for 2 (Qty: 1); Kebab e Crust Tikka Meal for 2 (Qty: 1); Chicken Tikka Supreme (Qty: 1); Chicken Supreme (Qty: 1)
6FOL3GmSihFSvKoMGPIq,"Feb 12, 2023, 06:41 PM",Umang Patel,17patelumang@gmail.com,CHARUSHEELA Patil,,Navi Mumbai,Parvati hotel,2,$2.18,,dispatched,Tomato Utappam (Qty: 1); Butter Mysoor Masala Dosa (Qty: 1)
YuiiaExtjY7qmkirnUe4,"Feb 12, 2023, 06:39 PM",Umang Patel,17patelumang@gmail.com,Dr. Hina,,Ahmedabad,Saurashtra Farsan House  (Barwalawala),3,$9.65,,dispatched,Jalebi (Qty: 1); Navtad Samosa (12 Pc) (Qty: 1); Vanela Gathiya (Qty: 1)
cPhDrMMjgsSy26icoruM,"Feb 9, 2023, 11:29 PM",Rakesh vadehra,chandnirattan@gmail.com,Rakesh vadehra ,,Jalandhar,AAR KAY Vaishno Dhaba (Nakodar Road),8,$13.88,,dispatched,Dal Makhani (Qty: 1); Matar Malai Methi (Qty: 1); Missi Roti (Qty: 2); Mixed Paratha (Qty: 1); Cheese Tomato (Qty: 1); Veg Noodles (Qty: 1); Tandoori Roti (Qty: 4); Gajrella (Qty: 1)
qDIIkreibjZM4r8bTPqS,"Feb 4, 2023, 01:53 AM",Anam jindran,anamjindran@gmail.com,Rizwan khokar,,Mumbai,The Fatty Bao,3,$14.59,,dispatched,Fatty Hill (Qty: 1); Fried Chicken Bao (Qty: 1); Firecracker Cottage Cheese Bao (Qty: 1)
pLFHqSPftw2MGpwA4d0E,"Jan 25, 2023, 09:03 PM",Rakesh vadehra,chandnirattan@gmail.com,Rakesh vadehra,,Jalandhar,Lovely Bake Studio,6,$16.70,,dispatched,G Atta Biscuits (350 Gms) (Qty: 2); Jeera Salted Biscuit  (800Gm) (Qty: 1); Naan Khatai  (800Gm) (Qty: 1); Coconut Biscuit    (800Gm) (Qty: 1); Mungra Bhalla ( 400 Gms ) (Qty: 1); A Mix Dry Fruit Cake 500 Gms (Qty: 1)
AOz844IVhKJlczQCIBuB,"Jan 24, 2023, 02:33 AM",RAnn Francia,rann.francia@gmail.com,Dimpi Sidhu,,Bathinda,KFC,1,$7.29,,dispatched,Hot & Crispy Chicken -6 pc (Qty: 1)
BdHbKPiwEMddSMuSPMSZ,"Jan 24, 2023, 02:05 AM",RAnn Francia,rann.francia@gmail.com,Dimpi Sidhu,,Bathinda,Yo! Pizza,2,$11.75,,dispatched,Tandori Paneer Pizza ( Medium) (Qty: 1); Veg Blast Pizza ( Large) (Qty: 1)
S1YOPVzhO0lcwHsmWXAi,"Jan 20, 2023, 05:59 PM",Dhwani Nijhawan,dhwani.nijhawan@gmail.com,Sheetal Nijhawan ,,Vadodara,Natural Juice,5,$8.39,,dispatched,Sprouts Chat (protein Chat) (Qty: 1); Poha (Qty: 1); Veg. Oats Upma (Qty: 1); Apple +  Beet + Carrot [abc] Juice (Qty: 3); Corn Chaat (Qty: 1)
PGD7rkodg7z6ftfYfO3L,"Jan 19, 2023, 06:31 PM",Dhwani Nijhawan,dhwani.nijhawan@gmail.com,Sheetal Nijhawan ,,Vadodara,Jagdish Farsan And Sweets,6,$3.88,,dispatched,Khaman [ 250 Grams ] (Qty: 1); Khasta Kachori [ 3 Pieces ] (Qty: 1); Chinese Samosa [ 250 Grams ] (Qty: 1); Jalebi [ 250 Grams ] (Qty: 1); Lilva Kachori [ 250 Grams ] (Qty: 1); Samosa [ 3 Pieces ] (Qty: 1)
Kuk3LgUtZoMvsGnAxb4y,"Jan 18, 2023, 10:48 PM",Umang Patel,17patelumang@gmail.com,Dr. Hina Patel,,Ahmedabad,The Brooklyn Creamery - Healthy Ice Cream,4,$14.45,,dispatched,Chocolate Therapy Vegan Ice Cream - 450 ml (Qty: 1); Chocolate Hazelnut Ice Cream - Cheer Me Up - 450 ml (Qty: 1); Brooklyn Bridge Butterscotch Ice Cream - 450 ML (Qty: 1); Mango Sticky Rice Vegan Ice Cream 450ml (Qty: 1)
wzS9V3D0MmimaNgH31bx,"Jan 15, 2023, 09:59 PM",Umang Patel,17patelumang@gmail.com,Dr. Hina,,Ahmedabad,Maharaj Samosa Center,1,$5.65,,dispatched,Navtad Mix Samosa (6 Pcs) (Qty: 4)
ycF2YROljuEOWnNcqnhK,"Jan 9, 2023, 05:41 PM",Suganya Anand,suganya.anand@gmail.com,Augustine ,,Bengaluru,A2B - Adyar Ananda Bhavan,20,$38.53,,dispatched,Hand Murukku [250 Gm] (Qty: 1); Curd Vadai [1 Pc] (Qty: 1); Pista Milk Shake (Qty: 1); Kadai Panneer (Qty: 1); Malai Koftha (Qty: 1); Schezwan Noodles (Qty: 1); Plain Kulcha (Qty: 1); Baby Corn Pepper Fry (Qty: 1); Garlic Naan (Qty: 1); Seedai [250 Gm] (Qty: 1); Andhra Avakka Pickle [400 Gm] (Qty: 1); Karuveppilai Thokku [400gms] (Qty: 1); Spl Masala Cashewnut [250gms] (Qty: 1); Thattai [250 Gm] (Qty: 1); Mini Pepper Thattai 250 Gms (Qty: 1); Karuvepillai Podi [200 Gm] (Qty: 1); A2b Spl Baby Corn 65 (Qty: 1); Navathanyam 200 Grams (Qty: 1); Dhall Poli (Qty: 1); Coconut Poli (Qty: 1)
Kb67ltFLJOm4203B5AsZ,"Jan 7, 2023, 10:21 PM",Raghav vadehra,raghavvadehra265@gmail.com,Rakesh vadehra,,Jalandhar,Chhabra Sweets & Delights,2,$7.53,,dispatched,Puri channa per plate (Qty: 6); Aloo tikki burger (Qty: 4)
EBpyxVKS7qW1HkGKklRM,"Jan 6, 2023, 11:08 PM",Raghav vadehra,raghavvadehra265@gmail.com,Rakesh vadehra,,Jalandhar,AAR KAY Vaishno Dhaba (Nakodar Road),3,$12.04,,dispatched,Gajrella (Qty: 3); Gulab Jamun [2 Pieces] (Qty: 2); Dry Fruit Special Ice Cream [150 Ml Approx.] (Qty: 2)
4IsGvWf0d7aKDSFjrGti,"Jan 6, 2023, 07:18 PM",Umang Patel,17patelumang@gmail.com,CHARUSHEELA Patil,,Navi Mumbai,Gupta snacks Corner,5,$9.93,,dispatched,Veg Panini (Qty: 1); Paneer Tikka Panini (Qty: 1); Veg Cheese Grill Sandwich (Qty: 1); Peri Peri Fries (Qty: 1); Kulfi Falooda (Qty: 1)
CMGouAZ6awhLSQHhfsQg,"Jan 6, 2023, 01:21 AM",Umang Patel,17patelumang@gmail.com,Dr. Hina,,Ahmedabad,Jalaram Khaman House,3,$13.54,,dispatched,Methi Na Gota  (Qty: 1); Navtad Samosa (12 Pcs) (Qty: 1); Gathiya  (Qty: 1)
caD6F47L7kJlfpGfHvhH,"Jan 5, 2023, 07:41 PM",Umang Patel,17patelumang@gmail.com,CHARUSHEELA Patil,,Navi Mumbai,Gokool Veg Restaurant,5,$10.23,,dispatched,Cheese Pav Bhaji (Qty: 2); Kothimbir Wadi (Qty: 1); Batata Vada (2 Pcs) (Qty: 1); Disco Vada (2 Pcs) (Qty: 1); Thalipeeth (Qty: 1)
oaOZRrZSGZvy6ODS168B,"Jan 4, 2023, 06:58 PM",Mukesk Raman,mukeshraghu@gmail.com,Lalitha,,Chennai,Hotel Saravana Bhavan,2,$2.50,,dispatched,Mini Tiffin (Qty: 1); Hot Idly (2) (Qty: 1)
XUytdVoiQryMlTNY4hae,"Jan 3, 2023, 07:43 PM",Raghav vadehra,raghavvadehra265@gmail.com,Rakesh vadehra,,Jalandhar,Sunny Food Corner,3,$6.83,,dispatched,Aloo Kulcha (1 Pc) (Qty: 6); Gobi Special Kulcha (1 Pc) (Qty: 2); Onion Special (1 Pc) (Qty: 2)
1WoQAOnrxQJWRHiQNxl8,"Jan 1, 2023, 09:38 PM",Raghav vadehra,raghavvadehra265@gmail.com,Rakesh Vadehra,,Jalandhar,Food Bazar,10,$21.48,,dispatched,Dal Makhani (Qty: 1); Mix Vegetable (Qty: 1); Paneer Makhani (Qty: 1); Green Salad (Qty: 1); Butter Naan (Qty: 2); Tandoori Roti (Qty: 2); Garlic Naan (Qty: 2); Malai Kofta (Qty: 1); Jeera Rice (Qty: 1); Missi Roti (Qty: 2)
3aCvJUzsHiRu5Xmf5jfj,"Jan 1, 2023, 05:49 AM",Rakesh vadehra,chandnirattan@gmail.com,Rakesh vadehra,,Jalandhar,AAR KAY Vaishno Dhaba (Nakodar Road),7,$11.10,,dispatched,Dal Makhani (Qty: 1); Malai Kofta (Qty: 1); Sirka Onion (Qty: 1); Missi Roti (Qty: 3); Onion Kulcha (Qty: 1); Mix Vegetable (Qty: 1); Tandoori Butter Roti (Qty: 4)
Y3lPlFyWPcZ1M4NLpK1w,"Dec 31, 2022, 11:12 PM",Kumar Srinivasamurthy,kumars@live.com,Nirmala,,Mysuru,Amrutha Veg Family Restaurant,4,$2.53,,dispatched,2 Idli (Qty: 1); Baby Corn Manchurian (Qty: 1); Curd Rice (Qty: 1); Gulab Jamun (Qty: 1)
GCS76Dq707tnpwKuMmOQ,"Dec 28, 2022, 11:54 PM",Damanpreet Kaur,damanpkaur94@gmail.com,Harjot Singh,,Yamuna Nagar,Krishna Sweets & Bakers,2,$3.94,,dispatched,Brown Gulab Jamun (1 Kg) (Qty: 1); Veg Sandwich (Qty: 2)
v3EN36NZ0pabVEriZ3bJ,"Dec 28, 2022, 08:57 PM",MEETA SRIVASTAVA,meetasidd@gmail.com,Shri Kapil Kumar,,Vadodara,Cupcake Bliss Cake & Desserts,1,$18.82,,dispatched,Hazelnut Gateaux Cake (Qty: 1)
KUIrVlPXQXRbMdl0RB49,"Dec 25, 2022, 05:57 PM",Mukesk Raman,mukeshraghu@gmail.com,Lalitha ,,Chennai,Hotel Saravana Bhavan,3,$4.32,,dispatched,Poori (2) (Qty: 2); Hot Idly (2) (Qty: 3); Medhu Vadai Two pcs (Qty: 1)
ijCdS73oCAvaxuOoJkaf,"Dec 19, 2022, 06:52 PM",Umang Patel,17patelumang@gmail.com,Dr. Hina,,Ahmedabad,Jalaram Khaman House,3,$6.24,,dispatched,Sev Khamani  (Qty: 1); Methi Na Gota  (Qty: 1); Navtad Samosa (12 Pcs) (Qty: 1)
Wcx1Mu1NKbldTIksT3JY,"Dec 9, 2022, 06:37 PM",Umang Patel,17patelumang@gmail.com,Dr. Hina,,Ahmedabad,Saurashtra Chawana & Sweets,1,$1.99,,dispatched,Doodh Halwa (250 Gms) (Qty: 1)
piqABSt9Ob4hn0bp54MU,"Dec 9, 2022, 06:35 PM",Umang Patel,17patelumang@gmail.com,Dr. Hina,,Ahmedabad,Jalaram Khaman House,6,$19.13,,dispatched,Nylon Khaman  (Qty: 1); Tam Tam Khaman  (Qty: 1); Navtad Samosa (12 Pcs) (Qty: 2); Chinese Samosa (12 Pcs) (Qty: 1); Gathiya  (Qty: 1); Papdi  (Qty: 1)
HLFC9NJw5ipFoEAE9a4C,"Dec 4, 2022, 06:57 PM",Umang Patel,17patelumang@gmail.com,Dr. Hina,,Ahmedabad,Jalaram Khaman House,5,$8.20,,dispatched,Nylon Khaman  (Qty: 1); Tam Tam Khaman  (Qty: 1); Navtad Samosa (12 Pcs) (Qty: 1); Jalebi ( 4 Pcs ) (Qty: 1); Papdi  (Qty: 1)
qkss8uBvgvYxzbit7TYf,"Dec 1, 2022, 08:59 PM",Amu,ammusubri@yahoo.com,Malathi ,,Bengaluru,Truffles,6,$27.63,,dispatched,Rocky Road Paneer (Qty: 2); Italian Prawns Pasta (Qty: 2); Pineapple Cake (Qty: 2); Death By Chocolate Cake (Qty: 2); Arrabiata Pasta Veg (Qty: 2); Butter Garlic Prawn (Qty: 1)
EZk2VZNkBbTMD2EBTP5Y,"Nov 28, 2022, 06:26 PM",Smitha Vikram,smithaavikram@gmail.com,suguna,,Chennai,Nithya Amirtham,1,$5.30,,dispatched,Breakfast Combo (Qty: 3)
8ID3xrBjiGpSkIVJG6D0,"Nov 21, 2022, 06:01 PM",Mukesk Raman,mukeshraghu@gmail.com,Lalitha,,Chennai,Hotel Saravana Bhavan,2,$1.74,,dispatched,Poori (2) (Qty: 1); Hot Idly (3) (Qty: 1)
McWw3Hb9fk8rXn6lQRl3,"Nov 20, 2022, 06:31 PM",Suganya Anand,suganya.anand@gmail.com,Augustine ,,Bengaluru,Namaste,1,$0.46,,dispatched,Kayi Holige/obbattu (1 Pc) (Qty: 1)
SKgGI2e5qMOxxBD0sAvp,"Nov 20, 2022, 06:29 PM",Suganya Anand,suganya.anand@gmail.com,Augustine ,,Bengaluru,Priyadarshini Grand,6,$6.24,,dispatched,Veg Kofta (Qty: 1); Pongal (Qty: 1); Anna Rasam Sambar (Qty: 1); Tomoto Soup (Qty: 1); Kulcha (1 Pc) (Qty: 1); Roti (1 Pc) (Qty: 1)
gswLJW6MXimIxbAFlUG2,"Nov 20, 2022, 06:03 PM",Mukesk Raman,mukeshraghu@gmail.com,Lalitha ,,Chennai,Hotel Saravana Bhavan,2,$1.35,,dispatched,Hot Idly (3) (Qty: 1); Extra Tiffin Sambar(250gm) (Qty: 1)
2JWIOLkmDhkwyleIcqLG,"Nov 19, 2022, 06:00 PM",Mukesk Raman,mukeshraghu@gmail.com,Lalitha ,,Chennai,Hotel Saravana Bhavan,1,$1.96,,dispatched,Mini Tiffin (Qty: 1)
EPqzlwS3k0XeOnNVKU78,"Nov 18, 2022, 06:16 PM",Mukesk Raman,mukeshraghu@gmail.com,Lalitha ,,Chennai,Hotel Saravana Bhavan,2,$1.80,,dispatched,Spl Dosai (Qty: 1); Hot Idly (3) (Qty: 1)
loJd0o2KqWP9DwqJ9Scj,"Nov 17, 2022, 06:09 PM",Mukesk Raman,mukeshraghu@gmail.com,Lalitha ,,Chennai,Hotel Saravana Bhavan,2,$2.31,,dispatched,Poori (3) (Qty: 1); Medhu Vadai Two pcs (Qty: 1)
m481v2mPYGj5b9YJnOQe,"Nov 17, 2022, 02:52 PM",Suganya Anand,suganya.anand@gmail.com,Wilfred Victor,,Chennai,MID NIGHT EAT,3,$7.65,,dispatched,Peneer Shawarma Roll Mexican (Qty: 1); Veg Noodles + Chilli Gobi (Qty: 1); Veg Schezwan Fried Rice + Chilli Gobi (Qty: 1)
YuPRDdg0Qvg1KfUGxoHA,"Nov 17, 2022, 02:48 PM",Suganya Anand,suganya.anand@gmail.com,Augustine ,,Bengaluru,Donne Biryani @99,4,$4.91,,dispatched,Chapati (Qty: 2); Mutton Curry (Qty: 1); Veg Fried Rice (Qty: 1); Gulab Jamun 2pcs (Qty: 1)
gejrp7G2hq4GHxVk686p,"Nov 17, 2022, 02:42 PM",Suganya Anand,suganya.anand@gmail.com,sunil Peter,,Bengaluru,Royal Donne Biryani,11,$44.09,,dispatched,Boneless Chicken 65 (Qty: 1); Andhra Chilli Chicken (Qty: 1); Gobi Manchurian (Qty: 1); Mutton Curry (Qty: 1); Chicken Curry (Qty: 1); Butter Chicken (Qty: 1); Donne Mutton Biryani Family Pack - 2 Serves (Qty: 1); Donne Chicken Biryani Family Pack -3 Serves (Qty: 1); Kerala Parota (Qty: 6); Jamoon [1 Pcs] (Qty: 3); Vermasali Kheer (Qty: 2)
btbcg3LBAN0TDrHcs4X3,"Nov 16, 2022, 08:09 PM",Mukesk Raman,mukeshraghu@gmail.com,Raghuraman,,Thondamuthur,Kwality Walls Frozen Dessert and Ice Cream Shop,1,$2.18,,dispatched,Majestic Kesar Pista (Qty: 1)
yBqZ16nQRm4NLQ9xN3w3,"Nov 16, 2022, 05:51 PM",Mukesk Raman,mukeshraghu@gmail.com,Lalitha ,,Chennai,Hotel Saravana Bhavan,1,$1.68,,dispatched,Hot Idly (3) (Qty: 2)
GKPPThKivIImqqlUXeCa,"Nov 15, 2022, 05:50 PM",Mukesk Raman,mukeshraghu@gmail.com,Lalitha,,Chennai,Hotel Saravana Bhavan,2,$2.91,,dispatched,Ghee Pongal (Qty: 1); Hot Idly (3) (Qty: 2)
9rBBHJVRQuEdQCMnA1Ar,"Nov 14, 2022, 07:11 PM",Mukesk Raman,mukeshraghu@gmail.com,Lalitha,,Chennai,Hotel Saravana Bhavan,2,$2.50,,dispatched,Mini Tiffin (Qty: 1); Hot Idly (2) (Qty: 1)
kTwMSfwIZyrv1I2gpcBu,"Nov 13, 2022, 07:13 PM",Mukesk Raman,mukeshraghu@gmail.com,Lalitha ,,Chennai,Hotel Saravana Bhavan,2,$4.62,,dispatched,Poori (3) (Qty: 2); Medhu Vadai Two pcs (Qty: 2)
mPv7SQKJ7JSb9oLpJET6,"Nov 12, 2022, 11:42 PM",Rakesh vadehra,chandnirattan@gmail.com,Rakesh vadehra ,,Jalandhar,Food Bazar,5,$12.06,,dispatched,Dal Makhani (Qty: 1); Mix Vegetable (Qty: 1); Paneer Lababdar (Qty: 1); Tandoori Roti (Qty: 4); Missi Roti (Qty: 2)
EZKGRuh8UJDy5GKPaXoE,"Nov 12, 2022, 05:59 PM",Dhwani Nijhawan,dhwani.nijhawan@gmail.com,Sheetal,,Vadodara,Rajesthani Nasta and Tiffin Center,4,$3.84,,dispatched,Vada Pav (Qty: 1); Idli Sambhar (Qty: 2); Punjabi Aloo Samosa (Qty: 1); Rajasthani Dal Kachori (Qty: 1)
8FQlNWNt9wg71k2JHphZ,"Nov 10, 2022, 08:13 PM",Nivy M,niveditameethan@gmail.com,Meena Achuthan,,Chennai,SANGEETHA VEG. RESTAURANT,7,$22.07,,dispatched,Veg Malai Kofta Curry Large (Qty: 1); Chilly Garlic Fried Rice Large (Qty: 1); Stuffed Capsicum Masala Medium (Qty: 1); Tandoori Mushroom Medium (Qty: 1); Garlic Naan (Qty: 2); Methi Roti (Qty: 4); Badham Halwa [50 Gms] (Qty: 1)
LRr688cBhXbFlhoawV3s,"Nov 8, 2022, 11:20 PM",Ratna Kalluri,ratna_kalluri@yahoo.com,Ratna Kalluri,,Hyderabad,Utsav Vegetarian,3,$11.38,,dispatched,Royal Maharaja Mealbox (Qty: 1); South Indian Deluxe Veg Thali (Qty: 1); Utsav Homely Thali (Qty: 1)
nfbDomdLDTJ306AtHlaY,"Nov 7, 2022, 06:57 PM",Ratna Kalluri,ratna_kalluri@yahoo.com,Sita Krishna,,Visakhapatnam,Sarvani Sweets,7,$23.81,,dispatched,Special Kalakand (Qty: 1); Chamcham (Qty: 1); Iddly(4) (Qty: 1); Sambar Vada(2) (Qty: 1); Panner Dosa (Qty: 1); Special Kaju Mixed Sweets       (Qty: 1); Festive Gifting Specials (Mixed Bakalava Sweets (12) )    (Qty: 1)
ZI2nBkv6lM88OQJ8xIr5,"Nov 5, 2022, 06:17 AM",Ishwar kaur,ishwarkaur00@gmail.com,Roman Qadir ,,Jawahar Nagar,The Cafe Pizzeria,3,$12.36,,dispatched,Large Peri Peri Chicken (Qty: 1); Ice Cream Chocolate (Qty: 1); Chicken Dum Biryani Hyderabadi (Qty: 1)
UDDUEHA2pTnUHl5VeyhU,"Nov 2, 2022, 08:56 PM",Mukesh Raman,cteyecare@gmail.com,R. Lalitha,,Chennai,Hotel Saravana Bhavan,2,$2.37,,dispatched,Spl Masala Dosai (Qty: 1); Hot Idly (2) (Qty: 2)
FiGGZWkdTjrcfKAbwByJ,"Oct 31, 2022, 09:51 PM",Azra Zuhair,azrazuhair31@gmail.com,Wiswmbhar Nath,,Mumbai,Hotel National,4,$18.36,,dispatched,Chicken Lollipop (6 Pcs) (Qty: 1); Mutton Biryani (Qty: 4); Chick Tikka Masala (Qty: 4); Butter Naan (Qty: 4)
HpU9yPdkO8zRlqqa3awK,"Oct 23, 2022, 07:18 PM",Puja Sharma,krishav.sharma@gmail.com,Muskan Rakesh Gulati,,Patiala,Sahni Dairy And Sweets,2,$8.95,,dispatched,Chamcham  (Qty: 1); Boondi Laddu  (Qty: 1)
E99stITBwIchTCpgGX2A,"Oct 22, 2022, 09:45 PM",Nivy M,niveditameethan@gmail.com,Meena Achuthan,,Chennai,SANGEETHA VEG. RESTAURANT,5,$20.13,,dispatched,Veg Malai Kofta Curry Large (Qty: 1); Chilly Garlic Fried Rice Large (Qty: 1); Bhindi Fry Large (Qty: 1); Corn Capsicum Masala [medium] (Qty: 1); Methi Roti (Qty: 6)
EOYtYw6lJZ0ZECJu7JxC,"Oct 22, 2022, 08:02 PM",Mary Ann Tolentino,sugar.tolentino@gmail.com,Tekpal Singh Sangha,,Bagha Purana,VEER JI CHINES HUT,3,$6.47,,dispatched,Aloo Gravy (Qty: 2); Butter Roti(5) (Qty: 2); Veg Steamed Momos(10 Pieces) (Qty: 1)
xuCc1Uefjb72zbQ7Qvx9,"Oct 22, 2022, 09:34 AM",Umang Patel,17patelumang@gmail.com,Dr. Hina,,Ahmedabad,NIC Natural Ice Creams,2,$6.98,,dispatched,Roasted Almond Ice Cream (no Added Sugar) 500ml (Qty: 1); Anjeer Ice Cream (No Added Sugar) 500ml (Qty: 1)
X4P1lkBSv65F99B3NU4j,"Oct 22, 2022, 09:09 AM",Umang Patel,17patelumang@gmail.com,Dr. Hina,,Ahmedabad,NIC Natural Ice Creams,4,$3.59,,dispatched,Roasted Almond Ice Cream (no Added Sugar) 100ml (Qty: 1); Tender Coconut Ice Cream (no Added Sugar) 100ml (Qty: 1); Anjeer Ice Cream (No Added Sugar) 100ml (Qty: 1); Alphonso Mango Ice Cream (No Added Sugar) 100ml (Qty: 1)
4nxB69H6FxM637q6GT7g,"Oct 22, 2022, 09:01 AM",Umang Patel,17patelumang@gmail.com,CHARUSHEELA Patil,,Navi Mumbai,Chetak Sweet Point,2,$11.53,,dispatched,Chetak Dhamaka [ 250 Grams ] (Qty: 1); Anjeer Dry Fruit Tikki [ 250 Grams ] (Qty: 1)
KMmSAon1FsgnmTTEs9Cv,"Oct 18, 2022, 09:23 PM",Ratna Kalluri,ratna_kalluri@yahoo.com,Lalita,,Hyderabad,Kamath Hotel,1,$4.94,,dispatched,Plate Vada & Single idli (Qty: 4)
txOBbqC8peaOzI5IHlHa,"Oct 17, 2022, 06:37 PM",Smitha Vikram,smithaavikram@gmail.com,suguna,,Chennai,Sangeetha Veg Restaurant,1,$2.06,,dispatched,Mini Tiffin (Qty: 1)
IcPYnGsSEJK70InfWXoN,"Oct 15, 2022, 10:55 PM",Ratna Kalluri,ratna_kalluri@yahoo.com,Lalita,,Hyderabad,Kamath Hotel,2,$4.14,,dispatched,Kamat Thali (Qty: 1); Lunch Box (Qty: 1)
he3EjegNu6yyVwwnRUF2,"Oct 12, 2022, 11:36 AM",Umang Patel,17patelumang@gmail.com,Namrata Patil,,Mumbai,Pizza Hut,3,$15.16,,dispatched,Pepsi Pet Bottle (Qty: 1); Divine Chocolate (Tub) (Inclusive of frozen dessert handling charges) (Qty: 1); Veggie Supreme (Qty: 1)
GAZnAWxnnG06QOe3uiY2,"Oct 12, 2022, 11:09 AM",Umang Patel,17patelumang@gmail.com,Namrata Patil ,,Mumbai,Juno's Pizza by EatFit,4,$8.92,,dispatched,Diet Coke (Qty: 1); Five Cheese garlic bread (Qty: 1); Chocolate Lava Cake (Qty: 1); Vegan Exotica Pizza (Qty: 1)
eDa92GGQngBm67rDOYaP,"Oct 8, 2022, 10:38 PM",Karthik M,karthik.mudaliar@gmail.com,Rajarao Mudaliar,,Bengaluru,Shyamji's Chole Bhature,2,$8.47,,dispatched,Kachori With Onion & Sev (Qty: 6); Samosa (2 Pcs) (Qty: 6)
BO2EfxktyeyuamU0Fx5A,"Oct 8, 2022, 09:11 PM",Damanpreet Kaur,damanpkaur94@gmail.com,Harjot Singh,,N/A,Chandigarh cakes & Baker,9,$17.66,,dispatched,Veg Sandwich (Qty: 1); Corn Sandwich (Qty: 1); Roasted Namkeen (250 Gms) (Qty: 2); Chana Dal Pudina Box (250 Gms) (Qty: 2); Dry Fruit Cake (Qty: 1); Elachi Atta Biscuit (Qty: 1); Suanf Rusk (500 Gms) (Qty: 1); Red Velvet Pastry (Qty: 1); Paneer Patties (Qty: 2)
5GdRSxSHTV2UoEVxit2w,"Oct 3, 2022, 10:35 PM",Kumar Srinivasamurthy,kumars@live.com,Nirmala,,Mysuru,Bombay Tiffanys Kuvempu (Original),4,$6.43,,dispatched,Samosa (best Seller) (Qty: 1); Vegetable Samosas (Qty: 1); Combo Dholka (3 Pcs) (Best Seller) (Qty: 2); Dry Fruits -1 (Qty: 1)
niESYKFhvgRyA4qH8tnz,"Sep 26, 2022, 09:59 PM",Ann Tolentino,sugar.tolentino@gmail.com,Tekpal Singh Sangha,,Moga,Canadian Pizza,1,$8.23,,pending,Large Veg Bbq Pizza (Qty: 1)
9zgvXu8l4AhOGbFKt8m0,"Sep 24, 2022, 11:18 AM",Ratna Kalluri,ratna_kalluri@yahoo.com,Lalita,,Hyderabad,Mehfil,8,$14.83,,dispatched,Tandoori Chicken Masala (Qty: 1); Tandoori Roti (Qty: 2); Butter Naan (Qty: 2); Paneer Biryani (Qty: 1); Chicken Biryani Single (Qty: 1); Hyderabadi Chicken (Qty: 1); Panner Shahi Korma (Qty: 1); Panner Tikka Masala (Qty: 1)
bDlw4IrkPiggrhqUz05z,"Sep 16, 2022, 10:47 PM",Amina Khan,aminakhanteach@gmail.com,Meraj Khatoon,,Hyderabad,Capital Multi Cuisine Restaurant,5,$18.78,,dispatched,Kadai Chicken (Qty: 1); Mutton Biryani [Serves 1 - 2] (Qty: 1); Sheermal Naan  (Qty: 4); Pineapple Pastry (Qty: 6); Dal Makhni  (Qty: 1)
XykW8lRElSq3vDltdP86,"Sep 10, 2022, 08:10 PM",Sundareswaran Selvaraj,sundarseswaran@gmail.com,Prakasam,,Bengaluru,Asha tiffins,2,$3.68,,pending,Baby Corn Manchurian (dry) (Qty: 1); Asha Special Biryani (Qty: 2)
II3gHwEiiYdSmFCXxmRB,"Sep 7, 2022, 05:07 AM",Vikram Kalidindi,vikram.kalidindi@gmail.com,Praveena,,Bengaluru,Truffles,3,$10.93,,dispatched,Classic Fries (Qty: 1); Ferrero Rocher [1/2 Kg] (Qty: 1); Peri Peri Dusted Fries (Qty: 1)
TzLsqhYww7KHjLZYiSk7,"Aug 30, 2022, 09:47 PM",Sonam Bansal,sonambansal813@gmail.com,Poonam Bansal,,Panchkula,Anupam Sweets,4,$11.53,,dispatched,Pav bhaji (Qty: 1); Paneer tikka (Qty: 1); Channa bhatura (Qty: 2); Vada sambhar (Qty: 1)
P7CpJlIl2tfbbHgHxbbm,"Aug 24, 2022, 07:36 PM",MEETA SRIVASTAVA,meetasidd@gmail.com,Mrs. Srivastava,,Mumbai,The Nutcracker,2,$6.36,,dispatched,Warm Gooey Chocolate Cake (Qty: 1); Mini Lemon Tart (1 Pc) (Qty: 6)
oSdGrUwdHXI3FRgxkt2S,"Aug 23, 2022, 06:18 PM",Nivy M,niveditameethan@gmail.com,Meena Achuthan,,Chennai,Sangeetha Veg Restaurant,4,$9.42,,dispatched,Onion Uthappam (Qty: 1); Medhu Vadai (1Pc) (Qty: 2); Ex. Tiffin Sambar (1 Bowl) (Qty: 2); Idiyappam With Kuruma  (Qty: 4)
zrSYzg4vQFrhB2I2V95g,"Aug 18, 2022, 06:01 AM",Naresh Singh,nareshsingh5@gmail.com,Lisa Singh,,Attapur,Pista House Bakery & Restaurant,4,$11.22,,dispatched,Veg Noodles (Qty: 1); French Fries (Qty: 2); Masala Fries (Qty: 1); Choco Vanilla Cake [1 Kg] (Qty: 1)
ZG8jTFN4ksXqzvD490Ye,"Aug 17, 2022, 06:27 AM",MEETA SRIVASTAVA,meetasidd@gmail.com,Shael Sharma,,Mumbai,Chandu Halwai,2,$2.23,,dispatched,Kachauri (Punjabi)(Big  - 1Pc (Qty: 4); Samosa Big    (Qty: 4)
l3ejYAPMSZWHX0ZPVmnn,"Aug 17, 2022, 06:23 AM",MEETA SRIVASTAVA,meetasidd@gmail.com,Shael Sharma,,Mumbai,Chandu Halwai,1,$4.82,,dispatched,Mathura Peda  500 Gms (Qty: 1)
1ocJDWFlqDpRtE1DS5e8,"Aug 10, 2022, 07:38 PM",Naresh Singh,nareshsingh5@gmail.com,Ashmita,,Greater Noida,Sweet Truth - Cake and Desserts,1,$7.64,,dispatched,Fresh Pineapple Cake (560gm) (Eggless) (Qty: 1)
GZ5h0xE0Xs6sQPDMq4YL,"Jul 26, 2022, 10:46 PM",Arvind Naidu,arvind.raj.naidu@gmail.com,Anjiah,,Chennai,Hotel Saravana Bhavan,1,$1.14,,pending,Appam (2) ( Coconut milk) (Qty: 1)
Q3Ut6JBNjJ4ojqCCXym7,"Jun 29, 2022, 05:05 AM",Jitendra Padhye,jitu.padhye@gmail.com,Shubhangi Padhye,,Mumbai,Domino's Pizza,1,$4.34,,pending,Margherita (Qty: 1)
TzpnTG8pl7YV17gcMiRw,"Jun 26, 2022, 10:15 PM",Niesa Bebo,niesarahim1989@gmail.com,Amit,,Nagpur,KFC,5,$10.39,,pending,Mixed Zinger Doubles (Qty: 1); Large Fries (Qty: 1); Pepsi Can 330 ml (Qty: 1); Choco Mud Pie (Qty: 1); Popcorn Chicken Biryani Bucket (Qty: 1)
lgX5yXjaD9hZ5mIeuTiS,"Jun 26, 2022, 07:52 AM",Joan Chandran,19archana@gmail.com,Archana ,,Chennai,Hotel Raaj Bhaavan,3,$4.05,,dispatched,Plain Uttapam (Qty: 1); Onion Uttapam (Qty: 1); Ghee Idly + Coffee 200 ml (Qty: 1)
ZVasliFfdP6pmg60xEK3,"Jun 25, 2022, 06:45 PM",MEETA SRIVASTAVA,meetasidd@gmail.com,Mrs. Srivastava,,Mumbai,Theobroma,1,$6.12,,dispatched,Assorted Box of Eggless Pastries [4 Pcs] (Qty: 1)
ePbDphWWMO1o8y9iM6Mu,"Jun 25, 2022, 06:36 PM",Jitendra Padhye,jitu.padhye@gmail.com,Shubhangi Padhye,,Mumbai,Hotel Ram Krishna,1,$3.53,,dispatched,idli sambhar (Qty: 4)
q9Z6wIRYJC09ta7SDtAy,"Jun 19, 2022, 10:49 PM",Priya Jerry,lucydeepa@gmail.com,Bosco ,,Madurai,Mappillai Virundhu,5,$10.65,,dispatched,Fish Boneless (Qty: 1); Chicken Sapadu (Qty: 1); Mutton Kola (2 Pcs) (Qty: 1); Chicken Fried Rice(serves1) (Qty: 1); Ayirai Meen Kulambu (Qty: 1)
Vfh5Wdmv174uE8X40PMP,"Jun 18, 2022, 11:40 PM",Siddharth Pandey,sidarien@gmail.com,P N Pandey ,,Varanasi,Capsicum,11,$24.83,,dispatched,Paneer Do Pyaza (Qty: 1); Butter Naan (Qty: 1); Garlic Naan (Qty: 1); Punjabi Kulcha (Qty: 1); Shane Awadh (Qty: 1); Paneer Fried Rice (Qty: 1); Veg Manchurian (Qty: 1); Hot & Sour Soup (Qty: 2); Methi Matar Malai (Qty: 1); Crispy Babycorn (Qty: 1); Gulab Jamun 2 Pc (Qty: 1)
XTnyXF1XxlIFV6Duus3x,"Jun 16, 2022, 10:52 PM",Suchit Shah,suchit.shah@gmail.com,Suryakantbhai Shah,,Vadodara,Famous Neelkanth Juice,3,$2.65,,dispatched,Pineapple   (Qty: 1); Water Melon (Qty: 1); Fresh Fruit Box (Plate) (Qty: 1)
AVXJxS6ZqpFOcZicKkaK,"Jun 16, 2022, 10:36 PM",Suchit Shah,suchit.shah@gmail.com,Pravin B Shah,,Vadodara,Natural Juice,3,$3.33,,pending,Watermelon Fruit Juice (Qty: 1); Guava Juice (Qty: 1); Fresh Pomegranate [dadam Juice] (Qty: 1)
an6hr2gbgTF0btvlMUyG,"Jun 15, 2022, 05:41 AM",Amu,ammusubri@yahoo.com,Arjun,,Bengaluru,KFC,3,$10.14,,dispatched,Large Popcorn (Qty: 3); Pepsi PET (Qty: 1); Large Fries (Qty: 1)
5di4h6Uu3nzRNWhxQqHF,"Jun 11, 2022, 11:04 PM",Suman Sudhakaran,sxsudhak@hotmail.com,Sunanda Sudhakaran ,,Vadodara,Vadilal Hangout,3,$8.48,,dispatched,Cassata Ice Cream Cake [500 Ml] (Qty: 1); Butterscotch Pp (700ml+700ml) (Qty: 1); Chocolate Overload Ice Cream Cake [500 Ml] (Qty: 1)
pd2phRmki9ZSQYpl3KCr,"Jun 11, 2022, 06:10 PM",hima kurada,himakurada@gmail.com,Durga Prasad ,,Secunderabad,Anand Vihar,3,$3.18,,dispatched,Single Idly Single Vada (Qty: 2); Onion Rava Dosa (Qty: 1); Mysore Bajji(4 Pcs) (Qty: 1)
bEGzoxRpJqP4cWVDjzsO,"Jun 10, 2022, 07:20 AM",Amu,ammusubri@yahoo.com,Arjun ,,Bengaluru,KFC,1,$8.07,,dispatched,Large Popcorn (Qty: 3)
Hsy8CE0orcdufeS5Z31m,"Jun 10, 2022, 12:23 AM",Archana Ram,togram53718@gmail.com,Anuradha,,St.Thomas Mount,Sangeetha Veg Restaurant,1,$3.81,,dispatched,Parcel Meals (Qty: 2)
NgeYyLJPK1F6s9TPhg8K,"Jun 7, 2022, 03:44 AM",Xiohara G.,xgenticamd@gmail.com,Saif Mohammed,,Thiruvananthapuram,Sharma Restaurant,1,$1.88,,dispatched,Thali Meals (Qty: 1)
1BWiKJrxQc5EjvYvigWW,"Jun 4, 2022, 09:10 PM",Nimesh Shetty,nkshetty@yahoo.com,Jayanthi Shetty,,Mumbai,Gurukripa Brekfast & Snack,5,$5.24,,dispatched,Misal Pav (Qty: 2); Vada Usal (Qty: 2); Dahi Koki Papad (Qty: 1); Dal Moong Pav Sandwich (Qty: 1); Butter Misal Toaster (Qty: 2)
sW5rbKIH5HDNewXC2b6e,"Jun 4, 2022, 12:23 AM",Amu,ammusubri@yahoo.com,Malathi Siddappa,,Bengaluru,KFC,1,$8.07,,dispatched,Large Popcorn (Qty: 3)
RyfTCVkNfTr9OGACevnu,"Jun 3, 2022, 09:46 AM",Sunitha Nallur,sunitha.nallur@att.net,Srinivas GR,,Secunderabad,Ohri's Cake Nation,1,$7.05,,dispatched,Chocolate Truffle Cake  (Eggless) (Qty: 1)
HPAweBqVs9kqMH1e7MXt,"Jun 3, 2022, 09:43 AM",Sunitha Nallur,sunitha.nallur@att.net,Srinivas GR,,Secunderabad,Agrawala Sweets,8,$17.95,,dispatched,Bengali Sweet (2 Pcs) (Qty: 3); Malai Roll (Qty: 1); Ajmeri Kalakand (Qty: 1); Khova Puri (Qty: 1); Phalli Chekkalu (Qty: 1); Green Chamcham (Qty: 1); Kala Jamun (Qty: 1); Namak Para (Qty: 1)
2XfpzAMnyxZRJBsWifMl,"May 30, 2022, 05:35 AM",Suganya Anand,suganya.anand@gmail.com,Kanchana ,,Chennai,The Grand Sweets and Snacks - Amirtham Restaurant,7,$14.24,,dispatched,Kara Omapodi (250 gms) (Qty: 1); Seepu Seedai (250 gms) (Qty: 1); Thattai (250 gms) (Qty: 1); Cornflakes Mixture (250 gms) (Qty: 1); Groundnut Burfi (250 gms) (Qty: 1); Coconut Poli (250 gms) (Qty: 1); Assorted Sweets (500gms ) (Qty: 1)
KVy5vOdeCaM8bbh1EmLL,"May 29, 2022, 09:45 PM",Umang Patel,17patelumang@gmail.com,Ila Patel ,,Ahmedabad,Das Khaman,4,$5.20,,dispatched,Plain Khaman (Qty: 1); Black Pepper Khaman (Qty: 1); Tam Tam Khaman (Qty: 1); Navtad Samosa (Qty: 2)
fgvMEzTnpHFE6zZnTfh5,"May 29, 2022, 07:58 AM",Ratna Kalluri,ratna_kalluri@yahoo.com,P Kameswari / Ratna,,Vijayawada,Swagruha Foods,2,$24.48,,dispatched,Cashew Pista Rolls (Qty: 1); Bengali Sweets (Qty: 1)
iWNEggDS8BCnKTBUOde2,"May 26, 2022, 03:28 AM",Suganya Anand,suganya.anand@gmail.com,Augustine ,,Bengaluru,The SnackStop(Eswaris Homemade snacks),17,$33.96,,dispatched,Coconut Burfi - Jaggery (8 Pcs) (Qty: 1); Homemade Hand Murukku (200 Gms) (Qty: 1); Homemade Special Cornflakes Mixture(200gm) (Qty: 1); Homemade Butter Murukku (200 Gms) (Qty: 1); Homemade Roasted Jumbo Peanuts Without Skin (200 Gms) (Qty: 1); Homemade Puliyogare Powder (200 Gms) (Qty: 1); Homemade Dry Kachodi (200 Gms) (Qty: 1); Vadagam (100 Gms) (Qty: 1); Coconut Milk Murukku / Thaenkuzhal (200 Gms) (Qty: 1); Special Salt Seedai (200 Gms) (Qty: 1); Coconut Sweet With Jaggery(125gm) (Qty: 1); Homemade Coconut Holige (5 Pcs) (Qty: 1); Banana Chips Salt(200gm) (Qty: 1); Vepam Poo (100 Gms) (Qty: 1); Gulab Jamun(500gm) (Qty: 1); Special Athirasam (250 Gms) (Qty: 1); Special Thattai (200 Gms) (Qty: 1)
Ro2ztndhJqtXj5tqv2EE,"May 26, 2022, 03:00 AM",Suganya Anand,suganya.anand@gmail.com,Augustine ,,Bengaluru,Giani Ice Cream,1,$1.48,,dispatched,Rose Petal Stick Kulfi (Qty: 2)
brgG0kquiQMQjKNRemjR,"May 25, 2022, 07:55 PM",Nimesh Shetty,nkshetty@yahoo.com,Rekha Shetty,,Mumbai,Hangout Cakes & More,2,$13.65,,dispatched,Tiramisu Cake (1/2kg) (Qty: 1); Black Forest Cake (Qty: 1)
xVtfS3IBDdobAeTbqsJw,"May 25, 2022, 07:42 PM",Nimesh Shetty,nkshetty@yahoo.com,Jayanthi Shetty,,Mumbai,Mamledar Misal,5,$10.69,,dispatched,Pav (Qty: 6); Sabudana Khichdi (Qty: 2); Upma (Qty: 2); Mamledar Misal Pav (Qty: 4); Sheera (Qty: 2)
ZAuHRncpiAG7oUtePElZ,"May 23, 2022, 11:06 PM",Pallavi Manohar,manohar.pallavi@gmail.com,Rathika ,,Chennai,Sangeetha Veg Restaurant,1,$3.53,,dispatched,Tamilnadu Meals (Qty: 1)
Jy0dTJ4A01tko5maXfgL,"May 18, 2022, 06:22 AM",Jacintha Vimal,vimhcl@gmail.com,Britto,,Madurai,Sabarees Veg Restaurant,3,$3.18,,dispatched,Chappathi 2 Piece (Qty: 1); Onion Uthappam (Qty: 1); Onion Rava (Qty: 1)
WjgNO8SgB0WH05MATrJ5,"May 17, 2022, 08:01 PM",Jacintha Vimal,vimhcl@gmail.com,Vimal,,Madurai,Sabarees Veg Restaurant,1,$1.18,,dispatched,Rava Masal Dosai (Qty: 1)
mkT8Iqnp0no1NIAwOTB8,"May 17, 2022, 07:22 PM",Priya Jerry,lucydeepa@gmail.com,Selvi Joseph,,Madurai,Anjappar,2,$11.22,,dispatched,Chicken Biriyani Buy 2 Get 1 Free (Qty: 1); Chicken Lolly Pop (Qty: 2)
8SeDOXBz4ZMZn52u3oer,"May 17, 2022, 06:34 AM",Jacintha Vimal,vimhcl@gmail.com,Vimal,,Madurai,Hotel Archana (Pure Veg),2,$1.02,,dispatched,Vada (1 pc) (Qty: 2); Pongal (Qty: 1)
rm0tZjrt1Otnl6WIclv1,"May 16, 2022, 07:28 AM",Jacintha Vimal,vimhcl@gmail.com,Vimal,,Madurai,Hotel Archana (Pure Veg),2,$1.31,,dispatched,Parotta (1pc) (Qty: 1); Onion Rava (Qty: 1)
neJHcfdBRKq0NuqKN5aC,"May 16, 2022, 01:06 AM",Jacintha Vimal,vimhcl@gmail.com,Nirmal,,Madurai,Sabarees Veg Restaurant,3,$2.59,,dispatched,Vathakulambu Rice (Qty: 1); Curd  Rice (Qty: 1); Samber Rice (Qty: 1)
k9sS11t0k1FqArcpL8Ru,"May 15, 2022, 08:46 PM",Jacintha Vimal,vimhcl@gmail.com,Vimal,,Madurai,Hotel Akshaya,2,$0.46,,dispatched,Idli (1 Pc)  (Qty: 1); Vada (1 Pc)   (Qty: 2)
HUTt9BjpDHTIW5nRVyCT,"May 15, 2022, 07:28 AM",Jacintha Vimal,vimhcl@gmail.com, Vimal,,Madurai,Hotel Akshaya,2,$2.37,,dispatched,Poondu Masala Roast  (Qty: 1); Chappathi 1 Pcs (Qty: 2)
j7LxUlcxHWEE5LwfUtRl,"May 14, 2022, 10:42 PM",Kumar Srinivasamurthy,kumars@live.com,Nirmala,,Mysuru,Bombay Tiffanys Kuvempu (Original),3,$3.74,,dispatched,Vegetable Samosas (Qty: 2); Combo Dholka (3 Pcs) (Best Seller) (Qty: 2); Kesar Badam Milk (Best Seller)  (Qty: 2)
ZfQ63NPt4mN4WjNXwJgM,"May 12, 2022, 02:43 PM",Swapna Pinky,mswapna89@gmail.com,S. PARTHASARATHI,,Thiruvallur,Perambur Sri Srinivasa Sweets and Snacks,4,$3.31,,dispatched,Veg Puff (Qty: 1); Paneer Puff (Qty: 1); Dahi Puri (Qty: 2); Coconut Poli (2 Nos) (Qty: 1)
LQaOcrRkcucMaqZ3gYQK,"May 10, 2022, 06:28 PM",Akhira Prakash,sathyaeng@gmail.com,Shantha ,,Chennai,Ambur Star Briyani,3,$10.42,,dispatched,Chicken Biryani (Qty: 1); Prawn Biryani (Qty: 1); Nethili Fish Fry (Qty: 1)
mOc4X1pMBygnYZzev3an,"May 8, 2022, 05:26 AM",Nallur,sunitha.nallur@gmail.com,Ashalatha,,Hyderabad,NIC Natural Ice Creams,2,$6.23,,dispatched,Kesar pista Ice Cream 500ML (Qty: 1); Alphonso Mango Ice Cream 750ml (Qty: 1)
rD0aMe4ZCOnSOaW5EGkV,"May 7, 2022, 11:06 PM",Deepthi Prasad,deepstein2003@gmail.com,Mamatha,,Bengaluru,Asha Sweet Center,8,$16.54,,dispatched,Benne Muruk 200Gm  (Qty: 1); Corn Mixtur 200Gm  (Qty: 1); Dry Fruit Mixture 250Gm  (Qty: 1); Moongdal Halwa  (Qty: 1); Nippattu 200Gms  (Qty: 1); Plum Cake 300Gm  (Qty: 1); Sugar Free Mysore Pak  (Qty: 1); Sugar Free Dry Fruit  Burfy  (Qty: 1)
uxOOzK56HdB2eIhebobZ,"May 7, 2022, 09:11 PM",Kumar Srinivasamurthy,kumars@live.com,Nirmala,,Mysuru,Nalpak Restaurant,2,$1.87,,dispatched,Shavige Bath (Qty: 1); Idli (2 Nos) (Qty: 2)
LqfgGuzd1GXrJzsQ07yD,"May 7, 2022, 09:03 PM",Prasanna Vinjamuri,pvinjamuri@gmail.com,VV Appa Rao Vizag,,Visakhapatnam,Sri Gruhalaxmi Home Foods,3,$4.48,,dispatched,Mysore Pak (Qty: 1); Boondi (Qty: 1); White Kalakand (Qty: 1)
CyWzE2A65JBO2nhqwRks,"May 7, 2022, 07:58 PM",Amu,ammusubri@yahoo.com,Malathi Siddappa,,Bengaluru,Domino's Pizza,5,$16.08,,dispatched,7Up (500ml) (Qty: 1); Nimbooz ( 350ml ) (Qty: 2); B Natural Alphonsos from Ratnagiri (300 ml) (Qty: 1); Non Veg Supreme (Qty: 1); Chicken Fiesta (Qty: 1)
K5DhWx8Th0lWT4nWIkrI,"May 7, 2022, 07:56 PM",Karthik M,karthik.mudaliar@gmail.com,Pallavi Mudaliar,,Bengaluru,CakeZone,4,$16.60,,dispatched,Pineapple Dessert Jar Cake (Qty: 2); Black Forest Jar Cake (Qty: 2); Gulab Jamun Vanilla Dessert Jar Cake (Qty: 2); Jumbo Chicken Puff - 1 pc (Qty: 4)
bqRBqKTMrKOQFlUptycf,"May 7, 2022, 07:39 PM",Priya Jerry,lucydeepa@gmail.com,Bosco,,Madurai,Anjappar,4,$10.84,,dispatched,Chicken Fried Rice (Qty: 1); Anj Regular Meals - Non Veg (Qty: 1); Biriyani Lolipop Combo (Qty: 1); Chicken 65 [boneless] (Qty: 1)
qOe9dZtXHiLIjQVSKonB,"May 7, 2022, 07:25 PM",MEETA SRIVASTAVA,meetasidd@gmail.com,Mrs. Srivastava,,Mumbai,Shubh Sagar,6,$22.36,,dispatched,Veg Manchow Soup (Qty: 2); Schezwan Idli (Qty: 1); Paneer Chilli Gravy (Qty: 1); Shubh Sagar Special Fried Rice (Qty: 1); Veg American Chop suey (Qty: 1); Special Gadbad Ice cream (Qty: 1)
m7w9PC8durbMlYE3HsW6,"May 7, 2022, 04:34 PM",Deepthi Prasad,deepstein2003@gmail.com,Krishnamurthy ,,Bengaluru,Maiyas Restaurants,4,$4.28,,pending,Special Masala Dosa (Qty: 2); Kharabath (Qty: 1); Maiyas Kesari Bath (Qty: 1); Poori ( 2 Pc)  (Qty: 1)
bQKuAmEHH0AebBjSEHNn,"May 7, 2022, 04:29 PM",Deepthi Prasad,deepstein2003@gmail.com,Krishnamurthy ,,Bengaluru,Kanti Sweets,7,$14.40,,dispatched,Kodbale (Qty: 1); Kaju Pakoda (Qty: 1); Dry Fruit Mixture (Qty: 1); Kaju Pineapple (Qty: 1); Anjeer Dry Fruit Burfi (Qty: 1); Benne Murk (Qty: 1); Banana Chips (Qty: 1)
kgNGxivG98p3TiqMPQD1,"May 7, 2022, 04:20 PM",Deepthi Prasad,deepstein2003@gmail.com,Subbu,,Bengaluru,Shree Mahalakshmi Sweets,9,$28.13,,dispatched,Peni (Qty: 1); Special Dry Fruit Burfi (Qty: 1); Moongdal Burfi (Qty: 1); Special Murk (Qty: 1); Congress 100Gms (Qty: 1); Dry Fruit Mixture (Qty: 1); Avarebele 200Gms (Qty: 1); Malai Sandwich (Qty: 2); Spl Awalaki 250Gms (Qty: 1)
zfy10EO6tsHpn3LCnoLP,"May 7, 2022, 12:12 AM",Umang Patel,17patelumang@gmail.com,CHARUSHEELA Patil,,Navi Mumbai,Good Fettle - Healthy Ice Creams,4,$3.57,,dispatched,Mint Chocolate Ice Cream (125ml Sugar Free Tub) (Qty: 1); Belgian Chocolate Crunch Ice Cream (125ml Sugar Free Tub) (Qty: 1); Salted Caramel Ice Cream (125ml Sugar Free Tub) (Qty: 1); Mocha Almond Ice Cream (125ml Sugar Free Tub) (Qty: 1)
sLuPpsYYNQH3Bp5gPo4K,"May 6, 2022, 02:23 PM",Vamshi Reddy,k.vamshi2008@gmail.com,Linga Reddy,,Hyderabad,G Pulla Reddy Sweets,1,$4.15,,pending,Badusha  (Qty: 1)
gizMUtMQ2OH32quf119p,"May 6, 2022, 12:15 PM",Siddharth Pandey,sidarien@gmail.com,Madhu Pandey,,Greater Noida,Bakingo,1,$11.17,,dispatched,Mothers Day Chocolate Cake (Qty: 1)
a0a6PbRbXcye1WBbZG4P,"May 5, 2022, 06:50 PM",Joan Chandran,19archana@gmail.com,Chandran ,,Chennai,Hotel Raaj Bhaavan,4,$7.39,,dispatched,Idli  (Qty: 2); Sambar Vadai (Qty: 1); Onion Uttapam (Qty: 1); Mini Tiffin (Qty: 2)
b5oZB9pX8mp7vkBUoJFU,"May 4, 2022, 10:23 PM",Kranti Kumari,bkrantikumari@gmail.com,Satyanarayana,,Hyderabad,Ohri's Cake Nation,1,$7.42,,dispatched,Rasmalai Cake 500gms (Qty: 1)
XiOt69uRJeTYpO7Coe7y,"May 4, 2022, 08:43 PM",Ratna Kalluri,ratna_kalluri@yahoo.com,Mukkala Ananda Rao,,Vijayawada,Swagruha Foods,4,$28.01,,dispatched,Royal Mixture (Qty: 1); Cashew Masala Fry (Qty: 1); Bengali Sweets (Qty: 1); Cashew Sweets (Qty: 1)
V6cSqziy42Z1pV23rrp7,"May 4, 2022, 08:10 AM",Ratna Kalluri,ratna_kalluri@yahoo.com,Valli,,Hyderabad,Domino's Pizza,1,$17.17,,pending,Family House Party – Veg Deluxe Combo (Qty: 1)
uC7QzigDWLaDoE5s7Afk,"May 3, 2022, 07:31 PM",Naresh Singh,nareshsingh5@gmail.com,Shashi Singh or Manoj Kumar,,Greater Noida,Simply South,2,$12.94,,dispatched,Paneer Dosa (Qty: 1); IPL Dhamaka (Qty: 1)
nQKrG0dJKq68TwcqqXIk,"Apr 27, 2022, 09:30 PM",Suresh Pasala,spasala@gmail.com,Swati,,Hyderabad,Almond House,3,$36.15,,dispatched,Chekkalu (Qty: 4); Kaju Burfi (Qty: 1); Motichur Laddu (Qty: 1)
PAVM8rOWruO2nQgCvuXg,"Apr 26, 2022, 09:15 PM",Ratna Kalluri,ratna_kalluri@yahoo.com,K R Bulusu,,Secunderabad,Almond House,4,$33.41,,dispatched,Kaju Pak (Qty: 4); Sugar Pootharekulu (Qty: 10); Bellam Dryfruit Pootharekulu (Qty: 5); Rich Crunchy Cashew (Qty: 4)
909W08xvLsy4NgpSEJkA,"Apr 24, 2022, 10:03 PM",Rajesh Munavalli,rajesh.munavalli@gmail.com,Basavaraj Gowdar,,Davanagere,Sweet Truth,1,$7.64,,dispatched,Dutch Chocolate Truffle Cake (500 gm) (Eggless) (Qty: 1)
9YaTOdFTTrkjVh0UtSR2,"Apr 15, 2022, 11:24 AM",Umang Patel,17patelumang@gmail.com,Dr. Urvi Javia,,Ahmedabad,Sugarless Life,3,$25.72,,dispatched,Choco Dazzle Cupcake (Qty: 5); Chocolate Cheesecake Jar (Qty: 5); Black Forest Cake Jar (Qty: 5)
1wtcKEB4k1qzB6KrmmY6,"Apr 14, 2022, 04:00 PM",Maya Iyer,mayav70@yahoo.com,S Viswanathan,,Chennai,Hotel Saravana Bhavan,1,$5.89,,dispatched,Mini Tiffin (Qty: 3)
v4HrSOqMLmGW6E5yOsqL,"Apr 14, 2022, 09:01 AM",Vikram Kalidindi,vikram.kalidindi@gmail.com,Aditi Murthy,,Kolkata,"With Love, Brownie",2,$5.19,,dispatched,Dark Indulgence Brownie [ Pack Of 2 ] (Qty: 1); Salted Brookie Pint (Qty: 1)
CxLyE52Jfaxj0LnYaLH5,"Apr 5, 2022, 11:00 PM",Abhi Keshav,smartie.625@gmail.com,Jayashree,,Bengaluru,Kanti Sweets,2,$4.48,,dispatched,Zero Sugar Laddu (Qty: 1); Dry Fruit Mixture (Qty: 1)
fT14LfQsXI4yTUqXk9fa,"Apr 2, 2022, 02:29 PM",Swapna Pinky,mswapna89@gmail.com,Parthasarathi,,Thiruvallur,Perambur Sri Srinivasa Sweets and Snacks,2,$1.98,,dispatched,Dahi Puri (Qty: 1); Chana Masala (Qty: 1)
TFHDZQ664bhXeszSm605,"Mar 30, 2022, 08:46 PM",Kumar Srinivasamurthy,kumars@live.com,Nirmala,,Mysuru,Pizza Hut,2,$9.63,,dispatched,Veggie Lover (Qty: 1); Tandoori Paneer (Qty: 1)
HBIulJO12iVoGXWRmSRo,"Mar 29, 2022, 08:26 PM",Karthik M,karthik.mudaliar@gmail.com,Pallavi,,Bengaluru,Donne Biryani House,4,$8.67,,dispatched,Mutton Biryani (Qty: 1); Chicken Biryani (Qty: 1); Kshatriya Chicken Kebab (Qty: 1); Mutton Fry Fry  (Qty: 1)
TWjJzUJBeuWXnErtx1TT,"Mar 27, 2022, 08:59 AM",Arvind Naidu,arvind.raj.naidu@gmail.com,Anjiah Naidu,,Chennai,Ente Keralam,1,$5.65,,dispatched,Mutton Varattiyathu (Qty: 1)
eoJTcmIT6pErAIaBwOss,"Mar 23, 2022, 01:46 PM",Arvind Naidu,arvind.raj.naidu@gmail.com,Swakul Deo,,Pune,Chitale Bandhu Mithaiwale,1,$2.13,,dispatched,Bakarwadi  (Qty: 1)
vemM9LWjDkBTt9JG6OHb,"Mar 23, 2022, 05:38 AM",Ratna Kalluri,ratna_kalluri@yahoo.com,Vishal,,Hyderabad,Dadu's Mithai Vatika,1,$18.13,,dispatched,Motichur Laddu(250Gms) + Aloo Samosa (4 Pcs) (Qty: 5)
CXHiRErDjppXel0zdPnR,"Mar 21, 2022, 06:34 AM",Archana Ram,togram53718@gmail.com,Anuradha Ramesh,,Chennai,Sangeetha Veg Restaurant,1,$1.78,,dispatched,Idly (2 Pcs) (Qty: 3)
zffF8mZI9Y9NIl6yBhbv,"Mar 20, 2022, 05:48 AM",RAnn Francia,rann.francia@gmail.com,MD Zulquairnain,,Kolkata,Burger King,4,$10.92,,dispatched,Crispy Veg Burger (Qty: 1); Chicken Wings - five Pcs Fried + Five Pcs Grilled (Qty: 1); Lite Whopper Jr Chicken Combo (Qty: 1); BK Classic Chicken Combo (Qty: 1)
Vq4fwN2pnOZu205JBQh4,"Mar 18, 2022, 11:13 PM",Raji Dhandapani,torajiqa@gmail.com,Bhuvana,,Thanjavur,Domino's Pizza,4,$17.97,,dispatched,Crinkle Fries (Qty: 2); Butterscotch Mousse Cake (Qty: 2); Peppy Paneer (Qty: 1); Deluxe Veggie (Qty: 1)
TktKXkRFneOFNpkaH8F3,"Mar 17, 2022, 05:49 AM",Simriti Tanwar,smrititanwar@yahoo.com,Karandeep Singh,,Noida,CAKE O CLOCKS,1,$7.05,,dispatched,Classic Fresh Fruit Cake [500grams] (Qty: 1)
oHdrUHLDhkhetVzyLatS,"Mar 16, 2022, 05:50 AM",Archana Ram,togram53718@gmail.com,Anuradha Ramesh,,Chennai,Murugan Idli Shop,1,$0.71,,dispatched,IDLI (Qty: 2)
qE7261a0uMVUIJ1Z9m1f,"Mar 16, 2022, 05:49 AM",Archana Ram,togram53718@gmail.com,Anuradha Ramesh,,Chennai,Murugan Idli Shop,1,$1.41,,dispatched,IDLI (Qty: 4)
NH9d27ppwXQu1ViNrAZA,"Mar 15, 2022, 06:47 AM",Archana Ram,togram53718@gmail.com,Anuradha Ramesh,,Chennai,Murugan Idli Shop,1,$2.12,,dispatched,IDLI (Qty: 6)
alLGVHnojOWpsSCWdU5d,"Mar 13, 2022, 07:51 AM",Naresh Shashi,nareshashi@gmail.com,Mahesh Singh,,Attapur,SVM Grand,4,$11.76,,dispatched,Kadai Paneer (Qty: 1); Tandoori Roti (Qty: 2); Naan (Qty: 4); Veg Biryani Family Pack (Qty: 1)
c5WAae0z9V4UDkywKmLF,"Mar 12, 2022, 07:18 AM",Simriti Tanwar,smrititanwar@yahoo.com,Karandeep Singh ,,Noida,CAKE O CLOCKS,1,$7.05,,dispatched,Classic Fresh Fruit Cake [500grams] (Qty: 1)
AGgmjjstr1kv72GKCSpD,"Mar 8, 2022, 02:18 AM",RAnn Francia,rann.francia@gmail.com,Abhi Shergill,,Patna,Mr. Bakers,1,$11.01,,dispatched,Chocolate  Truffle Cake (Eggless) (Qty: 1)
x5J5Qc0EYOo5EAxMujI8,"Mar 5, 2022, 08:11 PM",Kranti,bkrantikumari@gmail.com,Satynarayana ,,Hyderabad,Mehfil Restaurant,2,$4.71,,dispatched,Paneer Biryani (Qty: 1); Chicken Biryani Full (Qty: 1)
YdmkJZxDvEUBdFJxsVbE,"Mar 4, 2022, 09:59 PM",Kranti,bkrantikumari@gmail.com,Satyanarayana Chundru,,Hyderabad,KARACHI BAKERY RC PURAM,2,$5.41,,dispatched,Eggless Butterscotch Cake  (Qty: 1); Onion Samosa (Qty: 4)
OpT3bDBnYO7TGhWaSweQ,"Mar 3, 2022, 05:22 AM",Jag Jayaprakash,jagadee@yahoo.com,Muralidharan KS,,Thanjavur,Happy sweets & Bakery,3,$4.77,,dispatched,"6"" Veg Pizza (Qty: 1); 6"" Paneer Pizza (Qty: 1); Red Velvet Cake (1 Pc) (Qty: 1)"
ieYES11dZNp1xOcepg2j,"Feb 28, 2022, 08:59 AM",Ratna Kalluri,ratna_kalluri@yahoo.com,Bulusu,,Hyderabad,Almond House,2,$17.74,,dispatched,Kaju Mixture (Qty: 2); Assorted Sweets                                                             (Qty: 2)
lAIKXYu9fN9Lu48n8Xk8,"Feb 26, 2022, 10:29 PM",Raji Dhandapani,torajiqa@gmail.com,Bhuvana,,Thanjavur,Domino's Pizza,5,$17.35,,dispatched,Garlic Breadsticks (Qty: 1); Crinkle Fries (Qty: 2); Butterscotch Mousse Cake (Qty: 4); Deluxe Veggie (Qty: 1); Indi Tandoori Paneer (Qty: 1)
VcIUg3jghFyfVueiMfZV,"Feb 26, 2022, 06:08 PM",Raji Dhandapani,torajiqa@gmail.com,Manjula,,Vellore,Hotel Alankar,7,$5.05,,dispatched,Medu Vada (1 pc) (Qty: 2); Rice Pongal  (Qty: 1); Poori (2 Pcs)  (Qty: 1); Masala Dosa(1 pc) (Qty: 1); Plain Uttapam (1 pc) (Qty: 1); Onion Uttapam (Qty: 1); Idli (1 Set) 2pcs (Qty: 2)
UCSuVKkkoSHSlt0azDJj,"Feb 26, 2022, 04:47 AM",RAnn Francia,rann.francia@gmail.com,MD Zulquairnain,,Kolkata,Domino's Pizza,4,$12.04,,dispatched,Roasted Chicken Wings Classic Hot Sauce (Qty: 1); Chicken Golden Delight (Qty: 1); Margherita (Qty: 1); Roasted Chicken Wings Peri-Peri (Qty: 1)
SyEskvz3fvR1mXQhyLzj,"Feb 24, 2022, 06:04 PM",MEETA SRIVASTAVA,meetasidd@gmail.com,Mrs. Srivastava,,Mumbai,Theobroma,2,$5.77,,dispatched,Theos Eggless Dutch Truffle Pastry [1 piece] (Qty: 2); Eggless Red Velvet Pastry [1 piece] (Qty: 2)
9S4l9scNXNXOSLcHsxUV,"Feb 21, 2022, 03:25 PM",Poonam Tubaki,poonamtubaki@gmail.com,Deepa Tubaki,,Belagavi,Wild Sugar,1,$5.87,,dispatched,Opium Chocolate Mousse Cake (Qty: 1)
XxCFfdNG847FLUfyfPs5,"Feb 21, 2022, 06:09 AM",Naresh Shashi,nareshashi@gmail.com,Lisa Singh,,Attapur,Sai Kailash Dhaba,1,$7.06,,dispatched,Wet Manchuria + Veg Soft Noodles + Veg Fried Frice (Qty: 3)
gUDE8geZGISJxVOkSrkp,"Feb 21, 2022, 01:27 AM",Madhava Rayaprolu,renumadhavr@yahoo.com,Jyotsna,,Chennai,SREE AKSHAYAM SWEETS N BAKERS,3,$4.35,,dispatched,Butterscotch Pastry Eggless (Qty: 1); Corn Mixture (Qty: 1); Andhra Murukku (Qty: 1)
b0ZTyBFM9mKYRnPX0vC6,"Feb 20, 2022, 01:00 AM",RAnn Francia,rann.francia@gmail.com,MD Zulquairnain,,Kolkata,KFC,2,$15.05,,dispatched,10 pc Leg Piece Bucket & 4 Dips (Qty: 1); Chicken & Krispers Combo (Qty: 1)
GY53n3GxUSwWEF7pkNzU,"Feb 19, 2022, 08:19 PM",Prasanna Vinjamuri,pvinjamuri@gmail.com,Arun K,,Chennai,Adyar Vaishnavas Thattu idli Kadai ,2,$3.30,,pending,Thattu Combo (olive Thattu Idli + Ghee Thattu Idli) (Qty: 1); Dosa Combo With Mysore Masala And Plain  (Qty: 1)
cs3ESRPo3uh6WbZm8R7j,"Feb 19, 2022, 08:10 PM",Prasanna Vinjamuri,pvinjamuri@gmail.com,Sekar Vembu,,Chennai,Sangeetha,4,$6.00,,dispatched,Mini Tiffin (Qty: 1); Pineapple Lassi (Qty: 1); Mango Lassi (Qty: 1); Idly Sam(w)ghee (Qty: 1)
VWifiUyVC3fprOwtUDcq,"Feb 19, 2022, 05:26 PM",Kranti,bkrantikumari@gmail.com,Satyanarayana,,Hyderabad,MANDAPETA BOSE GARI BIRYANI,2,$3.87,,dispatched,Paneer Biryani Mini (Qty: 1); Chicken Fry Piece Biryani Single (Qty: 1)
9RwjHVNZL5nWaL5lTqZl,"Feb 19, 2022, 03:58 PM",Raji Dhandapani,torajiqa@gmail.com,Manjula,,Vellore,Hotel Alankar,6,$5.21,,dispatched,Medu Vada (1 pc) (Qty: 2); Poori (2 Pcs)  (Qty: 2); Idiyappam (1 Set)  (Qty: 2); Special Masala Dosa (Qty: 1); Plain Uttapam (1 pc) (Qty: 1); Idli (1 Set) 2pcs (Qty: 2)
Im6ByxZ0rCXYfpRBek30,"Feb 14, 2022, 08:21 PM",Sonam,sonambansal813@gmail.com,Satpal and Poonam Bansal,,Panchkula,Gopal's,4,$10.91,,dispatched,Special Chinese Platter (Qty: 1); Rasmalai (Qty: 2); Moong Dal Halwa (Qty: 1); Chole Bhatoore (Qty: 2)
MENPyKHXaQ3EXYX6WHRt,"Feb 14, 2022, 08:17 PM",Sonam,sonambansal813@gmail.com,Satpal and Poonam Bansal,,Panchkula,Bakers lounge,3,$5.06,,dispatched,Paneer Puff (Qty: 2); Dhokla Sandwich (1 Pc) (Qty: 2); Mix Fruit Dry Cake (Qty: 1)
PFEcNa1UR1wXlku8fyI3,"Feb 14, 2022, 01:12 AM",Deepti Manne,deeptipasala@gmail.com,Manne Rajendra Prasad,,Madhapur,Cafe Niloufer Premium Lounge,1,$4.20,,dispatched,Butter Scotch Cake (Qty: 1)
49yd4mkteviaqmf80F2l,"Feb 14, 2022, 12:55 AM",Deepti Manne,deeptipasala@gmail.com,Manne Rajendra Prasad,,Madhapur,Kakatiya Mess,2,$7.81,,dispatched,Fish Curry (Qty: 1); Mutton Curry with bone (Qty: 2)
NSxEPAwXaSLwnnHwFyPU,"Feb 13, 2022, 06:45 PM",Sanket Vasa,sanku.vasa@gmail.com,Jayshree Shah,,Mumbai,FACING EAST - JUHU,4,$17.18,,dispatched,Corn Cream & Asparagus Soup (Qty: 1); Water Chestnut Corn in Hong Kong Style (Qty: 1); Veg Spicy Basil Fried Rice (Qty: 1); Veg Manchurian Gravy (Qty: 1)
A0JLCEaqQZY41TgeAsmK,"Feb 11, 2022, 06:48 PM",Suganya Anand,suganya.anand@gmail.com,Augustine ,,Bengaluru,North Indian Bhukkads -NIB,1,$1.05,,dispatched,Dahi Papdi Chat (Qty: 1)
cYRP6s5QJCdKVc8252hp,"Feb 11, 2022, 06:22 PM",Suganya Anand,suganya.anand@gmail.com,Augustine ,,Bengaluru,Cake Yard,1,$1.41,,dispatched,Italian Cassate With Egg (Qty: 2)
7iGCO2ae5YYUawVTYfEs,"Feb 10, 2022, 05:33 AM",Prabhu Iyer,prabhuiyer@hotmail.com,Prabha,,Mumbai,Arya Bhavan,13,$31.44,,dispatched,Brahmin Idli (Qty: 2); Mysore Masala Dosa [1pc] (Qty: 1); Podi Dosa (Qty: 1); Spring Dosa (Qty: 1); Palak Paneer Masala Dosa (Qty: 1); Onion Mysore Rava Masala Dosa (Qty: 1); Rasam 1 liter (Qty: 2); Sambar  1 liter (Qty: 2); Bisi Bele Rice (Qty: 2); Idiyappam with Coconut Stew (Qty: 1); Pineapple Sheera [50 grams] (Qty: 2); Curd Rice (Qty: 2); Paneer Pulao with Korma (Qty: 2)
uL7Hnn2kGGgeMu8KVnPV,"Feb 9, 2022, 07:32 AM",Vikram Kalidindi,vikram.kalidindi@gmail.com,Aditi Murthy,,Kolkata,MilkShake Wala,7,$17.91,,dispatched,Oreo Milkshake (Qty: 1); Cold Coffee Milkshake (Qty: 1); Fuse Milkshake (Qty: 1); Snicker Milkshake (Qty: 1); 2 Chocolate Milk Shake And  + 1 Dairy Milk Chocolate Free (Qty: 1); 2 Fuse Milk Shake And  + 1 Fuse Chocolate Free (Qty: 1); 2  Five Star Milk Shake And  + 1 Five Star Chocolate Free (Qty: 1)
VHEqg1g1py7vzzHbkgUQ,"Feb 5, 2022, 10:59 AM",Suchit Shah,suchit.shah@gmail.com,Pravin B Shah,,Vadodara,Natural Juice,3,$4.32,,dispatched,Pineapple Juice (Qty: 1); Mosambi Juice (Qty: 1); Mix Fruit - Citrus (Qty: 1)
BiZak5FHiCM2BhEGBCr3,"Feb 4, 2022, 08:47 PM",Suresh Pasala,spasala@gmail.com,Swati,,Hyderabad,Vasista Sri Lakshmi,5,$20.76,,dispatched,Chicken Tikka Masala (Qty: 1); Guntur Bilal Mutton Dum Biryani (Qty: 1); Butter Roti (Qty: 2); Gobi Manchurian (Qty: 1); Chicken Lollipop (6 Pcs) (Qty: 1)
oRZoe9jVDTU44M2b3csc,"Feb 2, 2022, 07:03 PM",Lucy Priya Bosco,lucydeepa@gmail.com,Bosco,,Madurai,Junior kuppana,3,$8.66,,dispatched,Non-Veg Meal (Qty: 1); Mutton Biryani [serves 1] (Qty: 1); Boneless Chicken 65 (Kids Special) (Qty: 1)
Zb1RW4VybMcYtgHGbowp,"Feb 1, 2022, 10:25 PM",Archana Ram,togram53718@gmail.com,Anuradha Ramesh,,Chennai,Hotel Saravana Bhavan,1,$2.89,,dispatched,Limited Meals (Qty: 2)
SZjoKsHh9gBaVJ2w39u8,"Feb 1, 2022, 09:37 PM",Tejas Varma,gtejasvarma@gmail.com,VS Raju,,Hyderabad,The Spicy Venue,2,$8.00,,dispatched,Natukodi Fry Pulao (Qty: 1); Vegetarian Thali - Parcel (Qty: 1)
Zr3AGTWe0BAqiofSriWo,"Feb 1, 2022, 09:02 PM",Arvind Naidu,arvind.raj.naidu@gmail.com,Dominic ,,Chennai,French Loaf,3,$6.42,,dispatched,Black Forest Cake Slice (Qty: 2); Seasonal Cheesecake Slice (Qty: 1); Butterscotch Slice (Qty: 1)
xLwcUgJZNQaT4ALyFaLm,"Feb 1, 2022, 06:46 PM",Manasa Mahesh,manasa.m.sjce@gmail.com,Mahesh N N,,Mysuru,Udupi Brahmins Cafe,4,$2.59,,dispatched,Idli (2 Nos) (Qty: 2); Khara Bhath (Qty: 1); Kasseri Bhath (150 - 170 grms) (Qty: 1); Set Masala Dosa [2 pcs] [ served with chutney and sambhar ] (Qty: 1)
vo6leW3zZqH4XWro5dtU,"Jan 31, 2022, 11:16 PM",Archana Ram,togram53718@gmail.com,Anuradha Ramesh,,Chennai,Hotel Saravana Bhavan,1,$2.89,,dispatched,Limited Meals (Qty: 2)
eP26OakBBwavdWSsha6O,"Jan 30, 2022, 10:19 PM",Archana Ram,togram53718@gmail.com,Anuradha Ramesh,,Chennai,Hotel Saravana Bhavan,1,$2.89,,dispatched,Limited Meals (Qty: 2)
WfFogKIMoqHzIBoskQnc,"Jan 30, 2022, 06:32 PM",Puja Sharma,krishav.sharma@gmail.com,MUSKAN RAKESH GULATI,,Patiala,JAGGI's,4,$6.62,,dispatched,Chinese Platter (Qty: 1); Paneer Patty (Plate) (Qty: 1); Black Forest Cake 500gm (Qty: 1); White Forest Pastry (Qty: 2)
82rkUk7rCyFHDAnvkMr5,"Jan 30, 2022, 09:56 AM",Surya Kuraku,surya.sky@gmail.com,Obulesu Kuraku ,,Hyderabad,Kritunga Restuarant,1,$3.30,,dispatched,Naatukodi Biryani (Qty: 1)
Hr6HAB46tcC9vdYxwqf0,"Jan 28, 2022, 10:26 PM",Archana Ram,togram53718@gmail.com,Anuradha Ramesh,,Chennai,Hotel Saravana Bhavan,1,$1.45,,dispatched,Limited Meals (Qty: 1)
Dsz5pnJS8RqkcXNLKYVY,"Jan 28, 2022, 10:25 PM",Archana Ram,togram53718@gmail.com,Anuradha Ramesh,,Chennai,Hotel Saravana Bhavan,1,$1.45,,dispatched,Limited Meals (Qty: 1)
i7Dhv2knJyw4P8pV791m,"Jan 28, 2022, 09:17 PM",Shubhra Raj,shubhra.raj@gmail.com,Mukul & Rita Verma,,Gurugram,Greenr Cafe,4,$20.42,,dispatched,Pesto Vegetable Spaghetti (Qty: 1); Old Delhi Bhurji (Qty: 1); Malibu Chickpea Surf (Qty: 1); Baja Black Bean (H) (Qty: 1)
iDkfCwIlXaHDjvJtgMH5,"Jan 27, 2022, 10:23 PM",Archana Ram,togram53718@gmail.com,Anuradha Ramesh,,Chennai,Hotel Saravana Bhavan,1,$2.89,,dispatched,Limited Meals (Qty: 2)
vgFEKFFytRBUfg6rL72x,"Jan 27, 2022, 04:29 AM",Baranidharan Thiruvengadam,btbrad1979@gmail.com,Prema,,Chennai,A2B Veg,2,$3.41,,dispatched,Masala Dosai (Qty: 1); Mini Tiffen (Qty: 1)
8lxa50pTdkf0GBksU37b,"Jan 26, 2022, 10:35 PM",Archana Ram,togram53718@gmail.com,Anuradha Ramesh,,Chennai,Hotel Saravana Bhavan,1,$2.89,,dispatched,Limited Meals (Qty: 2)
NZi9tDNkjMkWqw8Z0tCz,"Jan 26, 2022, 07:22 PM",Naresh Shashi,nareshashi@gmail.com,Ashmita Singh,,Greater Noida,CAKE O CLOCKS,1,$5.28,,dispatched,Light Chocolate Truffle Cake (500 Grams) (Qty: 1)
iKIT46UanDdJbtIZ3whF,"Jan 25, 2022, 10:25 PM",Archana Ram,togram53718@gmail.com,Anuradha Ramesh,,Chennai,Hotel Saravana Bhavan,1,$2.89,,dispatched,Limited Meals (Qty: 2)
ECZkbXLCeynOmXSJxT66,"Jan 25, 2022, 05:00 AM",Vikram Kalidindi,vikram.kalidindi@gmail.com,Aditi Murthy,,Kolkata,The Belgian Waffle Co.,2,$3.78,,dispatched,Ice Cream And Fudge Chocolate Waffle (Qty: 1); Biscoff Milkyway Waffle (Qty: 1)
rJmnEES9BYn71SjkRy4g,"Jan 24, 2022, 10:27 PM",Archana Ram,togram53718@gmail.com,Anuradha Ramesh,,Chennai,Hotel Saravana Bhavan,1,$2.89,,dispatched,Limited Meals (Qty: 2)
i039IIIt7uvtJwoIXhzP,"Jan 24, 2022, 08:29 AM",Umang Patel,17patelumang@gmail.com,Ilambharathi ,,Chennai,Sri Krishna Sweets,6,$22.76,,pending,Moti Laddu 250g (Qty: 1); Mysurpa 250g (Qty: 1); Badam Halwa 200g (Qty: 1); Moti Laddu 500g (Qty: 1); Fig Kathli 9pcs (Qty: 1); Bites 20 Pcs (Qty: 1)
Dd54sSuTlIRtghrrKXAU,"Jan 23, 2022, 10:27 PM",Archana Ram,togram53718@gmail.com,Anuradha Ramesh,,Chennai,Hotel Saravana Bhavan,1,$2.89,,dispatched,Limited Meals (Qty: 2)
4K9od2GIl1gFB8S4DrYJ,"Jan 23, 2022, 09:39 PM",Tejas Varma,gtejasvarma@gmail.com,Rajeswari N,,Guntur,Venkatesh Grand,5,$22.69,,dispatched,Kadai Fish (Qty: 1); Prawns Kolhapuri (Qty: 1); Special Chicken Biryani (Qty: 1); Mutton Fry Piece Biryani (Qty: 1); Chicken Tikka (Qty: 1)
CvIOZrb94e8F6w0Xdqel,"Jan 22, 2022, 10:43 PM",Archana Ram,togram53718@gmail.com,Anuradha Ramesh,,Chennai,Hotel Saravana Bhavan,1,$2.89,,dispatched,Limited Meals (Qty: 2)
N4d3PazFRcFxV3cjXZsu,"Jan 22, 2022, 08:38 PM",Mariyam Juaria,maaria1.can@gmail.com,Nasreen Atiya,,Hyderabad,Masqati True Juice,3,$3.88,,dispatched,Dry Fruit Honey Shake (Qty: 1); Healthy Mosambi Juice  (500ml) (Qty: 1); Healthy Orange Juice  (500ml) (Qty: 1)
Fn9H65SQ4gFcyx0H7EqC,"Jan 22, 2022, 08:31 PM",Tejas Varma,gtejasvarma@gmail.com,VS Raju,,Hyderabad,Srikanya,5,$16.48,,dispatched,Special Chicken Biryani (Qty: 1); Chilli Paneer Dry (Qty: 1); Apollo Fish (Qty: 1); Chilli Prawns (Qty: 1); Boneless Gongura Chicken (Qty: 1)
UkfiW9CWLngHI8ofGIJb,"Jan 22, 2022, 08:29 PM",Mariyam Juaria,maaria1.can@gmail.com,Nasreen Atiya,,Hyderabad,Shah Ghouse Cafe & Restaurant,5,$21.52,,dispatched,Boneless Achari Chicken (Qty: 1); Kadai Chicken (Qty: 1); Veg Hot and Sour Soup (Qty: 1); Mutton Jumbo Mandi (Serves 7-8) (Qty: 1); Veg Shah Ghouse Special Curry (Qty: 1)
zRGeAxfLezRsJFVee7XE,"Jan 21, 2022, 06:35 PM",Mariyam Juaria,maaria1.can@gmail.com,Tabassum Safoora ,,Aurangabad,UBQ by Barbeque Nation,2,$24.69,,dispatched,Biryanis & Kebabs Box (Mutton) (Qty: 1); Barbeque in a Box (Non Veg Overload) (Qty: 1)
ULXNKfmFaWAGMCo6rj8m,"Jan 18, 2022, 09:19 PM",John Alphonse,johnalp@outlook.com,Gemma Alphonse,,Chennai,Buhari Hotel - Chrompet,5,$15.60,,dispatched,Buhari Chicken Special Soup (Qty: 1); Fish 65 (Qty: 1); Mutton Biryani (Qty: 1); Wheat Parotta (Qty: 2); Mutton Pepper Paya (Qty: 1)
tDC8zDXc11KfhM71Uty9,"Jan 18, 2022, 05:35 PM",Rajesh Munavalli,rajesh.munavalli@gmail.com,Virupaksha Munavalli,,Bengaluru,Chaayos Chai+Snacks=Relax,2,$3.39,,dispatched,Homestyle Aloo Sandwich (Qty: 1); Moist Chocolate Cake (Qty: 1)
8fHYo0VyjivqPzJMLQsb,"Jan 16, 2022, 10:07 AM",Satyabrata Majumder,majumder.satyabrata@gmail.com,Prabir Mukherjee,,Kolkata,OPAR BANGLA EPAREI,4,$17.30,,dispatched,Peas Pulao (Qty: 2); Chitol Maitha (4 Pc) (Qty: 2); Desi Tel Koi (1 Pc) (Qty: 2); Mutton Dak Bangla (2 Pcs + Half Egg) (Qty: 2)
URxd1spoImyz057KcW4z,"Jan 14, 2022, 11:02 AM",Gaurav Jaiswal,gjaiswal@gmail.com,Shweta Chouksey,,Pune,Chocolate Biclate,1,$6.46,,dispatched,Belgian Truffle Cake (Qty: 1)
qjniiNOVhDkd7J2wn3JL,"Jan 13, 2022, 11:24 PM",BalaKrishna P,balu.pilla@gmail.com,Ramakrishna Rao,,Kukatpally,Sri Raghavendra Pure Veg,2,$4.59,,dispatched,Sambar Idli(2pcs) (Qty: 2); Chapati (Qty: 4)
m2nGC1mw6P120KxKxIZH,"Jan 13, 2022, 09:30 PM",Joan Chandran,19archana@gmail.com,Hubert Chandran ,,Chennai,Mambalam Annashree,3,$6.40,,dispatched,"Quick Lunch (Qty: 1); Veg Clear Soup (Qty: 2); Parcel Meals For Couple(Meal for two: sambar, rasam, vathalkuzhambu, buttermilk, poriyal, kootu, papad served with rice) (Qty: 1)"
FkyD9p8I3Urq7686mSRj,"Jan 13, 2022, 09:11 PM",Ratna Kalluri,ratna_kalluri@yahoo.com,K R BULUSU ,,Hyderabad,Bikanervala,5,$28.96,,dispatched,Navratan Mix 1kg (Qty: 2); Malai Peda  500gm (Qty: 2); Balushahi  500gm (Qty: 2); Gulab Jamun 12pc 1 Kg (Qty: 1); Badam Pista Gur Chikki 400gm (Qty: 2)
sRBezSGsF3SWtSy3zuMG,"Jan 13, 2022, 09:04 PM",MEETA SRIVASTAVA,meetasidd@gmail.com,Shri Kapil Kumar,,Vadodara,Cake Bonzerbites- Live Cake,1,$8.00,,dispatched,Black Forest Cake (eggless)  (Qty: 1)
9Q24whkHQTXYM2fnXhux,"Jan 12, 2022, 06:05 AM",tej desai,tejdesai1234@gmail.com,Taksh,,Ahmedabad,Shakti - The Sandwich Shop,1,$3.53,,dispatched,American Exotic Grilled Sandwich (4 Pcs) (Qty: 2)
DuOjGJiPgEHkKwHx6pj9,"Jan 11, 2022, 07:27 PM",Puja Sharma,krishav.sharma@gmail.com,MUSKAN RAKESH GULATI ,,Patiala,JAGGI's,3,$5.06,,dispatched,Paneer Pakora (Plate) (Qty: 4); Aloo ki Tikki (Plate) (Qty: 3); Aloo Samosa (Plate) (Qty: 4)
9M4UMciSDBlpg6K4x3Pa,"Jan 11, 2022, 06:23 PM",Prasanna Vinjamuri,pvinjamuri@gmail.com,VV Appa Rao Vizag,,Visakhapatnam,Mr.Little Idli,1,$1.62,,dispatched,Karam Idli (Qty: 2)
z96rcazhJJVHVKrmm1ZF,"Jan 11, 2022, 01:37 AM",Archana Ram,togram53718@gmail.com,Anuradha Ramesh,,Chennai,Pizza Hut,1,$7.05,,dispatched,"10"" Medium Veggie Supreme (Qty: 1)"
JTkV0T72XOihz60CXEJw,"Jan 8, 2022, 09:46 PM",Suganya Anand,suganya.anand@gmail.com,sunil Peter,,Bengaluru,RNR Biryani - Taste of 1953,8,$32.63,,dispatched,Chilli Chicken (Qty: 2); Donne Chicken Biryani ( Serves 6 to 7) (Qty: 1); Andhra Chicken Curry (Qty: 1); Mutton Chops Curry (Qty: 1); Rasmalai Cremeux (Qty: 1); Double Ka Meetha (3 Pcs) (Qty: 1); Paratha (Qty: 3); Elaneeru Payasam (Qty: 1)
o43suk6QvCCfqA5yopfa,"Jan 8, 2022, 09:30 PM",Suganya Anand,suganya.anand@gmail.com,Augustine Anthony,,Bengaluru,Behrouz Biryani,2,$22.41,,dispatched,"Murgh Koobideh (Chicken Tikki Kebab) (Qty: 1); Mutton Biryani (Alishaan-E-Dum Gosht, serves 4) + 12pcs Mutton Galouti Kebab + 4 Thums up 250ml (Qty: 1)"
OzgbCDWlmzoKjydhWhTd,"Jan 8, 2022, 09:10 PM",Suganya Anand,suganya.anand@gmail.com,Augustine Anthony,,Bengaluru,"Cupcake Noggins - Cakes,Pastries and Desserts",6,$9.05,,dispatched,Assorted Cupcakes - Pack Of 4 (Qty: 1); Blueberry Crumb Cupcake (Qty: 1); Mango Tart  (Qty: 1); Macaron  (Qty: 3); Custard Rolls (Qty: 1); Chocolate Bomb (Qty: 1)
37rEyVbBUCqRSTRcOo8a,"Jan 6, 2022, 12:42 AM",Chaitali Choudhary,chaitalichoudhary@ymail.com,Ashok Choudhary,,Kalyan,monginis,1,$5.73,,dispatched,Rasmalai Cake (Qty: 1)
KU0BRdmXaHXxR2moIeBR,"Jan 6, 2022, 12:39 AM",Chaitali Choudhary,chaitalichoudhary@ymail.com,Ashok Choudhary,,Kalyan,Ramdev Pure Veg,1,$2.35,,dispatched,Veg Manchurian (Qty: 1)
YPpy8Kiwf8IshOq9sZPz,"Jan 5, 2022, 06:49 PM",Jitendra Padhye,jitu.padhye@gmail.com,Shubhangi Padhye,,Mumbai,Hotel Ram Krishna,1,$3.65,,dispatched,Puri Bhaji Meal Box (4 puri + potato bhajji + amras + dahi wada) (Qty: 2)
S5qGHvcQi7SmdhkQ8xmo,"Jan 4, 2022, 06:31 PM",Jitendra Padhye,jitu.padhye@gmail.com,Shubhangi Padhye,,Mumbai,Jeevan,1,$2.35,,dispatched,"Sheera, Poha, Potato Wada, Elaichi Kela (Qty: 2)"
9WcAX35EIcuZy8WAY3yt,"Jan 2, 2022, 10:58 PM",BalaKrishna P,balu.pilla@gmail.com,Ramakrishna,,Kukatpally,Sri Raghavendra Pure Veg,2,$1.59,,dispatched,Idli (2 Pcs)  (Qty: 2); Sambar Idli(2pcs) (Qty: 1)
1h6jhG2kBDYF5KmCogbp,"Jan 2, 2022, 06:40 PM",Jitendra Padhye,jitu.padhye@gmail.com,Shubhangi Padhye,,Mumbai,Hotel Ram Krishna,2,$3.41,,dispatched,Idli Sambhar (Served with Sambhar and Chutney) (Qty: 2); Vada Sambar (Served with Sambhar and Chutney) (Qty: 2)
xaFtVeNhejtKR2IrvbPN,"Dec 31, 2021, 10:05 PM",Joan Chandran,19archana@gmail.com,Hubert Chandran ,,Chennai,Chin Chin - The Residency,8,$39.61,,dispatched,"Chicken Burnt Garlic Soup (Qty: 2); Chilli Garlic Crispy Chicken (Qty: 1); Konjeenaro Crispy Lamb (Qty: 1); Veg Singapore Noodles (Qty: 1); Sliced Fish Whole Garlic (Qty: 1); Chili Paneer (Qty: 1); Manchow Chicken Fried Rice (Qty: 1); Peppercorn, Vegetable & Chicken Fried Rice (Qty: 1)"
kHzpSYKRBZ7GxTn8fx36,"Dec 31, 2021, 06:56 PM",Vignesh iyer,nesh.m89@gmail.com,Kamala ,,Chennai,Murugan Idli Shop,6,$11.61,,dispatched,Butter Podi Onion Uttapam (Qty: 1); Ghee Podi Onion Uttapam (Qty: 1); Jigarthanda (Qty: 1); Spl Tiffin - 4 (Qty: 1); Special Combo - 3 (Qty: 1); Medhu Vadai (1  Piece) (Qty: 2)
9xHsrqMtJIiWWCvOvRjD,"Dec 31, 2021, 05:07 PM",Puja Sharma,krishav.sharma@gmail.com,MUSKAN RAKESH GULATI ,,Patiala,JAGGI's,4,$12.11,,pending,Small Gulab Jamun (Qty: 1); Deluxe Thali (Qty: 2); Bada Menu Chota Price (Qty: 1); Chana Bhatoora (Plate) (Qty: 2)
m8US7W1tC7Tz1YAcvvyH,"Dec 29, 2021, 12:08 PM",Satyabrata Majumder,majumder.satyabrata@gmail.com,Deba,,Miyapur,Cakes Club.Com,1,$5.68,,pending,Pineapple Cake With Cherry Topping 1/2 Kg (egg) (Qty: 1)
gFipeEgU31odrzxf1R5k,"Dec 28, 2021, 08:36 PM",Meeta Srivastav,meetasidd@india.com,Mrs. Indra Kumar,,Vadodara,Sweet Truth - Cake and Desserts,1,$8.77,,dispatched,Belgian Chocolate Cake (500gm) (Eggless) (Qty: 1)
43qkJC5hpMitO1FrjjyP,"Dec 24, 2021, 09:54 PM",Prabhu Iyer,prabhuiyer@hotmail.com,Prabha Iyer,,Mumbai,Hotel Ram Krishna,12,$25.69,,dispatched,Rasam Vada (Served with Sambhar and Chutney) (Qty: 1); Karela Fry (Qty: 1); Veg Lahori (Qty: 1); Aloo Sialkot (Qty: 1); Paneer Makhanwala (Qty: 1); Kashmiri Pulao (500ml) (Qty: 1); Naan (2 Pcs) (Qty: 3); Pineapple Raita (Qty: 1); Ginger Lemon (Qty: 3); Sweet Lassi (Qty: 3); Special Rama Krishna Grilled Sandwich (Served with Tomato Sauce sachet) (Qty: 1); Triple Schezwan Fried Rice (500ml) (Qty: 1)
aRozMPbfDE8wLsXt4UL4,"Dec 23, 2021, 10:58 PM",Raji Jaga,rraji.rm@gmail.com,Maheswary Rajendran ,,Vadavalli,Shree Anandhaas,5,$5.99,,dispatched,Gobi 65 (Qty: 1); Butter Naan (Qty: 1); Paneer Butter Masala (Qty: 1); Chapati With Korma (Qty: 1); Parotta With Korma (Qty: 1)
FPFN3JugtzepgR8sdGsm,"Dec 23, 2021, 10:54 PM",Raji Jaga,rraji.rm@gmail.com,Maheswary Rajendran ,,Vadavalli,Amma's Pastries,2,$7.92,,dispatched,Black Forest (Qty: 1); Rich Plum Cake (Qty: 1)
h3lLX7Qfg9ckfvR3nJgu,"Dec 23, 2021, 09:30 PM",Vishali Tirumala,vtirumala29@gmail.com,Leela Reddy,,Hyderabad,Karachi Bakery and Cafe,11,$18.16,,dispatched,Rasmalai (1pc) (Qty: 6); Chocolate Marble Sponge Cake (Qty: 1); Almond Butter Cookies (200 Gms) (Qty: 1); Osmania Biscuit (Qty: 1); Zeera Biscuit (400 Gms) (Qty: 1); Rasgulla (1pc) (Qty: 6); Macarons  6 Pc Box (Qty: 1); Butter Croissant (Qty: 1); Navratan Mixture 400gm (Qty: 1); Bakarwadi 200gm (Qty: 2); Cornflakes Khatta Meetha 400gm (Qty: 1)
wepZfFPbOWwCzuasS00O,"Dec 23, 2021, 05:06 PM",Rakhi Modi,rakhi.modi@gmail.com,Renu Kabra,,Chennai,Manoj Bhavan Veg Restaurant,6,$17.41,,dispatched,Vegetable Balls In Hot Garlic Sauce (Qty: 1); Gobi Manchurian (Qty: 1); Honey Chilli Paneer (Qty: 1); Vegetable Fried Rice (Qty: 2); Garlic Vegetables (Qty: 1); Sweet Corn Vegetable Soup (Qty: 2)
hl0o0dxVKWU3YGuZYXn8,"Dec 23, 2021, 12:08 PM",Rakhi Modi,rakhi.modi@gmail.com,Renu Kabra,,Chennai,Ibaco,1,$11.06,,dispatched,Chocolate Over Load Ice cream Cake (Serve 6) (Qty: 1)
9bemAYisFQY2ePFWtXWi,"Dec 22, 2021, 08:26 PM",Vikram Kalidindi,vikram.kalidindi@gmail.com,DS Raju,,Bengaluru,Theobroma,9,$20.48,,dispatched,Nachni Crackers (110 Grams) (Qty: 2); Curried Veg Puff (1 Piece) (Qty: 1); Wheat Sourdough Loaf (350g) (Qty: 1); Pain Au Chocolat (1 Piece) (Qty: 2); Theos Quiche - Veg (1 Piece) (Qty: 1); Theos Quiche - Non Veg (1 Piece) (Qty: 2); Chicken & Cheese Pasty (1 Piece) (Qty: 2); Fresh cream Strawberry Pastry        (Qty: 2); Truffle Gift Box (8 Pcs) (Qty: 1)
G2l2esax0DgVwh2jw0Jw,"Dec 22, 2021, 08:21 PM",Vikram Kalidindi,vikram.kalidindi@gmail.com,DS Raju,,Bengaluru,SMOOR,1,$10.65,,dispatched,Tiramisu Gianduja Cake Half Kg (Qty: 1)
ypGY2oGumTXcWMC9SwJr,"Dec 19, 2021, 10:40 PM",Nivy M,niveditameethan@gmail.com,Meena Achuthan,,Chennai,A2B Veg,9,$18.02,,dispatched,Ellu Murukku 200 Grms (Qty: 1); Hand Murukku [250 Gm] (Qty: 2); Athirasam (Qty: 1); Mini Jangiri (Qty: 1); 200 Grams Wheat And Kaju Biscuits (Qty: 1); Amla Pickle [400 Gm] (Qty: 1); Idly Podi [200 Gm] (Qty: 1); Brinjal Thokku 400 Gram (Qty: 1); Seedai - [200 Gms] (Qty: 1)
oYqVkeam7vUILlZN39WY,"Dec 12, 2021, 05:17 AM",Puja Sharma,krishav.sharma@gmail.com,Muskan Rakesh Gulati,,Patiala,Jaggis,3,$5.73,,dispatched,Gajrela (Seasonal) (Plate) (Qty: 2); Chilli Cheese Garlic Bread + French Fries (Qty: 1); Rava Masala Dosa (Qty: 2)
UR6FJVISuF4arkdNCBKC,"Dec 11, 2021, 08:36 PM",Siddharth Pandey,sidarien@gmail.com,P N Pandey,,Varanasi,Cake Parlour,2,$18.08,,dispatched,Choco Truffle Cake (500 Gms) (Qty: 2); Petties Veg (Qty: 14)
Y7el7XTf80EQD8DUa6Xb,"Dec 5, 2021, 04:30 PM",Rakhi Modi,rakhi.modi@gmail.com,Renu Kabra,,Chennai,Ovenfresh Pizzas and cakes,3,$15.88,,dispatched,Mexicana (Qty: 1); Paneer Pan (Qty: 1); Irish Coffee Pound Cake (Qty: 1)
ZuPD24SXu95OCascvbvC,"Dec 4, 2021, 08:27 PM",Prabhu Iyer,prabhuiyer@hotmail.com,Prabha Iyer,,Mumbai,Amar Juice Centre,9,$21.83,,dispatched,Paneer Hariyali Tawa Pulao (Qty: 1); Subzi Panchvati (Qty: 1); Garlic Naan (Qty: 3); Veg Dum Biryani (Qty: 1); Triple Schezwan Fried Rice (Qty: 1); Ginger Lemon Juice (Qty: 3); Mango Lassi (Qty: 3); Veg Makhmali (Qty: 1); Paneer Koliwada Masala (Qty: 1)
BnujEdBmS7XBN6nDKJ9p,"Dec 2, 2021, 07:54 PM",Naresh Shashi,nareshashi@gmail.com,Manoj Kumar,,Greater Noida,CAKE O CLOCKS,1,$5.87,,dispatched,Chocolate Heart Shape Cake (500 Grams) (Qty: 1)
kgYA0sAK1ssvbD00HMv2,"Dec 1, 2021, 04:08 PM",Amu,ammusubri@yahoo.com,Malathi ,,Bengaluru,Domino's Pizza,4,$19.23,,pending,Chicken Fiesta (Qty: 1); Non Veg Supreme (Qty: 1); Choco Lava Cake (Qty: 1); Red Velvet Lava Cake (Qty: 3)
RmvU9ZqZXQD1624tLqve,"Nov 30, 2021, 11:00 PM",Pallavi Manohar,manohar.pallavi@gmail.com,Rathika ,,Chennai,Basil with a Twist,1,$5.30,,dispatched,Veg Harmony Pizza (Qty: 1)
aESiEsSO3YxTUszODeHh,"Nov 30, 2021, 10:50 PM",Shubhra Raj,shubhra.raj@gmail.com,Meena Sharma,,Vrindavan,Chaat Chaupati,6,$20.24,,dispatched,Dahi Bhalla (Qty: 2); Paneer Parantha (Qty: 2); Rajasthani Chilla (Qty: 2); Masala Dosa (Qty: 2); Rajbhog (Qty: 6); Rabadi (Qty: 1)
oBM37q7uF82W2E4i2XC8,"Nov 30, 2021, 10:33 PM",Shubhra Raj,shubhra.raj@gmail.com,Mukul & Rita Verma,,Gurugram,Biryani By Kilo,3,$15.52,,dispatched,Chicken Hyderabadi Dum Biryani [1/2 Kg] Serves 1-2 (Qty: 1); Gulab Jamun with Rabri (Qty: 2); Veg Platter (Qty: 1)
svzGUcthQcCmxeBzo4Px,"Nov 30, 2021, 08:53 PM",Merlyn Johnson,merlynjohnson@gmail.com,Mercy,,Thiruvallur,Ganga Sweets,3,$14.57,,dispatched,Special Kaju (Qty: 1); Rasgulla 1 Kg Tin (Qty: 1); Gulab Jamun Tin 1/2 kg (Qty: 1)
aRPnBBcGxPiu4Cm3wKeO,"Nov 27, 2021, 06:24 PM",Arvind Naidu,arvind.raj.naidu@gmail.com,Chandrakant Talsania,,Mumbai,HB Brownies,2,$6.65,,dispatched,Nutella Crunch Topped Brownie (Qty: 1); Dry Fruits Brownie Overload Box (Qty: 1)
knJCpcGe6NrGcH7gNLcu,"Nov 26, 2021, 08:46 PM",Raji Jaga,rraji.rm@gmail.com,Maheswary Rajendran ,,Vadavalli,Sri Krishna Sweets,5,$10.30,,dispatched,Thirattipal (Qty: 1); Mysurpa (250 gms) (Qty: 2); Chandra Kala (Qty: 1); Apple Peda (Qty: 1); Thenkuzhal P (Qty: 1)
Qx40h2Ic2nRstV7UXAf7,"Nov 25, 2021, 06:13 PM",Rekha Patel,parthrekha@gmail.com,Bina Patel ,,Ahmedabad,Annapurna Idli Corner,2,$3.18,,dispatched,Spring Dosa (Qty: 2); Podi Masala Dosa (Qty: 1)
3V2pJr1Ycging8zf3crK,"Nov 25, 2021, 04:53 PM",Deepa Kamath,kamat.deepa@gmail.com,VIJAYA,,Bengaluru,Simply South by YummyEats,2,$12.06,,dispatched,Puttu With Kadala Curry (Qty: 5); Thattu Dosa (Qty: 3)
LCiG0kywAEHoqY7M9xrF,"Nov 25, 2021, 06:01 AM",tej desai,tejdesai1234@gmail.com,Taksh,,Ahmedabad,Hocco Eatery,3,$8.70,,dispatched,Chana Puri (Qty: 1); Chana (Qty: 1); Puri (Qty: 5)
ONYHudJCNmBVvlYno44n,"Nov 22, 2021, 05:13 PM",Vidya Sadanandan,sadanandan.vidya@gmail.com,N R Sadanandan ,,Irinjalakuda,KFC,3,$10.97,,dispatched,Choco Mud Pie (Qty: 1); Coffee Mousse Cake (Qty: 1); Big 12 Bucket (Qty: 1)
xSwzWSyD76u762BA50vZ,"Nov 22, 2021, 08:22 AM",tej desai,tejdesai1234@gmail.com,Taksh,,Ahmedabad,Hocco Eatery,3,$5.05,,dispatched,Chocolate Milk Shake (Qty: 1); Dry Fruit Milk Shake (Qty: 1); Punjabi Samosa [2 Pcs] (Qty: 1)
vLjvjtPHotNKjvxSo7dI,"Nov 21, 2021, 09:04 PM",Joseph Varghese,jv0348@gmail.com,Sachin,,Bengaluru,Ooty Chocolates,1,$26.48,,dispatched,Festival Gift Pack (200 gms) (Qty: 6)
qzKpCNjDMetckKYcc0gH,"Nov 21, 2021, 07:40 PM",Naresh Shashi,nareshashi@gmail.com,Mahesh Singh,,Attapur,Ohri's Cake Nation,1,$10.00,,dispatched,Pineapple Cake (Eggless) (Qty: 1)
Gm9fzS5wKamycPM2fSjR,"Nov 21, 2021, 12:11 AM",Baranidharan Thiruvengadam,btbrad1979@gmail.com,Prema ,,Chennai,A2B Veg,2,$2.68,,dispatched,Madras Mixture 200 Grams (Qty: 1); Mini Thattai 250 Gms (Qty: 1)
DcUwaIHyji8fBM9A8LNF,"Nov 20, 2021, 11:30 PM",Baranidharan Thiruvengadam,btbrad1979@gmail.com,Prema ,,Chennai,A2B Veg,2,$10.41,,dispatched,A2b Spl South Indian Meals (Qty: 2); Badam Halwa (Qty: 1)
CmmHN6yX8axX8WlkxYaL,"Nov 20, 2021, 08:51 PM",Prabhu Iyer,prabhuiyer@hotmail.com,Prabha,,Mumbai,Arya Bhavan,8,$17.34,,dispatched,Rose Milkshake (Qty: 3); Kanchi Puram Idli (Qty: 3); Paniyaram [6pc] (Qty: 1); Spring Dosa (Qty: 1); Palak Masala Dosa (Qty: 1); Rasam 1 liter (Qty: 1); Sambar  1 liter (Qty: 1); Neer Dosa (Qty: 1)
WVvUDHWqLfezuNwQNxsV,"Nov 20, 2021, 08:46 PM",Nimesh Shetty,nkshetty@yahoo.com,Rohit Shetty ,,Mumbai,Hangout Cakes & More,4,$9.38,,dispatched,Rich Truffle Pastry (Qty: 1); Kesar & Pista Cookies (200 gms) (Qty: 1); Black Forest Pastry (Qty: 2); Banana Date & Walnut Cake (350gms) (Qty: 1)
tJwH252fUYuXFVA9hjlt,"Nov 19, 2021, 08:13 PM",Suchit Shah,suchit.shah@gmail.com,Pravinbhai Shah,,Vadodara,Natural Juice,4,$6.37,,dispatched,Watermelon Fruit Juice (Qty: 1); Mosambi Juice (Qty: 1); Sprouts Chat (protein Chat) (Qty: 1); Apple +  Beet + Carrot [abc] Juice (Qty: 2)
ZMn0r3ahazpmODlUC5Yp,"Nov 19, 2021, 08:05 PM",Suchit Shah,suchit.shah@gmail.com,Pravinbhai Shah,,Vadodara,Mandap Authentic Gujarati Thali Restaurant,1,$8.37,,dispatched,Mandap Tiffin (Qty: 1)
ZMEXhjJFGqMNTqR1lJFF,"Nov 19, 2021, 06:16 PM",Manasa Mahesh,manasa.m.sjce@gmail.com,Mahesh,,Mysuru,Udupi Brahmins Cafe,4,$2.91,,dispatched,1 Uddina Vada (Qty: 2); Rava Idli  [1 pcs] [ served with chutney and sambhar ] (Qty: 4); Kasseri Bhath (150 - 170 grms) (Qty: 1); Set Masala Dosa [2 pcs] [ served with chutney and sambhar ] (Qty: 1)
H4uMsVAn9Ky3iuveiiOe,"Nov 19, 2021, 09:52 AM",Prashanth Bhaskaran,myprash@outlook.com,Hemalatha,,Chennai,Karaikudi Chettinadu Restaurant,1,$4.94,,pending,Chicken 65 Biryani (Qty: 2)
PcDm6r32lB4qJT0yBJyx,"Nov 18, 2021, 09:13 PM",Kumar Srinivasamurthy,kumars@live.com,Nirmala,,Mysuru,Bombay Tiffanys Kuvempu (Original),7,$5.94,,dispatched,Dahi Vada (Qty: 1); Pani Puri (Best Seller) (Qty: 1); Masala Puri (Best Seller) (Qty: 1); Plain Dhokkla (2 Pcs) (Qty: 1); Masala Dhokla (2 Pcs) (Qty: 1); Chole Bhatura (Must Try) (Qty: 1); Kesar Badam Milk (Best Seller) (200 ml) (Qty: 2)
6OcJOUiYumiF5c34kYUh,"Nov 18, 2021, 07:11 PM",Jayraj Ravichandran,jayraj.ravichandran@freshworks.com,Ilavarasi,,Chennai,MANJAL,7,$35.49,,pending,Vegetarian Lunch (Qty: 3); Non Vegetarian Lunch (Qty: 1); Mushroom Pepper Masala (Qty: 1); Cauliflower 65 (Qty: 1); Chilli Malli Paal Katti Varuval (Qty: 1); Chicken Karuveppilai Lollipop (manjal Signature) (Qty: 1); Mutton Chukka (Qty: 1)
bdDwtAsV1e8FBCWpULjB,"Nov 18, 2021, 05:40 AM",Nandini K,jankrish73@gmail.com,Mrs. Gowri Kumar,,Chennai,The Grand Sweets and Snacks - Amirtham Restaurant,4,$12.10,,dispatched,Masala Groundnut (250 gms) (Qty: 1); Banana Chips Chilly  (250 Gms) (Qty: 1); Potato Chips Chilly (250 Gms) (Qty: 1); Karthigai Deepam  ( Spl ) Bag (Qty: 1)
8fS2iQYRS22CbXlrymxf,"Nov 14, 2021, 06:48 PM",Nandini K,jankrish73@gmail.com,Mrs. Gowri Kumar,,Chennai,Pantry D'or,1,$10.30,,dispatched,Eggless Black Forest Half Kg (Qty: 1)
0jzHtFUfxogmC2D8lSIq,"Nov 13, 2021, 07:02 PM",Suganya Anand,suganya.anand@gmail.com,Wilfred Victor,,Chennai,Gold Fresh Juice Shop,3,$4.71,,dispatched,Nungu Cardamom Within Nuts (750ml) (Qty: 1); Badam Milk With (sabja @ Basil) Seeds (750 Ml) (Qty: 1); Pista Milk With (sabja @ Basil)  Seeds (750 Ml) (Qty: 1)
dt1x9RKqLFbzrrzs6GgS,"Nov 13, 2021, 06:51 PM",Suganya Anand,suganya.anand@gmail.com,Wilfred Victor,,Chennai,BUHARI,4,$10.69,,dispatched,Egg Biryani (Qty: 2); Butter Parotta (Qty: 2); Chilli Egg (Qty: 1); Egg Masala (Qty: 1)
MmzTlQujEDymr6qtRDhd,"Nov 13, 2021, 11:37 AM",Jayraj Ravi,jayrajravi@gmail.com,Ilavarasi,,Chennai,MANJAL,11,$48.14,,pending,Mutton Brain Fry (Qty: 1); Mutton Biryani (Qty: 1); Vegetarian Lunch (Qty: 1); Non Vegetarian Lunch (Qty: 2); Mushroom Pepper Masala (Qty: 1); Chilli Malli Paal Katti Varuval (Qty: 1); Mutton Kola Urundai (Qty: 1); Vanjaram Fish Fry (Qty: 2); Chicken Karuveppilai Lollipop (manjal Signature) (Qty: 1); Chicken 65 (Qty: 1); Prawn Thokku (Qty: 1)
0ql72sEO4NoepIiT5WlA,"Nov 12, 2021, 10:34 PM",Pallavi Manohar,manohar.pallavi@gmail.com,Rathika ,,Chennai,Sangeetha,1,$10.09,,dispatched,Tamilnadu Meals (Qty: 3)
I22pJMtDB8nQvuitTYXU,"Nov 12, 2021, 04:52 PM",Supriya Anand,anandsupi@gmail.com,V. Sairam,,Gurugram,Naivedyam,4,$8.47,,dispatched,Vegetable Idli (2 Pcs) (Qty: 1); Vada Sambar (2 Pcs) (Qty: 1); Mysore Rava Masala Dosa (Qty: 1); Mixed Vegetable Uttapam (Qty: 1)
HaNv1gF1CWHFSbnSge9W,"Nov 11, 2021, 04:39 PM",Siddharth Pandey,sidarien@gmail.com,Madhu Pandey,,Varanasi,Just Chill,5,$10.48,,pending,Pav Bhaji (Qty: 1); Paneer Fried Rice (Qty: 1); Crispy Baby corn (Qty: 1); Chilli Potato (Qty: 1); Veg Manchurian (Qty: 1)
o7UuD4FOX1mqud7qcoUN,"Nov 10, 2021, 09:35 PM",sharo v,sgya2363@gmail.com,Augustine,,Bengaluru,Sagar Restaurant,6,$10.95,,pending,Butter Roti (Qty: 2); Fried Rice With Paneer Chilli (Qty: 1); Malai Kofta With Buttor Kulcha (Qty: 1); Cream Of Tomato Soup (Qty: 1); Methi Paratha (Qty: 1); Farm Fresh Pizza (Qty: 1)
ESm3mBZHxVtpq2wYJSp8,"Nov 10, 2021, 05:36 PM",Jayraj Ravi,jayrajravi@gmail.com,Ilavarasi,,Chennai,Sangeetha's Desi Mane,3,$13.12,,dispatched,Onion Rava Dosa (Qty: 2); Breakfast Combos (Qty: 6); Mini Ghee Idly (Qty: 2)
1vcYbZjTGW7GEiph8fAz,"Nov 10, 2021, 05:07 PM",Zaheeruddin Mohammed,zaheer9@hotmail.com,Sadiya Nikhat,,Hyderabad,Chutneys,3,$3.88,,dispatched,Idli (Qty: 1); Masala Dosa (Qty: 1); Vada (Qty: 1)
l9M5zhTh0pjk8DUoJHtQ,"Nov 10, 2021, 07:56 AM",Satyabrata Majumder,majumder.satyabrata@gmail.com,Prabir Mukherjee,,Kolkata,Chowman-Garia Garden,3,$8.95,,pending,Garlic Chicken (Qty: 1); Singapore Noodles Veg (Qty: 1); Lemon Pepper Soup (Qty: 2)
9N10il3T6MyhJko4Pm90,"Nov 9, 2021, 09:39 PM",Priyanka Moodlyar,priyanka.kamalg@gmail.com,mala,,Pune,KFC,1,$7.84,,dispatched,Ultimate Savings Bucket (Qty: 1)
efYZymGffE5vaQgavdDR,"Nov 8, 2021, 06:44 AM",Nallur,sunitha.nallur@gmail.com,Ashalatha,,Hyderabad,Kwality Walls Frozen Dessert and Ice Cream Shop,4,$5.88,,dispatched,"Shameless Vanilla [Tub, 700ml] (Qty: 1); Dry Fruit Rabri Kulfi [50ml x 2] (Qty: 1); Chocolate [Family Pack, 700ml] (Qty: 1); Kesar Pista [Family Pack, 700ml] (Qty: 1)"
1fkq0EcLgGRvAjbWDzhw,"Nov 7, 2021, 08:26 PM",Prashanth Bhaskaran,myprash@outlook.com,Bhaskaran,,Palakkad,Vegen Bakes,1,$8.24,,pending,Black Forest Eggless Cake (Qty: 1)
0IOQozB5YueVqd5r8Soz,"Nov 7, 2021, 07:05 AM",Vikram Kalidindi,vikram.kalidindi@gmail.com,Aditi Murthy,,Kolkata,PRONTO Gourmet Food,3,$9.42,,dispatched,Falafel Burger (Qty: 1); Shrooms (Qty: 1); Chocolate Fudge Brownie (Qty: 1)
ta7i1w9xoxhn57GWidy4,"Nov 6, 2021, 10:51 PM",Sushama Shroff,sushama.shroff@gmail.com,Radhika Shroff,,Pune,Wadeshwar(FC Road),4,$3.94,,dispatched,Steamed Idli (Qty: 1); Plain Dosa (Qty: 1); Onion Uttapam (Qty: 1); Kothimbir Vadi (Qty: 1)
i24ccxxHqLs976BHfCMH,"Nov 6, 2021, 09:39 PM",Jayraj Ravichandran,jayraj.ravichandran@freshworks.com,Ilavarasi ,,Chennai,Sangeetha Veg Restaurant,9,$22.12,,dispatched,Sambar Vadai (2 Pcs) (Qty: 3); Poori Masala (Qty: 2); Ghee Podi Dosai (Qty: 2); Onion Rava Dosai (Qty: 2); Rava Kesari (Qty: 2); Onion Uthappam (Qty: 1); Ghee Idly Sambar (14 Pcs) (Qty: 4); Badham Halwa (50 Gms) (Qty: 2); Basundhi (1 Pc) (Qty: 2)
3uECBtbRVWm0oVVJhoTf,"Nov 5, 2021, 10:44 PM",Abhi Keshav,smartie.625@gmail.com,Jayashree,,Bengaluru,Kanti Sweets,2,$3.32,,dispatched,Dry Fruit Laddu. (Qty: 1); Navratan Mixture. (Qty: 1)
fZi5rlZgZpTI1aQc3rAO,"Nov 5, 2021, 10:35 PM",Abhi Keshav,smartie.625@gmail.com,Kusum,,Mangalore,UDAYA SWEETS AND NAMKEEN-FACTORY OUTLET,1,$2.00,,dispatched,Special Malai Gift Box-(250gms) (Qty: 1)
qi51oDf5ydDZK7x4ckLE,"Nov 5, 2021, 10:23 PM",Zaheeruddin Mohammed,zaheer9@hotmail.com,Sadiya Nikhat,,Hyderabad,Fishland Restaurant,1,$3.52,,dispatched,Prawns Fried Rice (Qty: 1)
nikNckGMCqLpygwMOJ2Y,"Nov 5, 2021, 10:16 PM",Abhi Keshav,smartie.625@gmail.com,Meena,,Mysuru,Shree Mahalakshmi Sweets,1,$3.38,,dispatched,Badam Burfi (Qty: 1)
p19N2aPFD2FD5pW1d7b5,"Nov 5, 2021, 07:42 PM",Sameeksha Vaity,sameeksha.v91@gmail.com,Sanket vaity,,Thane,Theobroma,1,$5.65,,dispatched,Confectionery Gift Box (9 Pcs) (Qty: 1)
baD1p0aJwhtcaonlsUXO,"Nov 4, 2021, 11:40 PM",Sameeksha Vaity,sameeksha.v91@gmail.com,Pooja patil,,Mumbai,Theobroma,1,$10.00,,dispatched,Confectionery Gift Box (18 Pcs) (Qty: 1)
gRncSRGkeJuOOWGzGnrN,"Nov 4, 2021, 08:26 PM",Priyanka Moodlyar,priyanka.kamalg@gmail.com,Mala Moodlyar,,Pune,Madurai Idly Shop,4,$4.47,,dispatched,Sambar Vada (Qty: 1); Idly [2 Pieces] (Qty: 2); Ven Pongal [madurai Special] (Qty: 1); Poori Bhaji [3 Pieces] (Qty: 1)
phpMdwIWAKjIw9ZmNJmN,"Nov 4, 2021, 06:33 AM",Binitha Vasu,binitha18@yahoo.com,T.G. Vasu,,Chennai,Domino's Pizza,4,$9.62,,dispatched,Pepper Barbecue Chicken (Qty: 1); Pepsi (500ml) (Qty: 1); Chicken Pepperoni (Qty: 1); Red Velvet Lava Cake (Qty: 1)
urWAiIRNfnAQQkdU5Eiz,"Nov 4, 2021, 05:21 AM",John Alphonse,johnalp@outlook.com,Gemma Alphonse,,Chennai,Buhari Hotel - Chrompet,6,$16.89,,dispatched,Special Ghee Parotta (Qty: 2); Egg Lappa (Qty: 1); Fish Finger & Chips (Qty: 1); Paneer Butter Masala (Qty: 1); Wheat Parotta (Qty: 2); Mutton Pepper Paya (Qty: 1)
V0uONaPfG5X0UaZ9bocF,"Nov 3, 2021, 09:53 PM",Joan Chandran,19archana@gmail.com,GAYATHRI,,Chennai,Sri Krishna Sweets,4,$8.37,,dispatched,Karaboondhi 250g (Qty: 1); Butter Murukku 250g (Qty: 1); Milagu Seedai 250g (Qty: 1); Mysurpa 500g (Qty: 1)
9ZA61GeHV6XNEhypKjcN,"Nov 3, 2021, 08:57 PM",Jayraj Ravichandran,jayraj.ravichandran@freshworks.com,Ilavarasi,,Chennai,Sri Krishna Sweets,1,$33.24,,dispatched,Mysurpa 500g (Qty: 8)
1eCbjAZZJRunee6sG527,"Nov 3, 2021, 08:39 PM",Puja Sharma,krishav.sharma@gmail.com,MUSKAN RAKESH GULATI,,Patiala,JAGGI's,2,$9.53,,dispatched,Khoya Barfi (Qty: 1); Shahi Laddu  (Qty: 1)
VR6e0Jk4llnsOVnaitny,"Nov 3, 2021, 07:28 PM",Umang Patel,umangpatel17@yahoo.co.in,Urvi patel,,Ahmedabad,Gwalia Sweets & Fast Food,4,$11.02,,dispatched,Kaju Katli (Qty: 1); Mohan Thal (Qty: 1); Khajur Longe (Qty: 1); Kesar Kaju Katli (Qty: 1)
UepegEQGBQatdxqashlw,"Nov 3, 2021, 07:01 PM",Damanpreet kaur,daman7294@gmail.com,Harjot Singh,,Yamuna Nagar,Multani Fast Food,4,$14.81,,dispatched,Papdi Chaat (Qty: 2); Masala Dosa (Qty: 2); Vegetable Dosa (Qty: 2); Anar Juice (Qty: 5)
WXP0jp9TamL9bj5dIPNR,"Nov 3, 2021, 06:42 PM",Prasanna Vinjamuri,pvinjamuri@gmail.com,Apparao Vinjamuri ,,Secunderabad,Suprabhat Tiffins,2,$1.41,,dispatched,Idli (Qty: 2); Single Idli & Single Vada (Qty: 1)
XAWx1PjRxCBXDslWrM91,"Nov 3, 2021, 05:49 PM",Puja Sharma,krishav.sharma@gmail.com,MUSKAN RAKESH GULATI,,Patiala,Jaggi Sweets,3,$8.98,,dispatched,Deluxe Thali (Qty: 2); Punjabi Kulcha + Chole (Qty: 1); Hot Chocolate Fudge (Qty: 2)
G720gAb0XQsCEkl84Upf,"Nov 3, 2021, 04:12 PM",Sudharshan Natarajan,sudharshan.nn@gmail.com,Samundeeswari,,Chennai,The Grand Sweets and Snacks - Amirtham Restaurant,5,$10.80,,pending,Ribbon Pakoda (250 gms) (Qty: 1); Masala Groundnut (250 gms) (Qty: 1); Hand Murukku (250 gms) (Qty: 1); Assorted Sweets (250 gms) (Qty: 1); Assorted Sweets (500gms ) (Qty: 1)
eeigmUtWAuJrFnHyWFas,"Nov 3, 2021, 03:19 PM",Vamshi Reddy,k.vamshi2008@gmail.com,Gopal Reddy,,Hyderabad,G Pulla Reddy Sweets,1,$8.31,,dispatched,Assorted Sweets (Qty: 1)
sIfJph5ePkKClKxR6K6Z,"Nov 3, 2021, 03:17 PM",Vamshi Reddy,k.vamshi2008@gmail.com,Goverdhan,,Hyderabad,G Pulla Reddy Sweets,1,$8.31,,pending,Assorted Sweets (Qty: 1)
XkD7AKeRsmWBEZ1HFHhn,"Nov 3, 2021, 03:13 PM",Vamshi Reddy,k.vamshi2008@gmail.com,Shilpa Reddy,,Hyderabad,G Pulla Reddy Sweets,1,$8.31,,dispatched,Assorted Sweets (Qty: 1)
bTCg2NZPFT6oq9K3pV7G,"Nov 3, 2021, 01:22 PM",Nisha Suman,nisha82478@gmail.com,Tejvir singh,,Ambala,Sindhi sweets,2,$28.20,,dispatched,Kajoo Barfi        (Qty: 1); Honey Dry Fruit Ladoo (Qty: 1)
YCHDasSa39J21capbU6e,"Nov 3, 2021, 12:33 PM",Parvathy Nair,parusanthosh@gmail.com,C S Sukumaran Nair,,Thiruvananthapuram,Sri Krishna Sweets,8,$14.77,,pending,Jalebi (Qty: 1); Milk Halwa (Pure Ghee Sweet) (Qty: 1); Wheat Halwa (Qty: 1); Masala Kadalai (Qty: 1); Mysurpa (250 gms) (Qty: 1); Milk Cake (Qty: 1); Butter Murukku (Qty: 2); Karasev P (Qty: 2)
Jx3VG8RvFyZFkSg6paDe,"Nov 3, 2021, 11:07 AM",Bhanu Teja,kapabhanuteja@gmail.com,Purna Chandra Rao K,,Hyderabad,G Pulla Reddy Sweets,1,$8.31,,dispatched,Motichur Laddu  (Qty: 1)
LNALejS7lZuNRTu21YGS,"Nov 3, 2021, 08:29 AM",Jyothi,a_jyothi@outlook.com,Vaishnavi & SahithiI,,Hyderabad,Sri Balaji mithai bhandar,5,$7.29,,dispatched,Gathi Mota (200 Gms) (Qty: 1); Boondi (200 Gms) (Qty: 1); Bengali Malai Sandwich (Qty: 1); Cham Cham (Qty: 1); Malai Barfi (Qty: 1)
ZqROTrJdFJzClRHyrTQB,"Nov 3, 2021, 07:11 AM",smita barbora,smitabarbora@gmail.com,Pankaj Barbora,,Guwahati,Ahaar Sweets & Snacks,5,$6.57,,dispatched,Motichur Laddu (Qty: 6); Kaju Barfi (Qty: 6); Gond Laddu (Qty: 6); Veg Samosa (Baked) (Qty: 6); Paan Peda (Qty: 6)
FhsJDv1xNiBIDhhI1kB7,"Nov 3, 2021, 06:19 AM",Prabhu Iyer,prabhuiyer@hotmail.com,Kailash Iyer,,Mumbai,New Cafe Marol,6,$14.67,,dispatched,Chapati (Qty: 6); Veg Paneer Schezwan Fried Rice (Qty: 1); Veg Korean Fried Rice (Qty: 1); Veg Jaipuri (Qty: 1); Veg Patiala (Qty: 1); Paneer Kolhapuri (Qty: 1)
VRpWSO3Vlg14Xf0uj1Fr,"Nov 3, 2021, 06:02 AM",smita barbora,smitabarbora@gmail.com,Kaberi Phukan,,Guwahati,mitha ghar,1,$8.19,,dispatched,Laddu Diwali Gift Hamper (Qty: 2)
CNG3niHSPHiZNwN3iK0b,"Nov 2, 2021, 11:28 PM",Deepthi Prasad,deepstein2003@gmail.com,Subbu,,Bengaluru,Shree Mahalakshmi Sweets,6,$14.41,,dispatched,Dry Fruit Laddu (Qty: 1); Special Dry Fruit Burfi (Qty: 1); Special Murk (Qty: 1); Badam Burfi (Qty: 1); Anjeer Burfi (Qty: 1); Kodbale 1 Box (Qty: 1)
IwcDHSUXDJjeQVmbelSW,"Nov 2, 2021, 11:21 PM",Deepthi Prasad,deepstein2003@gmail.com,Krishnamurthy ,,Bengaluru,Kanti Sweets,5,$24.51,,dispatched,Anjeer Dry Fruit Barfi. (Qty: 2); Dry Fruit Mixture. (Qty: 2); Banana Chips. (Qty: 2); Kaju Fry Masala. (Qty: 2); Kodubale. (Qty: 2)
83jYM8IsQNkp3ms5Bd3W,"Nov 2, 2021, 11:14 PM",Divya Patra,patra.divya@gmail.com,Lingaraj Patra,,N/A,Mamma Mia - Mayfair Lagoon,1,$6.41,,cancelled,"12"" Milano Cottage Pizza (Qty: 1)"
BIectCe1WB7XAq2NkvUP,"Nov 2, 2021, 10:48 PM",Deepthi Prasad,deepstein2003@gmail.com,Subbalakshmi ,,Bengaluru,Kanti Sweets,5,$14.69,,dispatched,Kaju Fry Masala. (Qty: 1); Dry Fruit Mixture. (Qty: 1); Dry Fruit Coconut Biscuits. (Qty: 1); Moti  Chur  Laddu. (Qty: 1); Special Kaju Assorted Sweets. (Qty: 1)
NgHr1AZLPjr086Ir5KFP,"Nov 2, 2021, 09:11 PM",rajesh chopra,reemarajesh@yahoo.com,neena mehra,,Navi Mumbai,BIKANER SWEETS AND NAMKIN,1,$8.24,,dispatched,Kaju Katli 500gm (Qty: 1)
cYpjRJwm4OMSVtfWtZcD,"Nov 2, 2021, 08:26 PM",Sharika Kanakam,sharika.radhakrishnan@gmail.com,Kanakam,,Kollam,SUPREME BAKERS,6,$15.49,,dispatched,MYSOREPAUK (Qty: 1); DHIL PASANTH (Qty: 4); MOTI CHOOR LADDU (250gm) (Qty: 1); PINEAPPLE HALWA 500GM (Qty: 1); DHOOTH PEDA 250GM (Qty: 1); Spl. Tirunelveli Halwa (300 Gm) (Qty: 1)
0hlAxcYklclsmOHSWwfv,"Nov 2, 2021, 07:31 PM",Karthik M,karthik.mudaliar@gmail.com,Pallavi Mudaliar,,Bengaluru,Sangam Sweets,2,$16.15,,dispatched,THE KING'S CHOICE (Qty: 1); FESTIVE FLAVOURS (Qty: 1)
9ePBIIT9jsaJygPvZEgw,"Nov 2, 2021, 07:02 PM",Umang Patel,umangpatel17@yahoo.co.in,Urvi patel,,Ahmedabad,Jayhind Sweets,4,$10.99,,dispatched,Kesar Peda (Qty: 1); Special Kaju Mixed Mithai (Qty: 1); Date Excellence (Qty: 1); Gulab Jamun Tin (8 Pcs) (Qty: 1)
AlUh70Jx6qsa63mi1mPz,"Nov 2, 2021, 12:53 PM",Anu gowri,anugowri4@gmail.com,Gowri Nagarajan ,,Chennai,Sri krishna sweets,2,$16.53,,dispatched,Butter Murukku 250g (Qty: 2); Kaju Kathli (Qty: 2)
N0P42I0wXh85GElfrYi4,"Nov 2, 2021, 04:42 AM",Archana Durai,archanadurai@gmail.com,Umadevi,,Mysuru,Bombay Tiffanys Annexe,7,$9.51,,dispatched,Chandrakala  (Qty: 1); Kaju Burfi  (Qty: 1); Kaju Diamond Cake  (Qty: 1); Dry Fruit Anjeer Burfi  (Qty: 1); Badam Halwa  (Qty: 1); Milk Cake  (Qty: 1); Dry Fruit Burfi  (Qty: 1)
TQhg9XkRF72XXH6UHXBK,"Nov 1, 2021, 09:08 PM",Vishali Tirumala,vtirumala29@gmail.com,Leela Reddy,,Hyderabad,PALAHARAM BY ARUNA SWAGRUHA FOODS,4,$15.72,,pending,Soan Papdi (Qty: 1); Bhakshalu ( Jaggery & Pappu )  (Qty: 1); Mixture / Kaju (Qty: 1); Boondi (Qty: 1)
fatxpDRe8jt5G33aXQ88,"Nov 1, 2021, 08:30 PM",Rakhi Modi,rakhi.modi@gmail.com,Renu Kabra,,Chennai,Ganga Sweets,2,$11.04,,dispatched,Diwali Gift Box 2               (Qty: 1); Diwali Gift Box 3               (Qty: 1)
2vzhvOpis2DhjFDUipbV,"Nov 1, 2021, 01:19 AM",dacha sairamya,dachasairamya@gmail.com,Padmaja Dacha,,Hyderabad,Agra Sweets Banjara,2,$25.66,,pending,Sugar Free Anjeer Katli. (Qty: 1); Sugar Free Atta Gond Laddu. (Qty: 1)
rCxyEfBQGauQDwc4cef1,"Oct 31, 2021, 01:01 PM",Sujatha Sarma,sujathasarma@sbcglobal.net,Seayam Prabha,,Hyderabad,Vellanki Foods,3,$8.95,,dispatched,Madatha Kaja (Small) (Qty: 1); Thokkudu Laddu (Qty: 1); Bombay Halwa (Qty: 1)
3gWU6374OA2c6MgUdhbw,"Oct 31, 2021, 12:44 PM",Sujatha Sarma,sujathasarma@sbcglobal.net,Aruna sarma,,Hyderabad,Vellanki Foods,3,$9.44,,dispatched,Madatha Kaja (Small) (Qty: 1); Thokkudu Laddu (Qty: 1); Ajmeer Kalakand (Qty: 1)
wSLVA2JiftIdCeLVrzG3,"Oct 31, 2021, 11:33 AM",Tilak Dhall,tilakdhall@gmail.com,Ramesh Katyal,,New Delhi,Bangla Sweet House,1,$5.61,,pending,Kesar Malai Chaap (1 Kg) (Qty: 1)
998WjahVj7BiLf0Nzcnl,"Oct 30, 2021, 10:05 PM",Sushama Shroff,sushama.shroff@gmail.com,Radhika Shroff,,Pune,Wadeshwar(FC Road),4,$4.12,,dispatched,Steamed Idli (Qty: 1); Onion Uttapam (Qty: 1); Set Dosa (Qty: 1); Pineapple Shira (Qty: 1)
B8wjsOsz0BbcBKl2UMaV,"Oct 30, 2021, 08:46 PM",Satyabrata Majumder,majumder.satyabrata@gmail.com,Deba,,Miyapur,KARIM'S-The original from jamamasiid delhi-6,5,$46.26,,dispatched,Reshmi Seekh Kebab 4 pcs (Chicken) (Qty: 2); Shahjahani Kebab 4 Pcs (Mutton) (Qty: 2); Murgh Musallam (Qty: 1); Gosht Biryani (Mutton) (Qty: 2); Baqarkhani (Sheer Mall) (Qty: 3)
bxKdDoJ9g2sTFNLVUAai,"Oct 30, 2021, 06:26 AM",Satyabrata Majumder,majumder.satyabrata@gmail.com,Prabir Mukherjee,,Kolkata,Hindustan sweets,5,$5.46,,dispatched,Benarasi Rabri Kalsi (100 Gms) X 2 (Qty: 2); Samosa (4 Pcs) (Qty: 1); Baked Rasagulla (4 Pcs) (Qty: 1); Baked Butterscotch Sandesh [4pcs] (Qty: 1); Mango Kaachagolla                                    [4pcs] (Qty: 1)
gKgJjIYLNhat4H12nKpD,"Oct 29, 2021, 08:02 PM",Ratna Kalluri,ratna_kalluri@yahoo.com,K R Bulusu,,Hyderabad,Bikanervala,4,$12.39,,dispatched,Cham Cham 14pc 1 Kg (Qty: 1); Kesar Rasbari 24pc 1 Kg (Qty: 1); Kaju Mixture Jar 200g (Qty: 4); Agra Sev Jar 200g  (Qty: 3)
vy4eGKjnN8IIREBvazBs,"Oct 29, 2021, 07:56 PM",MEETA SRIVASTAVA,meetasidd@gmail.com,Shri Kapil Kumar,,Vadodara,Mishri Sweets,7,$5.38,,dispatched,Chandrakala [per Piece] (Qty: 2); Dil Bahar [per Piece] (Qty: 2); Malai Chaap [per Piece] (Qty: 2); Pakiza [per Piece] (Qty: 2); Jamun Cutlet [per Piece] (Qty: 2); Dry Fruit Mix [200 Gm] (Qty: 1); Lasan Mix Chavanu [200 Gm] (Qty: 1)
rJqMo5anWVTLAI9rBGSg,"Oct 29, 2021, 05:41 PM",Prasanna Vinjamuri,pvinjamuri+104@gmail.com,test,,Secunderabad,Millet Express,1,$0.65,,pending,Idli (3 Piece) (Qty: 1)
fFFAzOFGRyjlWpSq8ODV,"Oct 28, 2021, 11:40 PM",Pallavi Manohar,manohar.pallavi@gmail.com,Rathika ,,Chennai,Sangeetha Veg Restaurant,1,$10.10,,dispatched,Tamilnadu Meals (Qty: 3)
ROj68TKbYE1vMb5Te20J,"Oct 27, 2021, 08:27 PM",Amu,ammusubri@yahoo.com,Malathi,,Bengaluru,Udupi krishna grand,1,$3.18,,cancelled,South Indian Meals (Qty: 3)
kKmnwyar4jc4klYw9r7C,"Oct 27, 2021, 04:01 PM",Jayraj Ravichandran,jayraj.ravichandran@freshworks.com,Ilavarasi ,,Chennai,Shree Mithai,1,$10.59,,cancelled,Kesar Badam Milk  (Qty: 10)
uef2T8ICDJdKFY6PV0hZ,"Oct 27, 2021, 03:59 PM",Karthik M,karthik.mudaliar@gmail.com,Pallavi Mudaliar,,Bengaluru,Madurai Idly Shop,5,$11.45,,dispatched,Ghee Masala Dosa (Qty: 3); Coffee (Qty: 3); Vada (1 Pc) (Qty: 3); Idli (2 Pcs) (Qty: 3); Tirunelveli Halwa [ 250 Gms ] (Qty: 1)
YX573orhzDd7EsDLZcqc,"Oct 23, 2021, 11:02 PM",Sushama Shroff,sushama.shroff@gmail.com,Radhika Shroff,,Pune,Wadeshwar(FC Road),3,$2.88,,dispatched,Steamed Idli (Qty: 1); Plain Dosa (Qty: 1); Onion Uttapam (Qty: 1)
0Uhb2u3EHAdN31VcMbGb,"Oct 23, 2021, 08:50 PM",Pallavi Manohar,manohar.pallavi@gmail.com,Rathika ,,Chennai,Hamsa,2,$12.59,,dispatched,Gobi Dum Musallam (Qty: 1); Subz Dum Biryani (Qty: 1)
6eOT9i5GQJFWzP2KZewb,"Oct 23, 2021, 06:38 PM",Amu,ammusubri@yahoo.com,Malathi,,Bengaluru,Kolkatta Famous Kati Roll,2,$11.72,,pending,Paneer Roll (Qty: 6); Double Chicken Roll (Qty: 6)
SBpL0xvXprhcXtL9ZMAk,"Oct 20, 2021, 11:55 PM",Pallavi Manohar,manohar.pallavi@gmail.com,Rathika L,,Chennai,Mathsya - ( T Nagar) ,2,$5.59,,dispatched,Penne Pesto A La Creame (Qty: 1); Roasted Pumpkin Peanut Soup (Qty: 1)
qBdxg4Fm3SMwXSvgLXSo,"Oct 16, 2021, 08:51 PM",Sushama Shroff,sushama.shroff@gmail.com,Radhika Shroff,,Pune,Shivsagar Pure Veg,6,$8.42,,dispatched,Stuffed Paratha (Qty: 1); Pudina Paratha (Qty: 2); Paneer Paratha (Qty: 1); Sweet Corn Spinach Soup (Qty: 1); Jain Pav Bhaji (Qty: 1); Navarathan KUrma (Qty: 1)
zWjx2ccniBEjUWUlMvXx,"Oct 16, 2021, 07:00 PM",kamal gajendran,kamalg@gmail.com,Gajendran,,Chennai,Sangeetha Veg Restaurant,6,$6.43,,dispatched,Pongal (Qty: 1); Grape Juice (Qty: 1); Sweet Lime Juice (Qty: 1); Rava Kesari (Qty: 1); Idly Sambar With (2pcs) (Qty: 1); Onion Uthappam (Qty: 1)
dtMGOa8AHEtg09oaUdwY,"Oct 16, 2021, 06:52 PM",Priyanka Moodlyar,priyanka.kamalg@gmail.com,Ravi Moodlyar,,Pune,Chai Point,3,$7.73,,dispatched,Monster Munch (Qty: 1); Barish wala combo (Qty: 1); Treat for 2 combo (Qty: 1)
nb3nNPBKLre0dTxA4FCI,"Oct 14, 2021, 09:34 PM",Nivy M,niveditameethan@gmail.com,Meena Achuthan,,Chennai,The Grand Sweets and Snacks - Amirtham Restaurant,3,$96.29,,dispatched,Butter Murukku (250 gms) (Qty: 15); Assorted Sweets  (  250 Grams ) (Qty: 18); 250 Grams  Ghee Assorted Sweets  (Qty: 18)
Yl6CJFx6utSSFSKjlZUI,"Oct 11, 2021, 07:58 AM",Vignesh iyer,nesh.m89@gmail.com,Kamala ,,Chennai,Hotel Saravana Bhavan,3,$3.57,,dispatched,Appam (2) (Qty: 1); Spl Masala Dosai (Qty: 1); Curd Vadai Two pcs (Qty: 1)
ODhLkEwjozzGtnaNFIJT,"Oct 11, 2021, 06:35 AM",Arvind Naidu,arvind.raj.naidu@gmail.com,Vendan,,Chennai,CAKE FEAST,1,$5.30,,dispatched,Egg Black Forest (Qty: 1)
SrUfuYfPKiivYEqVGGXQ,"Oct 10, 2021, 07:49 PM",Prasanna V,pvinjamuri+52@gmail.com,Apparao Vinjamuri,,Secunderabad,Nrs Hotel Sanman,1,$0.95,,dispatched,1 Idli 2 Vada (rasam) (Qty: 1)
dXhQtBvx0P6iB2s7fqU1,"Oct 10, 2021, 12:14 AM",Sushama Shroff,sushama.shroff@gmail.com,Radhika Shroff,,Pune,Wadeshwar(FC Road),3,$3.47,,dispatched,Steamed Idli (Qty: 1); Thalipith (Qty: 1); Special Onion Tomato Uttapam (With Butter) (Qty: 1)
exuPRFH89ADx76Itcqld,"Oct 9, 2021, 03:45 PM",Deepa Kamath,kamat.deepa@gmail.com,K VIJAYA KAMATH,,Bengaluru,SRI KRISHNA SAGAR,4,$10.83,,dispatched,Idly Vada (Qty: 4); Kresri Bath (Qty: 4); Rava Onion Dosa (Qty: 4); Butter Masala Dosa (Qty: 4)
uPirQdEbgghzcYZV3W98,"Oct 7, 2021, 07:34 AM",John Alphonse,johnalp@outlook.com,Gemma Alphonse,,Chennai,Cake Waves,1,$12.48,,dispatched,Mango Cake (Qty: 1)
QnjeiT7HnrHLeokYEWaA,"Sep 28, 2021, 06:49 PM",Joan Chandran,19archana@gmail.com,Hubert Chandran ,,Chennai,Hotel Raaj Bhaavan,5,$7.77,,dispatched,Sambar Idli (Qty: 2); Vada (Qty: 2); Sambar Vadai (2 Pcs) (Qty: 2); Onion Uttapam (Qty: 1); Idiyappam  (Qty: 2)
blLYYfCSgTzQFUxzKcVZ,"Sep 27, 2021, 06:32 PM",Deepa Kamath,kamat.deepa@gmail.com,K V KAMATH,,Bengaluru,Cake Eggless,1,$12.71,,dispatched,Butterscotch Cake (Eggless) (Qty: 1)
FDm2xwJt9aKIDUoDNWiy,"Sep 26, 2021, 12:30 AM",Bee Vem,bvemuru@yahoo.com,Shriya,,Agartala,Cake plaza,2,$8.24,,dispatched,Black Forest ( 500 Gm ) (Qty: 1); Margarita Pizza - Regular (Qty: 1)
XAGKW3Y7m3B24u1vM2dR,"Sep 24, 2021, 09:54 PM",Vikram Kalidindi,vikram.kalidindi@gmail.com,Aditi Murthy,,Kolkata,Baskin Robbins,2,$7.98,,dispatched,Fresh Pink Guava Ice cream (Qty: 1); Hazelnut Rocher Ice cream (Qty: 1)
mo5SIYTVRs3G1vYfqsUm,"Sep 24, 2021, 09:49 PM",Vikram Kalidindi,vikram.kalidindi@gmail.com,Aditi Murthy,,Kolkata,Sharma Dhaba,11,$25.53,,dispatched,Chana Masala (Qty: 1); Palak Paneer (Qty: 1); Tarka Fry (Qty: 1); Basmati Rice (Qty: 1); Butter Naan (Qty: 2); Cheese Garlic Naan (Qty: 2); Bundi Raita (Qty: 1); Mutton Masala Boneless  (Qty: 1); Non Veg Platter (Qty: 1); Paneer Malai Kebab (Qty: 1); Gulab Jamun (2 Pcs) (Qty: 3)
kbM65FQc79stjvVBRQqz,"Sep 14, 2021, 07:36 AM",tej desai,tejdesai1234@gmail.com,Taksh,,Ahmedabad,Santushti - Shakes & More,5,$7.53,,dispatched,Oreo Cookies Thick Shake (Qty: 1); Oreo Kick Milkshake (Qty: 1); Kaju Anjeer Thick Shake (Qty: 1); Santushti Special Falooda (Qty: 1); Chilling Chocolate (Qty: 1)
ajmhd51SCvtArbIbfnYq,"Sep 10, 2021, 11:26 AM",Rachna Naidu,rachnanaidu@yahoo.com,Asha,,Chennai,The Cake Centre,5,$14.48,,pending,Red Velvet Cheese  (Qty: 1); Green Pista Ice Cream (100 gms) (Qty: 1); Mango Ice Cream (100 gms) (Qty: 1); Afghan Dry Fruit Ice Cream (100 gms) (Qty: 2); Roasted Almond Ice Cream (100 gms) (Qty: 2)
R1IVxnQ8WCBC4zRB2PRc,"Sep 6, 2021, 09:27 PM",Vikram Kalidindi,vikram.kalidindi@gmail.com,Praveena Kalidindi,,Bengaluru,SMOOR,1,$10.65,,dispatched,Royal Black Forest Cake Half Kg (Qty: 1)
jqgp7FWTP8J1pTiGExkm,"Sep 4, 2021, 07:22 AM",tej desai,tejdesai1234@gmail.com,Taksh,,Ahmedabad,Honest,5,$10.00,,dispatched,Special Pulao300gm (Qty: 1); Cheese Chutney Sandwich (Qty: 1); Special Pav Bhaji (Qty: 1); Extra Pav- Double (Qty: 4); Veg Manchurian Dry (350 Gm) (Qty: 2)
O65BiM4mqtyVL0pqejJj,"Aug 27, 2021, 11:01 PM",Tejas Varma,gtejasvarma@gmail.com,Divya Gadiraju,,Hyderabad,Paradise Biryani,8,$38.32,,dispatched,Apollo Fish (Qty: 1); Tandoori Chicken Masala (Qty: 1); Kadai Paneer (Qty: 1); Chilli Paneer (Qty: 1); Double Ka Meetha (Qty: 1); Khubani Ka Meetha (Qty: 1); Veg Biryani Family Pack (Serves 3-4) (Qty: 1); Chicken Triple Delight With Kalmi Kebab(Serves 2-3) (Qty: 1)
ydprw5oVZerNPdPtqYbZ,"Aug 27, 2021, 10:25 PM",N M,niveditameethan@gmail.com,Meena Achuthan,,Chennai,Sri Krishna Sweets,7,$24.02,,dispatched,Sukkumalli Coffee Powder 500 Gm With Palm Candy (Qty: 1); Amla Candy 150 Gm (Qty: 2); Nendram Chips 250g (Qty: 2); Classic Thattai 250g (Qty: 2); Butter Murukku 250g (Qty: 2); Cashew Spl (Qty: 2); Mysurpa 500g (Qty: 1)
xicQsXqgmSwXqwHRaG1T,"Aug 27, 2021, 10:19 PM",N M,niveditameethan@gmail.com,Navya Vipin,,Navsari,Mom's Momo ,3,$6.54,,dispatched,Paneer Steam Momos (6pcs) (Qty: 1); Chicken Tandoori Angara Momos (6pcs) (Qty: 1); Cheese Bomb Gravy Momos (6pcs) (Qty: 1)
4BGZOAob5eJH5b32Tcwx,"Aug 27, 2021, 09:55 PM",tej desai,tejdesai1234@gmail.com,Taksh,,Ahmedabad,Karnavati Dabeli,2,$2.59,,dispatched,Dabeli (Qty: 4); Butter Fry Vada Pav (Qty: 2)
RtU2r9PNjJPtVB2FubCo,"Aug 27, 2021, 09:54 PM",tej desai,tejdesai1234@gmail.com,Taksh,,Ahmedabad,The Waffle Co,2,$5.97,,dispatched,Nutella Classic Waffle (Qty: 2); Brownie Classic Waffle  (Qty: 1)
3ADeVLMi7JyeQYOcz0Tl,"Aug 27, 2021, 09:43 PM",Arvind Naidu,arvind.raj.naidu@gmail.com,Santhosh,,Chennai,Behrouz Biryani,1,$17.51,,pending,Dum Gosht [Mutton Biryani - Boneless - Serves 4-5] (Qty: 1)
iTEXuimKXEY4X3We15o4,"Aug 27, 2021, 08:01 PM",Ramkumar Vaidyanathan Sri,v.s.ramkumar@gmail.com,Sundaram,,Chennai,Murugan Idli Shop,3,$4.77,,dispatched,Ghee Onion Uttapam (Qty: 1); Ghee Pongal (Qty: 1); Mini Podi Idli-1plate (Qty: 1)
1oEqyK2QGQZ08jkJXUpF,"Aug 27, 2021, 07:30 PM",Baranidharan Thiruvengadam,btbrad1979@gmail.com,Prema,,Chennai,A2B Veg,1,$3.53,,dispatched,MINI TIFFIN COMBO (Qty: 2)
KhozhNmfq43mmH9wazBc,"Aug 27, 2021, 05:43 PM",Ramkumar Vaidyanathan Sri,v.s.ramkumar@gmail.com,Sundaram,,Chennai,Murugan Idli Shop,3,$4.21,,dispatched,Sweet Pongal (Qty: 1); Poori (2 No + Masala) (Qty: 1); Ghee Podi Idli ( 2 Pcs )  (Qty: 2)
QkYS9RtgpvHLRLwjk9p6,"Aug 26, 2021, 09:11 AM",Arvind Naidu,arvind.raj.naidu@gmail.com,Arunkumar S,,Chennai,SREE AKSHAYAM SWEETS N BAKERS,4,$4.35,,dispatched,Belgian Mousse (Qty: 1); Black Forest (pc) (Qty: 1); Pineapple (pc) (Qty: 1); Choco Caramel (pc) (Qty: 1)
2tyCMAcUFeEYHvHDMPM2,"Aug 25, 2021, 07:00 PM",Namita Madhira,namitamadhira81@gmail.com,Sangeeta Madhira,,Chennai,A2B Veg,4,$3.94,,dispatched,GHEE PONGAL (Qty: 1); RAVA KESARI (Qty: 1); IDLY [2 Nos] (Qty: 1); MASALA DOSAI (Qty: 1)
DfuMIwn097exWhLryb6y,"Aug 25, 2021, 07:58 AM",Vikram Kalidindi,vikram.kalidindi@gmail.com,Aditi Murthy,,Kolkata,Little pleasures,5,$7.06,,dispatched,Profiterole (Qty: 1); Mud Pie Pastry (Qty: 1); Molten Brownie Pie (Qty: 1); Chocolate Raspberry Mousse (Qty: 1); Gondhoraj Lemon Teacake By The Slice (Qty: 1)
3fHUU9cIlzItY8suzEwE,"Aug 25, 2021, 05:48 AM",Baranidharan Thiruvengadam,btbrad1979@gmail.com,Prema,,Chennai,A2B Veg,2,$3.24,,dispatched,ONION RAVA DOSAI (Qty: 1); MINI TIFFIN COMBO (Qty: 1)
X5juIRvdZgTOgekjMF13,"Aug 24, 2021, 08:49 PM",Baranidharan Thiruvengadam,btbrad1979@gmail.com,Prema,,Chennai,A2B Veg,3,$2.18,,dispatched,GHEE PONGAL (Qty: 1); IDLY [2 Nos] (Qty: 1); MEDHU VADAI (Qty: 1)
ZdZuICgLwTvN4sbZCXNx,"Aug 22, 2021, 09:26 AM",Bee Vem,bvemuru@yahoo.com,Kausthubh,,Hyderabad,Karachi Bakery,4,$3.30,,dispatched,Pineapple (1 Pc) (Qty: 1); Black Forest (1 Pc) (Qty: 1); Butterscotch (1 Pc) (Qty: 1); Chocolate Brownie (1 Pc) (Qty: 1)
dXIQV8FRHa2vJsIEjOHt,"Aug 22, 2021, 09:20 AM",Bee Vem,bvemuru@yahoo.com,Babi,,Secunderabad,Dadu's Mithai Vatika,1,$4.41,,dispatched,KAJU KATLI 250GMS (Qty: 1)
DACnJ6loSq5ahlEmJ5K9,"Aug 21, 2021, 07:28 PM",Rachna Naidu,rachnanaidu@yahoo.com,Urvi Patel,,Ahmedabad,Jayhind Sweets,2,$3.94,,dispatched,Date Excellence (Qty: 1); Tamtam (Qty: 1)
n0xg2NAPZCdMS9ypMaOs,"Aug 21, 2021, 04:33 PM",Rama Gurunandan,ramagurunandan82@gmail.com,Sushil Kumar,,Bengaluru,Holige Mane,3,$4.65,,dispatched,Badami Holige (Qty: 5); CHAKLI 200 GRAM (Qty: 2); KODUBALE 200 GRAM (Qty: 2)
UCNPBhcrL1Mk7RDjh35n,"Aug 21, 2021, 08:57 AM",Mehul Patel,mehul.patel@alumni.stanford.edu,Dr. Gayatri Contractor,,Nadiad,Yummy Time,3,$4.68,,cancelled,Strawberry Thick Shake     (Qty: 1); Oreo Thick Shake     (Qty: 1); Mango Lassi     (Qty: 1)
W061EHEE64zZJJpQBONv,"Aug 20, 2021, 05:37 PM",Mehul Patel,mehulpatel@alumni.stanford.edu,Shraddha Pranavkumar Patel,,Nadiad,Shree Satyanarayan Ice Cream,2,$5.94,,dispatched,Mexican Khazana (Qty: 1); Traffic Jam (Qty: 1)
EtA8UJ8K0zQN1bHSI9bq,"Aug 20, 2021, 05:27 PM",Mehul Patel,mehulpatel@alumni.stanford.edu,Dr. Gayatri Contractor,,Nadiad,Shree Satyanarayan Ice Cream,2,$5.94,,cancelled,Mexican Khazana (Qty: 1); Rajbhog (Qty: 1)
EDajMw1cLsgAjenIGqqQ,"Aug 20, 2021, 03:48 PM",Suman Sabbani,suman_sabbani@yahoo.com,Surekha Sabbani,,Hyderabad,Shree Krishna Sweets,4,$8.42,,dispatched,Gulab Jamun (Per Kg) (Qty: 1); Chikodi (Qty: 1); Bellam Dry Fruit Pootharekulu (5 Pcs) (Qty: 1); Banana Chips  (Qty: 1)
7gKI7TJubEvTL9I2XJZS,"Aug 18, 2021, 11:02 PM",Prasanna Vinjamuri,pvinjamuri@gmail.com,Ravi,,Hyderabad,CakeZone,1,$5.64,,dispatched,Black Forest Cake (Qty: 1)
ocU78vNnqJFycqq7GGyS,"Aug 18, 2021, 10:18 PM",Tejas Varma,gtejasvarma@gmail.com,Divya Gadiraju,,Hyderabad,Wow Bawarchi,3,$18.55,,dispatched,Vegetable Biryani (Qty: 1); Chilli Paneer (Qty: 2); Mixed Vegetable Curry (Qty: 2)
qpFNp8uQ6YqvhedWXKGc,"Aug 18, 2021, 07:30 PM",Sathya prakash,sathyaeng1234@gmail.com,Santhanam,,Chennai,A2B Veg,1,$3.53,,dispatched,MINI TIFFIN COMBO (Qty: 2)
8Lb4H8JtTogeTD3rKNpd,"Aug 18, 2021, 07:23 PM",Arvind Naidu,arvind.raj.naidu@gmail.com,M. Gopinath ,,Chennai,Guest Hotel,3,$3.39,,dispatched,Vada (1 Nos)  (Qty: 2); Ghee Pongal     (Qty: 2); Poori Potato   (Qty: 2)
7cxDGJOpD3uP3M9Onha0,"Aug 17, 2021, 06:58 PM",Prasanna Vinjamuri,pvinjamuri@gmail.com,Apparao Vinjamuri ,,Secunderabad,Almond House,1,$3.99,,dispatched,Masala Kaju (Qty: 1)
hox4yc3GT4m6R67PEOjX,"Aug 17, 2021, 06:44 PM",Arvind Naidu,arvind.raj.naidu@gmail.com,Felix,,Chennai,Nithya Amirtham,1,$2.94,,dispatched,Breakfast Combo (Qty: 2)
GN9tkmOU89UuvbHD2IPS,"Aug 17, 2021, 06:42 PM",Arvind Naidu,arvind.raj.naidu@gmail.com,Doms,,Chennai,Ratna Cafe (Estd.1948),2,$2.18,,dispatched,Medu Vadai (Qty: 2); Ghee Mini Idli (14 Pcs) (Qty: 1)
b65AXgRNzqTYOUOHEkY6,"Aug 15, 2021, 03:18 PM",Pras Test2,pvinjamuri+2@gmail.com,KV,,Thiruvananthapuram,Zam Zam Dosa Hut,1,$1.94,,cancelled,Egg Fried Rice (Qty: 1)
B5hDocEQ5fzZzE8oaDdo,"Aug 15, 2021, 02:44 PM",Prasanna Vinjamuri,pvinjamuri@gmail.com,Vijay Vemuri,,Secunderabad,Maharaja Dosa,1,$0.53,,cancelled,Plain Dosa (Qty: 1)
W0ChNGKyx89OdQTvPjj7,"Aug 15, 2021, 01:15 PM",Prasanna Vinjamuri,pvinjamuri@gmail.com,Vijay Vemuri,,Secunderabad,Maharaja Dosa,1,$0.53,,cancelled,Plain Dosa (Qty: 1)
FQDfBdcwRzjivTK93YdW,"Aug 13, 2021, 09:01 PM",N M,niveditameethan@gmail.com,Meena Achuthan,,Chennai,Sangeetha Veg Restaurant,5,$6.76,,dispatched,Mini Tiffin (Qty: 1); Rava Kesari (Qty: 1); Onion Uthappam (Qty: 1); Ghee Onion Rava Masala Dosai (Qty: 1); Poori With Side Dish (Qty: 1)
9jsQcPzAPBtuoqGDt4Ch,"Aug 12, 2021, 07:14 PM",Arvind Naidu,arvind.raj.naidu@gmail.com,Ravichandran,,Chennai,FB Cakes,1,$5.06,,dispatched,Black Forest 1/2 KG (Qty: 1)
hqqPz5ctXGMBHKYPGGab,"Aug 11, 2021, 11:10 PM",Arvind Naidu,arvind.raj.naidu@gmail.com,Anjiah,,Chennai,Shri Balaajee Bhavan,1,$1.98,,pending,Curd Vada (Qty: 2)
nbfSNFFbGwsNs050JAH8,"Aug 11, 2021, 06:34 PM",Prasanna Vinjamuri,pvinjamuri@gmail.com,Vijay Vemuri,,Secunderabad,Sri Raghavendra Vegetarian Restaurant,1,$3.52,,dispatched,Breakfast Combo (Qty: 1)
Iaf7sIwmQittJ0Utidwa,"Aug 11, 2021, 01:14 PM",Arvind Naidu,arvind.raj.naidu@gmail.com,Doms,,Chennai,"Shero Home - Sambar ,Poriyal & Rasam",1,$1.88,,pending,Ginger Rasam (Qty: 2)
Lr4CLhWj666Al4qvua6y,"Aug 11, 2021, 01:08 PM",Arvind Naidu,arvind.raj.naidu@gmail.com,Anjiah,,Chennai,Shero Home Sambar Poriyal and Rasam,1,$0.94,,pending,Ginger Rasam (Qty: 1)
9bB2dW55wYd4o7E8EEyZ,"Aug 11, 2021, 01:00 PM",Arvind Naidu,arvind.raj.naidu@gmail.com,Arunkumar S,,Chennai,"Shero Home - Sambar, Poriyal & Rasam",1,$1.77,,pending,Kathirikai Puli Kozhambu (Qty: 1)
IOmF2UEORmtW4snlmSiU,"Aug 11, 2021, 12:55 PM",Arvind Naidu,arvind.raj.naidu@gmail.com,Venkateswara Sarma ,,Bengaluru,Vaigai Vilas,1,$0.71,,pending,Boiled Egg (2 Pcs) (Qty: 2)
EEqXUKTtv2coftt6HUnx,"Aug 11, 2021, 12:53 PM",Arvind Naidu,arvind.raj.naidu@gmail.com,Felix,,Chennai,Deen Biryani,1,$1.18,,pending,Plain Biryani (Kushka) (Qty: 1)
kGCSO2qSEIjkLxazE9MR,"Aug 11, 2021, 12:51 PM",Arvind Naidu,arvind.raj.naidu@gmail.com,Ravichandran,,Chennai,Salem RR Biryani Unavagam,1,$3.00,,pending,Chicken Biryani (Qty: 1)
oiUK9keXGhy5qh7F0NSp,"Aug 11, 2021, 12:30 PM",Arvind Naidu,arvind.raj.naidu@gmail.com,Venkateswara Sarma ,,Bengaluru,Itminaan Biryani - Dum Pukht,1,$4.11,,pending,Classical Murgh [Boneless] Dum-Pukht Biryani [in Matka] (Qty: 1)
ich3Q9AvenyC35sjA6MV,"Aug 10, 2021, 06:46 PM",Prasanna Vinjamuri,pvinjamuri@gmail.com,Vijay,,Secunderabad,Hari Dosa,1,$0.65,,cancelled,Masala Dosa (Served with chutney) (Qty: 1)
uzdyxZBUBzJmZVWF2Pyh,"Aug 10, 2021, 06:40 PM",Prasanna Vinjamuri,pvinjamuri@gmail.com,Apparao Vinjamuri ,,Secunderabad,MADHUSUDHANREDDY HOTEL,1,$0.81,,pending,Rava Onion Dosa (Qty: 1)
EIBA1nZAAwxmvw71YgUm,"Aug 10, 2021, 05:57 PM",Arvind Naidu,arvind.raj.naidu@gmail.com,Arunkumar S,,Chennai,TRULY SOUTH PURE VEG,1,$1.18,,pending,Tomato Uttappam (Qty: 1)
mCOaT13XH0wSmMegooRz,"Aug 10, 2021, 05:52 PM",Arvind Naidu,arvind.raj.naidu@gmail.com,Ravichandran,,Chennai,Guest Hotel,1,$0.85,,pending,Idli (2 Nos)  (Qty: 2)
bpDmUJpYX23S8ZabQUVU,"Aug 10, 2021, 05:34 PM",Arvind Naidu,arvind.raj.naidu@gmail.com,Ravichandran,,Chennai,Sangeetha Veg Restaurant,1,$1.32,,pending,Bhel Puri  (Qty: 2)
MYxnaVSPUxIQzRCKeqyC,"Aug 10, 2021, 05:26 PM",Arvind Naidu,arvind.raj.naidu@gmail.com,Anjiah,,Chennai,Yaa Mohaideen Biryani,1,$2.72,,pending,Gobi Manchurian (Qty: 1)
5jByyoZJKdK2VrPh8Kgc,"Aug 8, 2021, 10:23 AM",Arvind Naidu,arvind.raj.naidu@gmail.com,Felix,,Chennai,Sri Madhavan Mess,2,$0.84,,pending,Idli (Qty 1) (Qty: 2); Vada  (Qty: 2)
H7Zgee2hDL5EYUQxsAhy,"Aug 8, 2021, 03:23 AM",Arvind Naidu,arvind.raj.naidu@gmail.com,Anjiah,,Chennai,Courtallam Border Rahmath Kadai,1,$1.75,,pending,Onion Dosa (Qty: 1)
QRmQcDnmFssuwyDHt3ga,"Aug 8, 2021, 02:07 AM",Arvind Naidu,arvind.raj.naidu@gmail.com,Anjiah,,Chennai,Sanabel Briyani Point,1,$1.85,,pending,Plain Biryani (Qty: 1)
1sa9sZvsfpDPfVu2jMWu,"Aug 8, 2021, 01:35 AM",Arvind Naidu,arvind.raj.naidu@gmail.com,Anjiah,,Chennai,Anjappar,1,$1.77,,pending,Veg Kothu Parotta (Qty: 1)
2svujkYho58A5N0mINDP,"Aug 8, 2021, 01:33 AM",Arvind Naidu,arvind.raj.naidu@gmail.com,Anjiah,,Chennai,Armaani Biryani,1,$3.24,,pending,Malai Tikka (Qty: 1)
cJXKWJOcP0T14w7zIYWS,"Aug 8, 2021, 12:57 AM",Arvind Naidu,arvind.raj.naidu@gmail.com,Anjiah,,Chennai,Zaitoon,1,$5.98,,pending,Tawa Fish Fry (Qty: 1)
XbFNKpPnABvj3EqCXoSd,"Aug 8, 2021, 12:08 AM",Rachna Naidu,rachnanaidu@yahoo.com,Urvi Patel,,Ahmedabad,Starbucks Coffee,2,$6.36,,dispatched,Vanilla Cream Frappuccino (Qty: 1); Roasted & Salted Almonds (50 Gms ) (Qty: 1)
OGQ2KOkr8QbEwMp4y9mb,"Aug 7, 2021, 11:11 PM",Arvind Naidu,arvind.raj.naidu@gmail.com,Anjiah,,Chennai,Courtallam Border Rahmath Kadai,1,$3.12,,dispatched,Ghee Dosa (Qty: 2)
Ah4sjd0Rq1nLteVHwjh1,"Aug 7, 2021, 10:51 AM",Madhava Rayaprolu,renumadhavr@yahoo.com,Tejaswi,,Hyderabad,Agra Sweets Banjara,3,$6.40,,dispatched,Phally Chakkalu (Qty: 1); Cream Kala Jamoon (Qty: 1); Banana Chips Red Chilly (Qty: 1)
A4I0K2GEIDSmSdwsHsKf,"Aug 7, 2021, 07:00 AM",Onkar Singh,onky4u@gmail.com,Rashpal Singh ,,Kalyanpur,Pizza Hut,2,$13.46,,pending,Malai Chicken Tikka (Qty: 1); Corn & Cheese (Qty: 1)
jk2jvx1O5rCza9JGt2lD,"Aug 7, 2021, 04:36 AM",Surya K,surya.sky@gmail.com,Obulesu Kuraku ,,Hyderabad,Paradise Biryani,1,$6.11,,dispatched,Nizami Mutton Biryani (Serves 1-2) (Qty: 1)
DDpRmMF7m5RbPZEGDTiN,"Aug 5, 2021, 07:15 PM",Sudharshan Natarajan,sudharshan.nn@gmail.com,Samundeeswari,,Chennai,Hotel Saravana Bhavan,2,$2.85,,dispatched,Ghee Pongal (Qty: 1); Ghee 14 Mini Idly (Qty: 1)
gASLbntJ55s97KzbGfsf,"Aug 5, 2021, 06:19 PM",Arvind Naidu,arvind.raj.naidu@gmail.com,Anjiah,,Chennai,Sangeetha Veg Restaurant,2,$2.34,,dispatched,Pongal (Qty: 1); Idly (2 Pcs) (Qty: 2)
03I9K9Iw1HPvYqOIiR3q,"Aug 5, 2021, 10:25 AM",Arvind Naidu,arvind.raj.naidu@gmail.com,Anjiah,,Chennai,Sangeetha's Desi Mane,1,$0.74,,pending,Rava Kesari (Qty: 1)
yUYDdXB6G4IDmXR320td,"Aug 4, 2021, 12:01 AM",Arvind Naidu,arvind.raj.naidu@gmail.com,Anjiah,,Chennai,Erode Amman Mess,2,$11.13,,dispatched,Chicken Milagu Fry (Qty: 1); Mutton Biryani (Qty: 2)
uavRHZGbPDiczaTtNprO,"Jul 31, 2021, 09:09 PM",Prasanna Vinjamuri,pvinjamuri@gmail.com,Apparao Vinjamuri ,,Secunderabad,Nrs Hotel Sanman,1,$1.13,,pending,1 Idli 2 Vada (Qty: 1)
KYPdNixrSB0R0LXQdshE,"Jul 30, 2021, 08:08 PM",Kumar Krishnasami,kumar@desk365.io,Oviya G,,Varadharajapuram,RHR Hotels,3,$3.67,,dispatched,Vada (Qty: 2); Idly [2 Nos] (Qty: 1); Masal Roast (Qty: 2)
naUF50CVQTnYxnydOP6c,"Jul 28, 2021, 07:16 PM",Arvind Naidu,arvind.raj.naidu@gmail.com,Doms,,Chennai,Guest Hotel,2,$2.02,,dispatched,Sambar Idli (2 Nos)  (Qty: 2); Ghee Pongal     (Qty: 1)
LLKb4wZCo0Hztu1yBgE0,"Jul 27, 2021, 10:19 PM",Arvind Naidu,arvind.raj.naidu@gmail.com,Sarma,,Bengaluru,New Udupi Garden Veg,2,$2.67,,dispatched,Curd Vada  (Qty: 1); Masala Dosa  (Qty: 2)
HI3men2XnNBCI5FmKHKk,"Jul 27, 2021, 08:47 PM",Arvind Naidu,arvind.raj.naidu@gmail.com,Anjiah,,Chennai,Shri Balaajee Bhavan,2,$2.39,,pending,Curd Vada (Qty: 1); Idli (Qty: 2)
mdTzG113WkTVEbEnB041,"Jul 27, 2021, 08:37 PM",Arvind Naidu,arvind.raj.naidu@gmail.com,Anjiah,,Chennai,Shri Balaajee Bhavan,1,$1.78,,pending,Sambar Idli (Qty: 2)
4nBaLXxg6AZnsigAirCq,"Jul 27, 2021, 08:33 PM",Arvind Naidu,arvind.raj.naidu@gmail.com,Anjiah,,Chennai,Shri Balaajee Bhavan,1,$1.17,,pending,Curd Vada (Qty: 1)
GV9PMdTt6GHBTO7KIdd5,"Jul 27, 2021, 07:51 PM",Prasanna Vinjamuri,pvinjamuri@gmail.com,Apparao Vinjamuri ,,Secunderabad,Hotel Suprabhat,1,$1.60,,dispatched,Combo 3 (Qty: 1)
UZfKf83NXV00avxFP13m,"Jul 26, 2021, 10:02 PM",Arvind Naidu,arvind.raj.naidu@gmail.com,Vasanth,,Kasavanahalli,Kairali Restaurant,2,$4.17,,dispatched,Chicken Curry (Qty: 1); Fish Curry Mackerel (Qty: 1)
UgCb5QJAoIg5aoTqhIcO,"Jul 26, 2021, 08:19 PM",Arvind Naidu,arvind.raj.naidu@gmail.com,Kailash,,Chennai,Behrouz Biryani,1,$4.52,,pending,"Hyderabadi Lazeez Bhuna Murgh [Spicy Chicken Biryani, Boneless Serves 1] (Qty: 1)"
lSq0Q1c0a5Bj3aTsDxLY,"Jul 26, 2021, 07:50 PM",Arvind Naidu,arvind.raj.naidu@gmail.com,Kailash,,Chennai,Behrouz Biryani,1,$4.37,,pending,Murgh Malai Kebab (Chicken Malai Tikka Kebab 6 Pcs) (Qty: 1)
z0f6O78KXc1RpCT4le3b,"Jul 26, 2021, 07:26 PM",Arvind Naidu,arvind.raj.naidu@gmail.com,Kailash,,Chennai,,1,$1.64,,dispatched,Sambar Vadai (1 Pc) (Qty: 2)
CFR5yvxhgwiey3visXc2,"Jul 25, 2021, 10:55 PM",Arvind Naidu,arvind.raj.naidu@gmail.com,Rajan,,Chennai,,1,$3.46,,pending,Hyderabadi Chicken Biryani (Boneless) (Serves 1) (Qty: 1)
hTgmf2XdssROtkrDHDPT,"Jul 24, 2021, 09:21 AM",Arvind Naidu,arvind.raj.naidu@gmail.com,Karthick ,,Bengaluru,,1,$3.48,,pending,Paneer Butter Masala (Qty: 1)
crohlXLMa8GquqCAlyUy,"Jul 23, 2021, 05:42 PM",Arvind Naidu,arvind.raj.naidu@gmail.com,Anjiah,,Chennai,,1,$2.00,,pending,Special Dosa (Qty: 2)
ANMbu4PJMCerRMMxn5Mv,"Jul 23, 2021, 02:34 PM",Arvind Naidu,arvind.raj.naidu@gmail.com,Karthick ,,Bengaluru,,1,$7.05,,pending,Chicken Biryani (Qty: 3)
kWHPPXeJLnprxaW8TF9g,"Jul 23, 2021, 02:29 PM",Arvind Naidu,arvind.raj.naidu@gmail.com,Onkar Singh,,New Delhi,,2,$7.23,,pending,Chicken Roll (Qty: 2); Tandoori Broccoli Roll (Qty: 1)
FT74YmhcStQVdMTWEVZj,"Jul 23, 2021, 01:21 PM",Arvind Naidu,arvind.raj.naidu@gmail.com,Suman’s Mom,,Hyderabad,,2,$7.00,,pending,Falafel Shawarma (Qty: 2); Paneer Shawarma (Qty: 1)
BVXMX31gtXAjnquOTEjF,"Jul 23, 2021, 12:28 PM",Arvind Naidu,arvind.raj.naidu@gmail.com,Onkar Singh,,New Delhi,,1,$15.34,,pending,Subz-E-Falafel (Classic Veg Falafel Biryani - Serves 4-5) (Qty: 1)
wbkxEEw7D5IRTRAfXtsS,"Jul 22, 2021, 11:28 PM",Arvind Naidu,arvind.raj.naidu@gmail.com,Anjiah,,Chennai,,1,$7.01,,pending,Paneer Briyani (Qty: 2)
nNWcwz8lX8M6A5UCHXeG,"Jul 22, 2021, 10:43 PM",Prasanna Vinjamuri,pvinjamuri@gmail.com,Test 2,,Chennai,,2,$6.04,,dispatched,SAMBAR VADA (Qty: 2); Upma (Qty: 2)
ZiVjXGr0SBLBHNx2JobP,"Jul 22, 2021, 10:30 PM",Arvind Naidu,arvind.raj.naidu@gmail.com,Anjiah,,Chennai,,1,$2.34,,dispatched,Curd Vada (Qty: 2)
1sUbQZo8R2QXgzUUMcWh,"Jul 22, 2021, 10:07 PM",Arvind Naidu,arvind.raj.naidu@gmail.com,Anjiah,,Chennai,,1,$3.67,,pending,Thatte Idli (Qty: 4)
jfVpncDWiC4ztAIb5NhA,"Jul 22, 2021, 03:22 PM",Arvind Naidu,arvind.raj.naidu@gmail.com,Onkar Singh,,New Delhi,,1,$1.55,,pending,Murgh Anda Biryani (Qty: 1)
EvAkcFRsHE1O0kKFyeHl,"Jul 20, 2021, 02:15 PM",Arvind Naidu,arvind.raj.naidu@gmail.com,Onkar Singh,,New Delhi,,0,$0.00,,cancelled,
B9WEDql6cddwWxppd8Du,"Jul 20, 2021, 02:06 PM",Arvind Naidu,arvind.raj.naidu@gmail.com,Suman’s Mom,,Hyderabad,,0,$0.00,,cancelled,
aLzQ96w7gV0MzsagQgwC,"Jul 20, 2021, 01:51 PM",Arvind Naidu,arvind.raj.naidu@gmail.com,Suman’s Mom,,Hyderabad,,0,$0.00,,cancelled,
cLi7x7mFdrvM1Ovz8HZL,"Jul 20, 2021, 12:43 PM",Arvind Naidu,arvind.raj.naidu@gmail.com,Onkar Singh,,New Delhi,,0,$0.00,,pending,
4SKA7WDfWxnbp7U60zja,"Jul 20, 2021, 11:00 AM",Arvind Naidu,arvind.raj.naidu@gmail.com,Suman’s Mom,,Hyderabad,,0,$0.00,,pending,
UGmMVj0PH7MS8SuB2eLU,"Jul 20, 2021, 10:17 AM",Arvind Naidu,arvind.raj.naidu@gmail.com,Onkar Singh,,New Delhi,,0,$0.00,,pending,
6eFndDM88eTzFUS9GCdP,"Jul 19, 2021, 10:52 PM",Arvind Naidu,arvind.raj.naidu@gmail.com,Anjiah,,Chennai,,0,$0.00,,pending,
9gqTwCMLtXREQyApFTnN,"Jul 16, 2021, 05:39 PM",Arvind Naidu,arvind.raj.naidu@gmail.com,Suman’s Mom,,Hyderabad,,0,$0.00,,pending,
lqZzFfWXZQNgE1NI9XWQ,"Jul 15, 2021, 10:02 AM",Arvind Naidu,arvind.raj.naidu@gmail.com,Onkar Singh,,New Delhi,,0,$0.00,,pending,
lx221xdiNRnsYIllsHUZ,"Jul 15, 2021, 09:58 AM",Arvind Naidu,arvind.raj.naidu@gmail.com,Onkar Singh,,New Delhi,,0,$0.00,,pending,
GLx8n6Jn0OQjAvq850Bt,"Jul 15, 2021, 08:10 AM",Arvind Naidu,arvind.raj.naidu@gmail.com,Anjiah,,Chennai,,0,$0.00,,pending,
ZRNZytsfl2j8lNsVXlv9,"Jul 8, 2021, 09:30 AM",Arvind Naidu,arvind.raj.naidu@gmail.com,Onkar Singh,,New Delhi,,0,$0.00,,pending,
X65C84x7B8hQa3TCG2aU,"Jul 7, 2021, 10:48 PM",Arvind Naidu,arvind.raj.naidu@gmail.com,Anjiah,,Chennai,,0,$0.00,,pending,
5WuCS3n5z5vMINu14blM,"Jul 7, 2021, 09:56 PM",Arvind Naidu,arvind.raj.naidu@gmail.com,Anjiah,,Chennai,,0,$0.00,,pending,
SlLlvEXeIX1UDIJKns2p,"Jul 7, 2021, 09:52 PM",Arvind Naidu,arvind.raj.naidu@gmail.com,Anjiah,,Chennai,,0,$0.00,,pending,